# amdfq op table (gen_ops.py) from frozen.log, stream of T=405921,406641,406787
# seq<TAB>kind<TAB>size<TAB>slot<TAB>flags<TAB>ret<TAB>t
# kind M = hipMalloc, H = hipHostMalloc, F = hipFree(slot)
# for M/H slot is the op's own id; for F it is the slot that was freed
# t = the hook's clock for that op, in seconds since the run's first log line
4	M	2097152	0	0x0	0	4.999535
5	M	20971520	1	0x0	0	5.048850
6	M	2097152	2	0x0	0	5.049976
7	M	20971520	3	0x0	0	5.062641
8	M	20971520	4	0x0	0	5.077102
9	M	2097152	5	0x0	0	5.084822
10	M	20971520	6	0x0	0	5.092424
11	M	20971520	7	0x0	0	5.106924
12	M	20971520	8	0x0	0	5.121049
13	M	20971520	9	0x0	0	5.135376
14	M	2097152	10	0x0	0	5.158390
15	M	2097152	11	0x0	0	5.160159
16	M	20971520	12	0x0	0	5.161411
17	F	20971520	1	0x0	0	9.518052
18	F	20971520	3	0x0	0	9.518121
19	F	20971520	4	0x0	0	9.518166
20	F	20971520	6	0x0	0	9.518209
21	F	20971520	7	0x0	0	9.518257
22	F	20971520	8	0x0	0	9.518299
23	F	20971520	9	0x0	0	9.518343
24	F	20971520	12	0x0	0	9.518385
25	F	2097152	0	0x0	0	9.518390
26	F	2097152	2	0x0	0	9.518394
27	F	2097152	5	0x0	0	9.518398
28	F	2097152	10	0x0	0	9.518482
29	F	2097152	11	0x0	0	9.518561
30	M	2097152	13	0x0	0	9.647118
31	M	20971520	14	0x0	0	9.650447
32	M	2097152	15	0x0	0	9.687099
33	M	20971520	16	0x0	0	9.688120
34	M	2097152	17	0x0	0	9.691708
35	M	2097152	18	0x0	0	9.693270
36	M	2097152	19	0x0	0	9.694785
37	M	2097152	20	0x0	0	9.700290
38	M	2097152	21	0x0	0	9.709646
39	M	2097152	22	0x0	0	9.711489
40	M	20971520	23	0x0	0	9.713287
41	M	2097152	24	0x0	0	9.715746
42	M	2097152	25	0x0	0	9.726168
43	M	2097152	26	0x0	0	9.727590
44	M	2097152	27	0x0	0	9.729236
45	M	2097152	28	0x0	0	9.730763
46	M	2097152	29	0x0	0	9.735898
47	M	20971520	30	0x0	0	9.736717
48	M	2097152	31	0x0	0	9.745450
49	M	2097152	32	0x0	0	9.747071
50	M	2097152	33	0x0	0	9.748607
51	M	2097152	34	0x0	0	9.753318
52	M	20971520	35	0x0	0	9.753466
53	M	20971520	36	0x0	0	9.772517
54	M	20971520	37	0x0	0	9.787072
55	M	2097152	38	0x0	0	9.801078
56	M	20971520	39	0x0	0	9.809365
57	M	2097152	40	0x0	0	9.813506
58	M	27262976	41	0x0	0	9.820123
59	M	14680064	42	0x0	0	9.839342
60	M	2097152	43	0x0	0	9.854194
61	M	20971520	44	0x0	0	9.854324
62	M	2097152	45	0x0	0	9.865671
63	M	20971520	46	0x0	0	9.869743
64	M	27262976	47	0x0	0	9.872248
65	M	2097152	48	0x0	0	9.907942
66	M	20971520	49	0x0	0	9.908028
67	M	2097152	50	0x0	0	9.918012
68	M	20971520	51	0x0	0	9.922403
69	M	27262976	52	0x0	0	9.929304
70	M	14680064	53	0x0	0	9.948293
71	M	2097152	54	0x0	0	9.959749
72	M	20971520	55	0x0	0	9.965090
73	M	2097152	56	0x0	0	9.970145
74	M	2097152	57	0x0	0	9.980600
75	M	27262976	58	0x0	0	9.980750
76	M	14680064	59	0x0	0	10.000294
77	M	20971520	60	0x0	0	10.010133
78	M	2097152	61	0x0	0	10.020174
79	M	20971520	62	0x0	0	10.022927
80	M	2097152	63	0x0	0	10.032896
81	M	27262976	64	0x0	0	10.033109
82	M	14680064	65	0x0	0	10.053311
83	M	20971520	66	0x0	0	10.070313
84	M	2097152	67	0x0	0	10.072927
85	M	2097152	68	0x0	0	10.083790
86	M	27262976	69	0x0	0	10.086455
87	M	14680064	70	0x0	0	10.105802
88	M	20971520	71	0x0	0	10.115733
89	M	2097152	72	0x0	0	10.123406
90	M	20971520	73	0x0	0	10.128970
91	M	2097152	74	0x0	0	10.137109
92	M	27262976	75	0x0	0	10.139797
93	M	14680064	76	0x0	0	10.158771
94	M	2097152	77	0x0	0	10.176312
95	M	20971520	78	0x0	0	10.178845
96	M	2097152	79	0x0	0	10.189052
97	M	27262976	80	0x0	0	10.195965
98	M	14680064	81	0x0	0	10.217186
99	M	20971520	82	0x0	0	10.228291
100	M	2097152	83	0x0	0	10.234493
101	M	20971520	84	0x0	0	10.245138
102	M	2097152	85	0x0	0	10.249236
103	M	27262976	86	0x0	0	10.255766
104	M	14680064	87	0x0	0	10.275230
105	M	2097152	88	0x0	0	10.287228
106	M	20971520	89	0x0	0	10.292709
107	M	2097152	90	0x0	0	10.298126
108	M	27262976	91	0x0	0	10.308509
109	M	14680064	92	0x0	0	10.328098
110	M	20971520	93	0x0	0	10.338733
111	M	2097152	94	0x0	0	10.347100
112	M	20971520	95	0x0	0	10.354764
113	M	2097152	96	0x0	0	10.357658
114	M	2097152	97	0x0	0	10.367423
115	M	27262976	98	0x0	0	10.367589
116	M	14680064	99	0x0	0	10.386700
117	M	20971520	100	0x0	0	10.399831
118	M	2097152	101	0x0	0	10.406893
119	M	20971520	102	0x0	0	10.413587
120	M	2097152	103	0x0	0	10.419922
121	M	27262976	104	0x0	0	10.420330
122	M	14680064	105	0x0	0	10.440708
123	M	20971520	106	0x0	0	10.458628
124	M	2097152	107	0x0	0	10.461267
125	M	2097152	108	0x0	0	10.472071
126	M	27262976	109	0x0	0	10.475152
127	M	14680064	110	0x0	0	10.493050
128	M	20971520	111	0x0	0	10.502333
129	M	2097152	112	0x0	0	10.510323
130	M	20971520	113	0x0	0	10.515690
131	M	2097152	114	0x0	0	10.523597
132	M	27262976	115	0x0	0	10.526165
133	M	14680064	116	0x0	0	10.546197
134	M	2097152	117	0x0	0	10.561794
135	M	20971520	118	0x0	0	10.564432
136	M	2097152	119	0x0	0	10.574320
137	M	27262976	120	0x0	0	10.581150
138	M	14680064	121	0x0	0	10.600617
139	M	20971520	122	0x0	0	10.610724
140	M	2097152	123	0x0	0	10.616070
141	M	20971520	124	0x0	0	10.624020
142	M	2097152	125	0x0	0	10.627707
143	M	27262976	126	0x0	0	10.634740
144	M	14680064	127	0x0	0	10.653256
145	M	2097152	128	0x0	0	10.665660
146	M	20971520	129	0x0	0	10.670961
147	M	2097152	130	0x0	0	10.676384
148	M	27262976	131	0x0	0	10.686760
149	M	14680064	132	0x0	0	10.706071
150	M	20971520	133	0x0	0	10.716173
151	M	2097152	134	0x0	0	10.719436
152	M	2097152	135	0x0	0	10.729701
153	M	20971520	136	0x0	0	10.729826
154	M	2097152	137	0x0	0	10.739867
155	M	27262976	138	0x0	0	10.740016
156	M	14680064	139	0x0	0	10.758873
157	M	20971520	140	0x0	0	10.776721
158	M	2097152	141	0x0	0	10.778927
159	M	2097152	142	0x0	0	10.791909
160	M	27262976	143	0x0	0	10.792117
161	M	14680064	144	0x0	0	10.811407
162	M	20971520	145	0x0	0	10.821293
163	M	2097152	146	0x0	0	10.831675
164	M	20971520	147	0x0	0	10.834918
165	M	2097152	148	0x0	0	10.843375
166	M	27262976	149	0x0	0	10.846052
167	M	14680064	150	0x0	0	10.865613
168	M	16777216	151	0x0	0	10.876940
169	M	31457280	152	0x0	0	10.889792
170	M	31457280	153	0x0	0	10.912258
171	M	31457280	154	0x0	0	10.937278
172	M	20971520	155	0x0	0	10.959098
173	M	2097152	156	0x0	0	10.970538
174	M	20971520	157	0x0	0	10.976255
175	M	2097152	158	0x0	0	10.983883
176	M	27262976	159	0x0	0	10.986292
177	M	14680064	160	0x0	0	11.006259
178	M	2097152	161	0x0	0	11.021572
179	M	20971520	162	0x0	0	11.021663
180	M	2097152	163	0x0	0	11.033760
181	M	20971520	164	0x0	0	11.037874
182	M	27262976	165	0x0	0	11.040406
183	M	20971520	166	0x0	0	11.072471
184	M	2097152	167	0x0	0	11.075105
185	M	2097152	168	0x0	0	11.087595
186	M	20971520	169	0x0	0	11.087726
187	M	27262976	170	0x0	0	11.093896
188	M	14680064	171	0x0	0	11.113471
189	M	2097152	172	0x0	0	11.125718
190	M	20971520	173	0x0	0	11.131002
191	M	2097152	174	0x0	0	11.136217
192	M	27262976	175	0x0	0	11.146853
193	M	14680064	176	0x0	0	11.167006
194	M	20971520	177	0x0	0	11.177475
195	M	2097152	178	0x0	0	11.180352
196	M	2097152	179	0x0	0	11.190970
197	M	20971520	180	0x0	0	11.191327
198	M	2097152	181	0x0	0	11.201637
199	M	27262976	182	0x0	0	11.201789
200	M	14680064	183	0x0	0	11.220392
201	M	20971520	184	0x0	0	11.237699
202	M	2097152	185	0x0	0	11.239901
203	M	2097152	186	0x0	0	11.253682
204	M	27262976	187	0x0	0	11.253862
205	M	14680064	188	0x0	0	11.274090
206	M	20971520	189	0x0	0	11.283529
207	M	2097152	190	0x0	0	11.293899
208	M	20971520	191	0x0	0	11.297035
209	M	2097152	192	0x0	0	11.304990
210	M	27262976	193	0x0	0	11.307445
211	M	14680064	194	0x0	0	11.328332
212	M	2097152	195	0x0	0	11.352650
213	M	20971520	196	0x0	0	11.352751
214	M	2097152	197	0x0	0	11.366291
215	M	27262976	198	0x0	0	11.369086
216	M	14680064	199	0x0	0	11.388342
217	M	20971520	200	0x0	0	11.398142
218	M	2097152	201	0x0	0	11.403600
219	M	20971520	202	0x0	0	11.412042
220	M	2097152	203	0x0	0	11.415800
221	M	27262976	204	0x0	0	11.422145
222	M	14680064	205	0x0	0	11.441425
223	M	2097152	206	0x0	0	11.456363
224	M	20971520	207	0x0	0	11.459054
225	M	2097152	208	0x0	0	11.468676
226	M	27262976	209	0x0	0	11.475815
227	M	14680064	210	0x0	0	11.495657
228	M	20971520	211	0x0	0	11.505085
229	M	2097152	212	0x0	0	11.512762
230	M	20971520	213	0x0	0	11.520732
231	M	2097152	214	0x0	0	11.523746
232	M	27262976	215	0x0	0	11.534004
233	M	14680064	216	0x0	0	11.553879
234	M	2097152	217	0x0	0	11.566987
235	M	20971520	218	0x0	0	11.567166
236	M	2097152	219	0x0	0	11.577200
237	M	20971520	220	0x0	0	11.581149
238	M	2097152	221	0x0	0	11.587991
239	M	27262976	222	0x0	0	11.588144
240	M	14680064	223	0x0	0	11.607067
241	M	20971520	224	0x0	0	11.625651
242	M	2097152	225	0x0	0	11.627983
243	M	2097152	226	0x0	0	11.641347
244	M	27262976	227	0x0	0	11.641534
245	M	14680064	228	0x0	0	11.660585
246	M	20971520	229	0x0	0	11.669964
247	M	2097152	230	0x0	0	11.680640
248	M	20971520	231	0x0	0	11.684371
249	M	2097152	232	0x0	0	11.692021
250	M	27262976	233	0x0	0	11.694474
251	M	14680064	234	0x0	0	11.712906
252	M	2097152	235	0x0	0	11.730216
253	M	20971520	236	0x0	0	11.730304
254	M	2097152	237	0x0	0	11.743421
255	M	27262976	238	0x0	0	11.746004
256	M	14680064	239	0x0	0	11.764830
257	M	20971520	240	0x0	0	11.774822
258	M	2097152	241	0x0	0	11.780204
259	M	20971520	242	0x0	0	11.788003
260	M	2097152	243	0x0	0	11.792400
261	M	27262976	244	0x0	0	11.798622
262	M	14680064	245	0x0	0	11.817963
263	M	2097152	246	0x0	0	11.833820
264	M	20971520	247	0x0	0	11.836590
265	M	2097152	248	0x0	0	11.846623
266	M	27262976	249	0x0	0	11.853411
267	M	14680064	250	0x0	0	11.872655
268	M	20971520	251	0x0	0	11.882725
269	M	2097152	252	0x0	0	11.886485
270	M	2097152	253	0x0	0	11.896851
271	M	20971520	254	0x0	0	11.896932
272	M	27262976	255	0x0	0	11.907371
273	M	14680064	256	0x0	0	11.927263
274	M	2097152	257	0x0	0	11.939439
275	M	20971520	258	0x0	0	11.944584
276	M	2097152	259	0x0	0	11.949565
277	M	2097152	260	0x0	0	11.960456
278	M	27262976	261	0x0	0	11.960609
279	M	14680064	262	0x0	0	11.980853
280	M	20971520	263	0x0	0	11.991182
281	M	2097152	264	0x0	0	12.001544
282	M	20971520	265	0x0	0	12.004455
283	M	2097152	266	0x0	0	12.014872
284	M	27262976	267	0x0	0	12.015065
285	M	14680064	268	0x0	0	12.033684
286	M	20971520	269	0x0	0	12.051615
287	M	2097152	270	0x0	0	12.059450
288	M	20971520	271	0x0	0	12.066804
289	M	2097152	272	0x0	0	12.070496
290	M	27262976	273	0x0	0	12.072855
291	M	14680064	274	0x0	0	12.092286
292	M	2097152	275	0x0	0	12.111518
293	M	20971520	276	0x0	0	12.111641
294	M	2097152	277	0x0	0	12.125371
295	M	27262976	278	0x0	0	12.127961
296	M	14680064	279	0x0	0	12.147697
297	M	20971520	280	0x0	0	12.158125
298	M	2097152	281	0x0	0	12.163792
299	M	20971520	282	0x0	0	12.171998
300	M	2097152	283	0x0	0	12.175875
301	M	27262976	284	0x0	0	12.182023
302	M	14680064	285	0x0	0	12.203706
303	M	2097152	286	0x0	0	12.218445
304	M	20971520	287	0x0	0	12.220930
305	M	2097152	288	0x0	0	12.229250
306	M	27262976	289	0x0	0	12.235912
307	M	14680064	290	0x0	0	12.253435
308	M	20971520	291	0x0	0	12.263086
309	M	2097152	292	0x0	0	12.266182
310	M	2097152	293	0x0	0	12.276242
311	M	20971520	294	0x0	0	12.276324
312	M	27262976	295	0x0	0	12.285354
313	M	14680064	296	0x0	0	12.303779
314	M	2097152	297	0x0	0	12.316839
315	M	20971520	298	0x0	0	12.322322
316	M	2097152	299	0x0	0	12.327705
317	M	2097152	300	0x0	0	12.338010
318	M	27262976	301	0x0	0	12.338162
319	M	14680064	302	0x0	0	12.358224
320	M	20971520	303	0x0	0	12.368485
321	M	2097152	304	0x0	0	12.379260
322	M	20971520	305	0x0	0	12.382603
323	M	2097152	306	0x0	0	12.393999
324	M	27262976	307	0x0	0	12.394213
325	M	14680064	308	0x0	0	12.414214
326	M	20971520	309	0x0	0	12.432864
327	M	2097152	310	0x0	0	12.435082
328	M	2097152	311	0x0	0	12.446384
329	M	27262976	312	0x0	0	12.448917
330	M	14680064	313	0x0	0	12.468718
331	M	20971520	314	0x0	0	12.478915
332	M	2097152	315	0x0	0	12.487449
333	M	20971520	316	0x0	0	12.493791
334	M	2097152	317	0x0	0	12.502309
335	M	27262976	318	0x0	0	12.505316
336	M	14680064	319	0x0	0	12.525630
337	M	2097152	320	0x0	0	12.542456
338	M	20971520	321	0x0	0	12.544215
339	M	2097152	322	0x0	0	12.554230
340	M	27262976	323	0x0	0	12.560456
341	M	14680064	324	0x0	0	12.579355
342	M	20971520	325	0x0	0	12.589286
343	M	60817408	326	0x0	0	12.591772
344	M	31457280	327	0x0	0	12.636202
345	M	60817408	328	0x0	0	12.662362
346	M	31457280	329	0x0	0	12.703945
347	M	20971520	330	0x0	0	12.725837
348	M	46137344	331	0x0	0	12.730180
349	M	31457280	332	0x0	0	12.763414
350	M	31457280	333	0x0	0	12.786814
351	M	2097152	334	0x0	0	12.807940
352	M	2097152	335	0x0	0	12.809834
353	M	2097152	336	0x0	0	12.811812
354	M	2097152	337	0x0	0	12.818105
355	M	20971520	338	0x0	0	12.823659
356	M	2097152	339	0x0	0	12.827387
357	M	2097152	340	0x0	0	12.828991
358	M	2097152	341	0x0	0	12.834992
359	M	2097152	342	0x0	0	12.843627
360	M	2097152	343	0x0	0	12.845374
361	M	2097152	344	0x0	0	12.847257
362	M	2097152	345	0x0	0	12.853288
363	M	20971520	346	0x0	0	12.859150
364	M	2097152	347	0x0	0	12.862807
365	M	2097152	348	0x0	0	12.864606
366	M	2097152	349	0x0	0	12.870923
367	M	2097152	350	0x0	0	12.879287
368	M	2097152	351	0x0	0	12.881152
369	M	2097152	352	0x0	0	12.882947
370	M	2097152	353	0x0	0	12.889026
371	M	20971520	354	0x0	0	12.894272
372	M	2097152	355	0x0	0	12.897740
373	M	2097152	356	0x0	0	12.899416
374	M	2097152	357	0x0	0	12.904749
375	M	23068672	358	0x0	0	12.913458
376	M	16777216	359	0x0	0	12.940581
377	M	20971520	360	0x0	0	12.952088
378	M	20971520	361	0x0	0	12.968190
379	M	2097152	362	0x0	0	12.984069
380	M	20971520	363	0x0	0	12.987310
381	M	2097152	364	0x0	0	12.990070
382	M	2097152	365	0x0	0	13.008820
383	M	20971520	366	0x0	0	13.008907
384	M	2097152	367	0x0	0	13.022011
385	M	27262976	368	0x0	0	13.024618
386	M	14680064	369	0x0	0	13.043296
387	M	20971520	370	0x0	0	13.053131
388	M	2097152	371	0x0	0	13.058729
389	M	20971520	372	0x0	0	13.066693
390	M	2097152	373	0x0	0	13.070313
391	M	27262976	374	0x0	0	13.077112
392	M	14680064	375	0x0	0	13.100331
393	M	2097152	376	0x0	0	13.120907
394	M	20971520	377	0x0	0	13.123733
395	M	2097152	378	0x0	0	13.133854
396	M	27262976	379	0x0	0	13.140346
397	M	14680064	380	0x0	0	13.161179
398	M	20971520	381	0x0	0	13.171621
399	M	2097152	382	0x0	0	13.174701
400	M	2097152	383	0x0	0	13.186390
401	M	20971520	384	0x0	0	13.186477
402	M	27262976	385	0x0	0	13.198555
403	M	14680064	386	0x0	0	13.216108
404	M	2097152	387	0x0	0	13.229218
405	M	20971520	388	0x0	0	13.235527
406	M	2097152	389	0x0	0	13.240993
407	M	2097152	390	0x0	0	13.250804
408	M	27262976	391	0x0	0	13.250959
409	M	14680064	392	0x0	0	13.268722
410	M	20971520	393	0x0	0	13.278131
411	M	2097152	394	0x0	0	13.288697
412	M	20971520	395	0x0	0	13.292074
413	M	2097152	396	0x0	0	13.302537
414	M	27262976	397	0x0	0	13.302740
415	M	14680064	398	0x0	0	13.322517
416	M	20971520	399	0x0	0	13.338717
417	M	2097152	400	0x0	0	13.341327
418	M	2097152	401	0x0	0	13.353063
419	M	27262976	402	0x0	0	13.355671
420	M	14680064	403	0x0	0	13.376136
421	M	20971520	404	0x0	0	13.386177
422	M	2097152	405	0x0	0	13.394044
423	M	20971520	406	0x0	0	13.399546
424	M	2097152	407	0x0	0	13.407422
425	M	27262976	408	0x0	0	13.409914
426	M	14680064	409	0x0	0	13.428697
427	M	2097152	410	0x0	0	13.443385
428	M	20971520	411	0x0	0	13.445887
429	M	2097152	412	0x0	0	13.454975
430	M	27262976	413	0x0	0	13.461463
431	M	14680064	414	0x0	0	13.480984
432	M	20971520	415	0x0	0	13.491280
433	M	2097152	416	0x0	0	13.496562
434	M	20971520	417	0x0	0	13.504751
435	M	2097152	418	0x0	0	13.508644
436	M	27262976	419	0x0	0	13.515184
437	M	14680064	420	0x0	0	13.535472
438	M	31457280	421	0x0	0	13.548265
439	M	31457280	422	0x0	0	13.572178
440	M	31457280	423	0x0	0	13.593706
441	M	31457280	424	0x0	0	13.618106
442	M	77594624	425	0x0	0	13.799834
443	M	20971520	426	0x0	0	13.858737
444	M	2097152	427	0x0	0	13.866825
445	M	2097152	428	0x0	0	13.881410
446	M	20971520	429	0x0	0	13.881632
447	M	2097152	430	0x0	0	13.904380
448	M	20971520	431	0x0	0	13.905436
449	M	2097152	432	0x0	0	13.926121
450	M	20971520	433	0x0	0	13.928257
451	M	2097152	434	0x0	0	13.947482
452	M	20971520	435	0x0	0	13.951009
453	M	2097152	436	0x0	0	13.962585
454	M	20971520	437	0x0	0	13.974589
455	M	2097152	438	0x0	0	13.984997
456	M	127926272	439	0x0	0	14.005656
457	M	20971520	440	0x0	0	14.321455
458	M	2097152	441	0x0	0	14.330215
459	M	14680064	442	0x0	0	14.333133
460	M	14680064	443	0x0	0	14.342853
461	M	20971520	444	0x0	0	14.357748
462	M	2097152	445	0x0	0	14.360417
463	M	14680064	446	0x0	0	14.372872
464	M	20971520	447	0x0	0	14.382945
465	M	2097152	448	0x0	0	14.390387
466	M	14680064	449	0x0	0	14.393073
467	M	14680064	450	0x0	0	14.402612
468	M	20971520	451	0x0	0	14.417942
469	M	2097152	452	0x0	0	14.420655
470	M	14680064	453	0x0	0	14.433611
471	M	20971520	454	0x0	0	14.443834
472	M	2097152	455	0x0	0	14.452082
473	M	14680064	456	0x0	0	14.454671
474	M	14680064	457	0x0	0	14.464044
475	M	20971520	458	0x0	0	14.478979
476	M	2097152	459	0x0	0	14.481955
477	M	14680064	460	0x0	0	14.493944
478	M	20971520	461	0x0	0	14.503156
479	M	2097152	462	0x0	0	14.511199
480	M	14680064	463	0x0	0	14.513949
481	M	14680064	464	0x0	0	14.524227
482	M	20971520	465	0x0	0	14.539083
483	M	2097152	466	0x0	0	14.541958
484	M	14680064	467	0x0	0	14.554325
485	M	20971520	468	0x0	0	14.563640
486	M	2097152	469	0x0	0	14.571637
487	M	14680064	470	0x0	0	14.574347
488	M	14680064	471	0x0	0	14.583387
489	M	20971520	472	0x0	0	14.598339
490	M	2097152	473	0x0	0	14.600573
491	M	14680064	474	0x0	0	14.605585
492	M	20971520	475	0x0	0	14.609001
493	M	2097152	476	0x0	0	14.615450
494	M	14680064	477	0x0	0	14.618162
495	M	14680064	478	0x0	0	14.625973
496	M	20971520	479	0x0	0	14.637371
497	M	2097152	480	0x0	0	14.639528
498	M	14680064	481	0x0	0	14.650405
499	M	20971520	482	0x0	0	14.658596
500	M	2097152	483	0x0	0	14.663746
501	M	14680064	484	0x0	0	14.666188
502	M	14680064	485	0x0	0	14.672617
503	M	20971520	486	0x0	0	14.686816
504	M	2097152	487	0x0	0	14.689824
505	M	14680064	488	0x0	0	14.699979
506	M	20971520	489	0x0	0	14.709786
507	M	2097152	490	0x0	0	14.719376
508	M	14680064	491	0x0	0	14.720817
509	M	14680064	492	0x0	0	14.730108
510	M	20971520	493	0x0	0	14.742709
511	M	2097152	494	0x0	0	14.745974
512	M	14680064	495	0x0	0	14.756715
513	M	20971520	496	0x0	0	14.765195
514	M	2097152	497	0x0	0	14.772021
515	M	14680064	498	0x0	0	14.774791
516	M	14680064	499	0x0	0	14.782899
517	M	20971520	500	0x0	0	14.795560
518	M	2097152	501	0x0	0	14.797050
519	M	14680064	502	0x0	0	14.806921
520	M	20971520	503	0x0	0	14.815662
521	M	2097152	504	0x0	0	14.822987
522	M	14680064	505	0x0	0	14.825790
523	M	14680064	506	0x0	0	14.833067
524	M	20971520	507	0x0	0	14.844589
525	M	2097152	508	0x0	0	14.847206
526	M	14680064	509	0x0	0	14.853208
527	M	20971520	510	0x0	0	14.856470
528	M	2097152	511	0x0	0	14.861129
529	M	14680064	512	0x0	0	14.862275
530	M	14680064	513	0x0	0	14.870848
531	M	20971520	514	0x0	0	14.883204
532	M	2097152	515	0x0	0	14.885075
533	M	14680064	516	0x0	0	14.896413
534	M	20971520	517	0x0	0	14.904789
535	M	2097152	518	0x0	0	14.910805
536	M	14680064	519	0x0	0	14.912597
537	M	14680064	520	0x0	0	14.920717
538	M	20971520	521	0x0	0	14.935256
539	M	2097152	522	0x0	0	14.937813
540	M	14680064	523	0x0	0	14.949179
541	M	20971520	524	0x0	0	14.956751
542	M	2097152	525	0x0	0	14.965173
543	M	14680064	526	0x0	0	14.967341
544	M	14680064	527	0x0	0	14.975807
545	M	20971520	528	0x0	0	14.986559
546	M	2097152	529	0x0	0	14.988805
547	M	14680064	530	0x0	0	14.999620
548	M	20971520	531	0x0	0	15.005460
549	M	2097152	532	0x0	0	15.010649
550	M	14680064	533	0x0	0	15.012315
551	M	14680064	534	0x0	0	15.016471
552	M	20971520	535	0x0	0	15.024743
553	M	2097152	536	0x0	0	15.027224
554	M	14680064	537	0x0	0	15.035935
555	M	20971520	538	0x0	0	15.041996
556	M	2097152	539	0x0	0	15.047968
557	M	14680064	540	0x0	0	15.049326
558	M	14680064	541	0x0	0	15.057218
559	M	20971520	542	0x0	0	15.072014
560	M	2097152	543	0x0	0	15.074938
561	M	14680064	544	0x0	0	15.087340
562	M	20971520	545	0x0	0	15.095865
563	M	2097152	546	0x0	0	15.101264
564	M	14680064	547	0x0	0	15.104050
565	M	14680064	548	0x0	0	15.111651
566	M	20971520	549	0x0	0	15.126702
567	M	2097152	550	0x0	0	15.129351
568	M	14680064	551	0x0	0	15.136260
569	M	20971520	552	0x0	0	15.139941
570	H	262144	553	0x0	0	17.022411
571	H	8388608	554	0x0	0	17.024279
572	H	262144	555	0x0	0	17.027027
573	H	8388608	556	0x0	0	17.028753
574	H	262144	557	0x0	0	17.031325
575	H	8388608	558	0x0	0	17.032706
576	H	262144	559	0x0	0	17.034833
577	H	8388608	560	0x0	0	17.070251
578	H	262144	561	0x0	0	17.072995
579	H	8388608	562	0x0	0	17.074706
580	H	262144	563	0x0	0	17.077388
581	H	8388608	564	0x0	0	17.079117
582	H	262144	565	0x0	0	17.121466
583	H	8388608	566	0x0	0	17.123693
584	H	524288	567	0x0	0	17.129275
585	H	16777216	568	0x0	0	17.131639
586	H	524288	569	0x0	0	17.134357
587	M	2097152	570	0x0	0	17.134365
588	H	16777216	571	0x0	0	17.136743
589	H	524288	572	0x0	0	17.139566
590	H	16777216	573	0x0	0	17.141921
591	H	262144	574	0x0	0	17.144098
592	H	8388608	575	0x0	0	17.145277
593	H	262144	576	0x0	0	17.147262
594	H	8388608	577	0x0	0	17.148527
595	H	524288	578	0x0	0	17.151195
596	H	16777216	579	0x0	0	17.153680
597	M	26214400	580	0x0	0	17.158308
598	H	524288	581	0x0	0	17.158593
599	H	16777216	582	0x0	0	17.161403
600	M	79691776	583	0x0	0	17.161411
601	H	524288	584	0x0	0	17.163861
602	H	16777216	585	0x0	0	17.166022
603	H	262144	586	0x0	0	17.183782
604	H	8388608	587	0x0	0	17.186468
605	H	524288	588	0x0	0	17.191504
606	H	16777216	589	0x0	0	17.196285
607	H	524288	590	0x0	0	17.200741
608	H	16777216	591	0x0	0	17.204165
609	H	262144	592	0x0	0	17.207921
610	H	8388608	593	0x0	0	17.209304
611	H	524288	594	0x0	0	17.212676
612	H	16777216	595	0x0	0	17.215794
613	H	524288	596	0x0	0	17.219667
614	H	16777216	597	0x0	0	17.224183
615	H	524288	598	0x0	0	17.227872
616	H	16777216	599	0x0	0	17.231198
617	H	262144	600	0x0	0	17.234855
618	H	8388608	601	0x0	0	17.236682
619	H	524288	602	0x0	0	17.238862
620	H	16777216	603	0x0	0	17.241996
621	H	262144	604	0x0	0	17.246123
622	H	8388608	605	0x0	0	17.247479
623	H	262144	606	0x0	0	17.249439
624	H	8388608	607	0x0	0	17.250592
625	H	262144	608	0x0	0	17.252454
626	H	8388608	609	0x0	0	17.253671
627	H	262144	610	0x0	0	17.255808
628	H	8388608	611	0x0	0	17.257566
629	H	262144	612	0x0	0	17.267872
630	H	8388608	613	0x0	0	17.270401
631	H	524288	614	0x0	0	17.274798
632	H	16777216	615	0x0	0	17.279006
633	H	524288	616	0x0	0	17.282287
634	H	16777216	617	0x0	0	17.285240
635	H	262144	618	0x0	0	17.287606
636	H	8388608	619	0x0	0	17.289729
637	H	524288	620	0x0	0	17.293821
638	H	16777216	621	0x0	0	17.296208
639	H	524288	622	0x0	0	17.299435
640	H	16777216	623	0x0	0	17.303254
641	H	262144	624	0x0	0	17.305738
642	H	8388608	625	0x0	0	17.306868
643	H	524288	626	0x0	0	17.341671
644	H	16777216	627	0x0	0	17.346121
645	H	262144	628	0x0	0	17.348816
646	H	8388608	629	0x0	0	17.350147
647	H	524288	630	0x0	0	17.352344
648	H	16777216	631	0x0	0	17.354768
649	H	524288	632	0x0	0	17.358499
650	H	16777216	633	0x0	0	17.361893
651	H	262144	634	0x0	0	17.364578
652	H	8388608	635	0x0	0	17.367058
653	H	262144	636	0x0	0	17.369996
654	H	8388608	637	0x0	0	17.371410
655	M	2097152	638	0x0	0	17.493441
656	M	2097152	639	0x0	0	17.554411
657	M	2097152	640	0x0	0	17.564720
658	M	2097152	641	0x0	0	17.568722
659	M	2097152	642	0x0	0	17.572382
660	M	2097152	643	0x0	0	17.598593
661	M	2097152	644	0x0	0	17.598713
662	M	2097152	645	0x0	0	17.598819
663	M	2097152	646	0x0	0	17.598910
664	M	2097152	647	0x0	0	17.599002
665	M	2097152	648	0x0	0	17.600969
666	M	2097152	649	0x0	0	17.601423
667	M	2097152	650	0x0	0	17.601861
668	M	2097152	651	0x0	0	17.602309
669	M	2097152	652	0x0	0	17.602713
670	M	2097152	653	0x0	0	17.619900
671	M	2097152	654	0x0	0	17.621803
672	M	2097152	655	0x0	0	17.623643
673	M	2097152	656	0x0	0	17.625710
674	M	2097152	657	0x0	0	17.627660
675	M	2097152	658	0x0	0	17.628679
676	M	2097152	659	0x0	0	17.630458
677	M	2097152	660	0x0	0	17.631443
678	M	2097152	661	0x0	0	17.632493
679	M	2097152	662	0x0	0	17.633568
680	M	2097152	663	0x0	0	17.634559
681	M	2097152	664	0x0	0	17.635544
682	M	2097152	665	0x0	0	17.636577
683	M	2097152	666	0x0	0	17.638346
684	M	2097152	667	0x0	0	17.639331
685	M	2097152	668	0x0	0	17.640367
686	M	2097152	669	0x0	0	17.641418
687	M	2097152	670	0x0	0	17.642531
688	M	2097152	671	0x0	0	17.643564
689	M	2097152	672	0x0	0	17.644582
690	M	2097152	673	0x0	0	17.646368
691	M	2097152	674	0x0	0	17.647379
692	M	2097152	675	0x0	0	17.648513
693	M	20971520	676	0x0	0	17.649340
694	M	20971520	677	0x0	0	17.649570
695	M	33554432	678	0x0	0	17.718182
696	M	26214400	679	0x0	0	17.718301
697	M	26214400	680	0x0	0	17.719574
698	F	20971520	677	0x0	0	18.375141
699	F	2097152	640	0x0	0	18.375189
700	F	2097152	641	0x0	0	18.375196
701	F	2097152	642	0x0	0	18.375201
702	F	2097152	643	0x0	0	18.375205
703	F	2097152	644	0x0	0	18.375209
704	F	2097152	645	0x0	0	18.375214
705	F	2097152	646	0x0	0	18.375217
706	F	2097152	647	0x0	0	18.375221
707	F	2097152	673	0x0	0	18.375227
708	F	2097152	674	0x0	0	18.375232
709	F	2097152	675	0x0	0	18.375236
710	M	39845888	681	0x0	0	18.525106
711	M	39845888	682	0x0	0	18.525272
712	M	41943040	683	0x0	0	18.557616
713	F	41943040	683	0x0	0	18.596533
714	M	41943040	684	0x0	0	18.596613
715	M	41943040	685	0x0	0	18.610830
716	F	39845888	682	0x0	0	18.614979
717	F	41943040	685	0x0	0	18.615037
718	M	27262976	686	0x0	0	18.615097
719	F	27262976	686	0x0	0	18.618130
720	M	20971520	687	0x0	0	18.618410
721	M	27262976	688	0x0	0	18.618638
722	F	20971520	687	0x0	0	18.621241
723	F	27262976	688	0x0	0	18.621289
724	M	27262976	689	0x0	0	18.621330
725	F	27262976	689	0x0	0	18.622169
726	M	20971520	690	0x0	0	18.622381
727	M	20971520	691	0x0	0	18.622504
728	M	20971520	692	0x0	0	18.720136
729	M	20971520	693	0x0	0	18.720812
730	M	20971520	694	0x0	0	18.723852
731	M	20971520	695	0x0	0	18.723997
732	M	79691776	696	0x0	0	18.725887
733	M	39845888	697	0x0	0	18.726117
734	M	39845888	698	0x0	0	18.726250
735	M	39845888	699	0x0	0	18.730458
736	F	20971520	693	0x0	0	18.744102
737	F	20971520	694	0x0	0	18.744154
738	F	20971520	695	0x0	0	18.744198
739	F	39845888	698	0x0	0	18.744240
740	F	39845888	699	0x0	0	18.744303
741	F	79691776	696	0x0	0	18.744339
742	M	39845888	700	0x0	0	18.745280
743	F	39845888	700	0x0	0	18.747928
744	M	39845888	701	0x0	0	18.747976
745	F	39845888	701	0x0	0	18.748924
746	M	20971520	702	0x0	0	18.749525
747	M	20971520	703	0x0	0	18.750696
748	M	39845888	704	0x0	0	18.752340
749	M	20971520	705	0x0	0	18.754124
750	M	20971520	706	0x0	0	18.757384
751	M	20971520	707	0x0	0	18.763695
752	M	2097152	708	0x0	0	18.768695
753	M	20971520	709	0x0	0	18.769170
754	M	20971520	710	0x0	0	18.769244
755	M	2097152	711	0x0	0	18.770682
756	M	2097152	712	0x0	0	18.772314
757	M	2097152	713	0x0	0	18.773962
758	M	2097152	714	0x0	0	18.775613
759	M	2097152	715	0x0	0	18.777238
760	M	2097152	716	0x0	0	18.777437
761	M	20971520	717	0x0	0	18.777965
762	M	2097152	718	0x0	0	18.779284
763	M	2097152	719	0x0	0	18.780879
764	M	2097152	720	0x0	0	18.782576
765	M	2097152	721	0x0	0	18.784351
766	M	20971520	722	0x0	0	18.786220
767	M	2097152	723	0x0	0	18.786736
768	M	2097152	724	0x0	0	18.787057
769	M	39845888	725	0x0	0	18.787482
770	M	20971520	726	0x0	0	18.787634
771	M	20971520	727	0x0	0	18.787763
772	M	2097152	728	0x0	0	18.789162
773	M	2097152	729	0x0	0	18.790763
774	M	2097152	730	0x0	0	18.792571
775	M	2097152	731	0x0	0	18.794360
776	M	2097152	732	0x0	0	18.794647
777	M	2097152	733	0x0	0	18.796455
778	M	20971520	734	0x0	0	18.796952
779	M	2097152	735	0x0	0	18.798338
780	M	2097152	736	0x0	0	18.800077
781	M	2097152	737	0x0	0	18.801778
782	M	2097152	738	0x0	0	18.802083
783	M	2097152	739	0x0	0	18.804563
784	M	20971520	740	0x0	0	18.805044
785	M	46137344	741	0x0	0	18.805961
786	F	39845888	725	0x0	0	18.826386
787	F	46137344	741	0x0	0	18.826429
788	F	2097152	739	0x0	0	18.826451
789	M	46137344	742	0x0	0	18.826483
790	F	20971520	726	0x0	0	18.828889
791	F	20971520	740	0x0	0	18.828936
792	F	46137344	742	0x0	0	18.828978
793	M	20971520	743	0x0	0	18.829405
794	M	20971520	744	0x0	0	18.830118
795	M	2097152	745	0x0	0	18.830539
796	M	2097152	746	0x0	0	18.830697
797	M	39845888	747	0x0	0	18.831261
798	M	20971520	748	0x0	0	18.831355
799	M	2097152	749	0x0	0	18.832572
800	M	2097152	750	0x0	0	18.834289
801	M	2097152	751	0x0	0	18.835829
802	M	2097152	752	0x0	0	18.836149
803	M	20971520	753	0x0	0	18.836647
804	M	2097152	754	0x0	0	18.838018
805	M	2097152	755	0x0	0	18.839585
806	M	2097152	756	0x0	0	18.841311
807	M	2097152	757	0x0	0	18.843150
808	M	2097152	758	0x0	0	18.843456
809	M	20971520	759	0x0	0	18.843932
810	M	2097152	760	0x0	0	18.845350
811	M	2097152	761	0x0	0	18.846943
812	M	46137344	762	0x0	0	18.847841
813	M	2097152	763	0x0	0	18.849567
814	M	2097152	764	0x0	0	18.851461
815	M	2097152	765	0x0	0	18.851763
816	M	2097152	766	0x0	0	18.853521
817	M	2097152	767	0x0	0	18.855157
818	M	2097152	768	0x0	0	18.856939
819	M	2097152	769	0x0	0	18.858745
820	M	2097152	770	0x0	0	18.860367
821	M	2097152	771	0x0	0	18.860714
822	M	20971520	772	0x0	0	18.861212
823	M	2097152	773	0x0	0	18.862634
824	M	2097152	774	0x0	0	18.864237
825	M	2097152	775	0x0	0	18.866000
826	F	46137344	762	0x0	0	18.878568
827	M	33554432	776	0x0	0	18.878636
828	F	33554432	776	0x0	0	18.880723
829	F	39845888	747	0x0	0	18.880772
830	M	20971520	777	0x0	0	18.880953
831	M	20971520	778	0x0	0	18.881231
832	M	20971520	779	0x0	0	18.881873
833	M	2097152	780	0x0	0	18.882362
834	M	2097152	781	0x0	0	18.882557
835	M	39845888	782	0x0	0	18.882991
836	M	20971520	783	0x0	0	18.883166
837	M	2097152	784	0x0	0	18.884499
838	M	2097152	785	0x0	0	18.886017
839	M	20971520	786	0x0	0	18.886601
840	M	2097152	787	0x0	0	18.887943
841	M	2097152	788	0x0	0	18.889642
842	M	2097152	789	0x0	0	18.889936
843	M	2097152	790	0x0	0	18.891727
844	M	2097152	791	0x0	0	18.893358
845	M	2097152	792	0x0	0	18.895049
846	M	20971520	793	0x0	0	18.895731
847	M	2097152	794	0x0	0	18.897065
848	M	2097152	795	0x0	0	18.898726
849	M	2097152	796	0x0	0	18.899057
850	M	90177536	797	0x0	0	18.905066
851	F	20971520	793	0x0	0	18.905213
852	F	90177536	797	0x0	0	18.905258
853	F	2097152	796	0x0	0	18.905278
854	M	90177536	798	0x0	0	18.905310
855	M	60817408	799	0x0	0	18.905721
856	M	62914560	800	0x0	0	18.906078
857	F	60817408	799	0x0	0	18.908881
858	F	62914560	800	0x0	0	18.908928
859	M	62914560	801	0x0	0	18.909045
860	F	62914560	801	0x0	0	18.911691
861	F	90177536	798	0x0	0	18.911738
862	M	20971520	802	0x0	0	18.911888
863	M	20971520	803	0x0	0	18.911988
864	M	20971520	804	0x0	0	18.912016
865	M	20971520	805	0x0	0	18.912310
866	M	20971520	806	0x0	0	18.912675
867	M	20971520	807	0x0	0	18.913060
868	M	20971520	808	0x0	0	18.913108
869	M	79691776	809	0x0	0	18.914045
870	M	39845888	810	0x0	0	18.914213
871	M	39845888	811	0x0	0	18.914342
872	M	2097152	812	0x0	0	18.915979
873	F	20971520	807	0x0	0	18.921742
874	F	20971520	808	0x0	0	18.921792
875	F	39845888	811	0x0	0	18.921831
876	F	79691776	809	0x0	0	18.921867
877	F	2097152	812	0x0	0	18.921885
878	M	46137344	813	0x0	0	18.921918
879	F	20971520	806	0x0	0	18.924087
880	F	39845888	810	0x0	0	18.924133
881	F	46137344	813	0x0	0	18.924173
882	M	20971520	814	0x0	0	18.924357
883	M	20971520	815	0x0	0	18.924387
884	M	20971520	816	0x0	0	18.924647
885	M	20971520	817	0x0	0	18.924987
886	M	20971520	818	0x0	0	18.925350
887	M	20971520	819	0x0	0	18.925394
888	M	2097152	820	0x0	0	18.925938
889	M	79691776	821	0x0	0	18.926445
890	M	39845888	822	0x0	0	18.926610
891	M	39845888	823	0x0	0	18.926730
892	F	20971520	818	0x0	0	18.933974
893	F	20971520	819	0x0	0	18.934025
894	F	39845888	823	0x0	0	18.934082
895	F	79691776	821	0x0	0	18.934123
896	F	2097152	820	0x0	0	18.934141
897	M	35651584	824	0x0	0	18.934173
898	F	20971520	817	0x0	0	18.936035
899	F	35651584	824	0x0	0	18.936078
900	F	39845888	822	0x0	0	18.936118
901	M	20971520	825	0x0	0	18.936302
902	M	20971520	826	0x0	0	18.936335
903	M	20971520	827	0x0	0	18.936603
904	M	2097152	828	0x0	0	18.936815
905	M	20971520	829	0x0	0	18.936977
906	M	20971520	830	0x0	0	18.937347
907	M	20971520	831	0x0	0	18.937397
908	M	79691776	832	0x0	0	18.938373
909	M	39845888	833	0x0	0	18.938547
910	M	39845888	834	0x0	0	18.938669
911	M	178257920	835	0x0	0	18.940745
912	F	20971520	827	0x0	0	18.946072
913	F	20971520	829	0x0	0	18.946117
914	F	20971520	830	0x0	0	18.946157
915	F	20971520	831	0x0	0	18.946195
916	F	178257920	835	0x0	0	18.946232
917	M	178257920	836	0x0	0	18.946271
918	M	119537664	837	0x0	0	18.946670
919	M	119537664	838	0x0	0	18.946819
920	M	85983232	839	0x0	0	18.947040
921	F	20971520	786	0x0	0	18.950648
922	F	85983232	839	0x0	0	18.950695
923	F	178257920	836	0x0	0	18.950735
924	M	85983232	840	0x0	0	18.950779
925	F	85983232	840	0x0	0	18.954054
926	F	119537664	838	0x0	0	18.954109
927	M	79691776	841	0x0	0	18.954420
928	M	62914560	842	0x0	0	18.954632
929	F	62914560	842	0x0	0	18.957245
930	M	62914560	843	0x0	0	18.957296
931	F	62914560	843	0x0	0	18.959961
932	M	79691776	844	0x0	0	18.960264
933	M	33554432	845	0x0	0	19.040831
934	M	26214400	846	0x0	0	19.040876
935	M	26214400	847	0x0	0	19.042163
936	F	2097152	708	0x0	0	19.058208
937	F	2097152	711	0x0	0	19.058226
938	F	2097152	712	0x0	0	19.058231
939	F	2097152	713	0x0	0	19.058235
940	F	2097152	714	0x0	0	19.058241
941	F	2097152	715	0x0	0	19.058245
942	F	2097152	716	0x0	0	19.058249
943	F	2097152	718	0x0	0	19.058253
944	F	2097152	719	0x0	0	19.058257
945	F	2097152	720	0x0	0	19.058261
946	F	2097152	721	0x0	0	19.058265
947	F	2097152	723	0x0	0	19.058269
948	F	2097152	724	0x0	0	19.058273
949	F	2097152	728	0x0	0	19.058278
950	F	2097152	729	0x0	0	19.058283
951	F	2097152	730	0x0	0	19.058287
952	F	2097152	731	0x0	0	19.058290
953	F	2097152	732	0x0	0	19.058294
954	F	2097152	733	0x0	0	19.058299
955	F	2097152	735	0x0	0	19.058304
956	F	2097152	736	0x0	0	19.058308
957	F	2097152	737	0x0	0	19.058316
958	F	2097152	738	0x0	0	19.058320
959	F	2097152	745	0x0	0	19.058325
960	F	2097152	746	0x0	0	19.058329
961	F	2097152	749	0x0	0	19.058333
962	F	2097152	750	0x0	0	19.058338
963	F	2097152	751	0x0	0	19.058343
964	F	2097152	752	0x0	0	19.058347
965	F	2097152	754	0x0	0	19.058352
966	F	2097152	755	0x0	0	19.058357
967	F	2097152	756	0x0	0	19.058362
968	F	2097152	757	0x0	0	19.058366
969	F	2097152	758	0x0	0	19.058371
970	F	2097152	760	0x0	0	19.058376
971	F	2097152	761	0x0	0	19.058380
972	F	2097152	763	0x0	0	19.058384
973	F	2097152	764	0x0	0	19.058389
974	F	2097152	765	0x0	0	19.058393
975	F	2097152	766	0x0	0	19.058397
976	F	2097152	767	0x0	0	19.058402
977	F	2097152	768	0x0	0	19.058407
978	F	2097152	769	0x0	0	19.058411
979	F	2097152	770	0x0	0	19.058415
980	F	2097152	771	0x0	0	19.058420
981	F	2097152	773	0x0	0	19.058425
982	F	2097152	774	0x0	0	19.058429
983	F	2097152	775	0x0	0	19.058434
984	F	2097152	780	0x0	0	19.058438
985	F	2097152	781	0x0	0	19.058442
986	F	2097152	784	0x0	0	19.058446
987	F	2097152	785	0x0	0	19.058451
988	F	2097152	787	0x0	0	19.058456
989	F	2097152	788	0x0	0	19.058460
990	F	2097152	789	0x0	0	19.058465
991	F	2097152	790	0x0	0	19.058470
992	F	2097152	791	0x0	0	19.058475
993	F	2097152	792	0x0	0	19.058480
994	F	2097152	794	0x0	0	19.058484
995	F	2097152	795	0x0	0	19.058488
996	F	2097152	828	0x0	0	19.058494
997	M	79691776	848	0x0	0	19.064377
998	M	62914560	849	0x0	0	19.064776
999	F	62914560	849	0x0	0	19.067635
1000	M	62914560	850	0x0	0	19.067700
1001	M	26214400	851	0x0	0	19.068016
1002	M	39845888	852	0x0	0	19.069444
1003	M	39845888	853	0x0	0	19.069597
1004	M	41943040	854	0x0	0	19.069893
1005	F	41943040	854	0x0	0	19.072553
1006	M	41943040	855	0x0	0	19.072604
1007	F	41943040	855	0x0	0	19.073566
1008	M	41943040	856	0x0	0	19.199326
1009	F	41943040	856	0x0	0	19.205314
1010	M	41943040	857	0x0	0	19.205377
1011	F	39845888	852	0x0	0	19.225723
1012	F	41943040	857	0x0	0	19.225776
1013	F	62914560	850	0x0	0	19.225817
1014	M	62914560	858	0x0	0	19.225870
1015	M	79691776	859	0x0	0	19.226083
1016	M	79691776	860	0x0	0	19.226237
1017	M	119537664	861	0x0	0	19.227784
1018	M	119537664	862	0x0	0	19.228006
1019	M	85983232	863	0x0	0	19.228260
1020	F	79691776	841	0x0	0	19.240551
1021	F	79691776	844	0x0	0	19.240604
1022	F	79691776	859	0x0	0	19.240650
1023	F	79691776	860	0x0	0	19.240694
1024	F	85983232	863	0x0	0	19.240740
1025	M	85983232	864	0x0	0	19.240786
1026	F	39845888	834	0x0	0	19.244402
1027	M	41943040	865	0x0	0	19.244649
1028	M	85983232	866	0x0	0	19.249365
1029	F	41943040	865	0x0	0	19.255264
1030	F	85983232	866	0x0	0	19.255312
1031	M	85983232	867	0x0	0	19.255351
1032	M	119537664	868	0x0	0	19.255437
1033	M	119537664	869	0x0	0	19.255488
1034	M	178257920	870	0x0	0	19.255676
1035	F	79691776	832	0x0	0	19.261020
1036	F	85983232	864	0x0	0	19.261061
1037	F	85983232	867	0x0	0	19.261116
1038	F	119537664	837	0x0	0	19.261158
1039	F	119537664	861	0x0	0	19.261198
1040	F	119537664	868	0x0	0	19.261236
1041	F	119537664	869	0x0	0	19.261273
1042	F	178257920	870	0x0	0	19.261310
1043	M	178257920	871	0x0	0	19.261409
1044	M	79691776	872	0x0	0	19.263343
1045	M	79691776	873	0x0	0	19.265153
1046	M	39845888	874	0x0	0	19.265246
1047	M	39845888	875	0x0	0	19.265287
1048	M	39845888	876	0x0	0	19.265599
1049	M	39845888	877	0x0	0	19.265633
1050	M	39845888	878	0x0	0	19.321588
1051	F	20971520	825	0x0	0	19.340372
1052	F	20971520	826	0x0	0	19.340429
1053	F	39845888	876	0x0	0	19.340472
1054	F	39845888	877	0x0	0	19.340510
1055	F	39845888	878	0x0	0	19.340550
1056	F	62914560	858	0x0	0	19.340592
1057	F	79691776	872	0x0	0	19.340630
1058	F	79691776	873	0x0	0	19.340668
1059	F	178257920	871	0x0	0	19.340707
1060	M	27262976	879	0x0	0	19.341175
1061	F	27262976	879	0x0	0	19.343845
1062	M	27262976	880	0x0	0	19.343894
1063	M	46137344	881	0x0	0	19.344358
1064	F	46137344	881	0x0	0	19.344846
1065	M	46137344	882	0x0	0	19.344877
1066	M	67108864	883	0x0	0	19.345246
1067	F	46137344	882	0x0	0	19.346154
1068	F	67108864	883	0x0	0	19.346195
1069	M	67108864	884	0x0	0	19.346224
1070	M	79691776	885	0x0	0	19.348041
1071	M	39845888	886	0x0	0	19.348149
1072	M	39845888	887	0x0	0	19.348425
1073	M	39845888	888	0x0	0	19.348456
1074	F	20971520	814	0x0	0	19.375654
1075	F	20971520	815	0x0	0	19.375706
1076	F	20971520	816	0x0	0	19.375744
1077	F	39845888	886	0x0	0	19.375783
1078	F	39845888	887	0x0	0	19.375820
1079	F	39845888	888	0x0	0	19.375857
1080	F	67108864	884	0x0	0	19.375891
1081	F	79691776	885	0x0	0	19.375926
1082	M	46137344	889	0x0	0	19.376035
1083	F	46137344	889	0x0	0	19.378296
1084	M	46137344	890	0x0	0	19.378446
1085	M	90177536	891	0x0	0	19.378743
1086	F	39845888	875	0x0	0	19.379557
1087	F	46137344	890	0x0	0	19.379597
1088	F	90177536	891	0x0	0	19.379632
1089	M	90177536	892	0x0	0	19.379662
1090	M	20971520	893	0x0	0	19.381397
1091	M	79691776	894	0x0	0	19.381470
1092	M	39845888	895	0x0	0	19.381544
1093	M	39845888	896	0x0	0	19.381578
1094	M	39845888	897	0x0	0	19.381838
1095	M	39845888	898	0x0	0	19.381868
1096	M	60817408	899	0x0	0	19.386756
1097	M	62914560	900	0x0	0	19.386952
1098	F	20971520	802	0x0	0	19.409180
1099	F	20971520	803	0x0	0	19.409231
1100	F	20971520	804	0x0	0	19.409267
1101	F	20971520	805	0x0	0	19.409303
1102	F	20971520	893	0x0	0	19.409403
1103	F	39845888	833	0x0	0	19.409437
1104	F	39845888	874	0x0	0	19.409472
1105	F	39845888	895	0x0	0	19.409506
1106	F	39845888	896	0x0	0	19.409539
1107	F	39845888	897	0x0	0	19.409572
1108	F	39845888	898	0x0	0	19.409608
1109	F	62914560	900	0x0	0	19.409642
1110	M	62914560	901	0x0	0	19.409680
1111	F	62914560	901	0x0	0	19.412439
1112	M	46137344	902	0x0	0	19.412587
1113	M	134217728	903	0x0	0	19.412958
1114	F	46137344	902	0x0	0	19.413736
1115	F	134217728	903	0x0	0	19.413773
1116	M	134217728	904	0x0	0	19.413804
1117	M	60817408	905	0x0	0	19.413922
1118	M	60817408	906	0x0	0	19.413973
1119	F	39845888	782	0x0	0	19.417433
1120	F	60817408	905	0x0	0	19.417476
1121	F	60817408	906	0x0	0	19.417513
1122	F	79691776	894	0x0	0	19.417549
1123	F	90177536	892	0x0	0	19.417585
1124	F	134217728	904	0x0	0	19.417618
1125	M	90177536	907	0x0	0	19.417653
1126	M	20971520	908	0x0	0	19.419653
1127	M	20971520	909	0x0	0	19.419691
1128	M	20971520	910	0x0	0	19.424254
1129	M	2097152	911	0x0	0	19.426913
1130	M	2097152	912	0x0	0	19.429983
1131	M	2097152	913	0x0	0	19.430187
1132	M	2097152	914	0x0	0	19.433243
1133	M	2097152	915	0x0	0	19.433428
1134	M	2097152	916	0x0	0	19.436461
1135	M	2097152	917	0x0	0	19.436586
1136	M	2097152	918	0x0	0	19.436749
1137	M	2097152	919	0x0	0	19.439801
1138	M	2097152	920	0x0	0	19.439999
1139	M	2097152	921	0x0	0	19.443051
1140	M	2097152	922	0x0	0	19.443241
1141	M	2097152	923	0x0	0	19.446307
1142	M	2097152	924	0x0	0	19.446443
1143	M	2097152	925	0x0	0	19.446631
1144	M	2097152	926	0x0	0	19.449712
1145	M	2097152	927	0x0	0	19.449893
1146	F	20971520	779	0x0	0	19.479073
1147	F	20971520	783	0x0	0	19.479130
1148	F	20971520	908	0x0	0	19.479173
1149	F	20971520	909	0x0	0	19.479211
1150	F	20971520	910	0x0	0	19.479247
1151	F	90177536	907	0x0	0	19.479282
1152	F	2097152	927	0x0	0	19.479295
1153	M	33554432	928	0x0	0	19.479327
1154	M	39845888	929	0x0	0	19.481307
1155	F	33554432	928	0x0	0	19.484066
1156	F	39845888	929	0x0	0	19.484111
1157	M	39845888	930	0x0	0	19.484150
1158	F	39845888	930	0x0	0	19.484948
1159	M	33554432	931	0x0	0	19.485475
1160	F	33554432	931	0x0	0	19.486082
1161	M	33554432	932	0x0	0	19.486118
1162	M	2097152	933	0x0	0	19.487423
1163	M	2097152	934	0x0	0	19.487568
1164	M	2097152	935	0x0	0	19.487752
1165	M	39845888	936	0x0	0	19.488104
1166	M	20971520	937	0x0	0	19.488194
1167	M	20971520	938	0x0	0	19.488536
1168	M	20971520	939	0x0	0	19.488569
1169	M	2097152	940	0x0	0	19.491112
1170	M	2097152	941	0x0	0	19.491296
1171	M	2097152	942	0x0	0	19.494310
1172	M	2097152	943	0x0	0	19.494441
1173	M	2097152	944	0x0	0	19.494625
1174	M	2097152	945	0x0	0	19.497704
1175	M	2097152	946	0x0	0	19.497885
1176	M	2097152	947	0x0	0	19.500958
1177	M	2097152	948	0x0	0	19.501165
1178	M	2097152	949	0x0	0	19.504241
1179	M	2097152	950	0x0	0	19.504423
1180	M	2097152	951	0x0	0	19.507464
1181	M	2097152	952	0x0	0	19.507592
1182	M	2097152	953	0x0	0	19.507767
1183	M	2097152	954	0x0	0	19.510840
1184	M	2097152	955	0x0	0	19.511038
1185	M	2097152	956	0x0	0	19.514191
1186	M	2097152	957	0x0	0	19.514390
1187	M	2097152	958	0x0	0	19.517461
1188	M	2097152	959	0x0	0	19.517643
1189	M	46137344	960	0x0	0	19.519996
1190	F	20971520	772	0x0	0	19.546426
1191	F	20971520	777	0x0	0	19.546476
1192	F	20971520	937	0x0	0	19.546514
1193	F	20971520	938	0x0	0	19.546552
1194	F	20971520	939	0x0	0	19.546589
1195	F	33554432	932	0x0	0	19.546627
1196	F	39845888	936	0x0	0	19.546663
1197	F	46137344	960	0x0	0	19.546700
1198	M	46137344	961	0x0	0	19.546738
1199	F	20971520	759	0x0	0	19.549087
1200	F	46137344	961	0x0	0	19.549136
1201	M	46137344	962	0x0	0	19.549532
1202	F	46137344	962	0x0	0	19.550237
1203	M	46137344	963	0x0	0	19.550276
1204	M	2097152	964	0x0	0	19.551597
1205	M	2097152	965	0x0	0	19.551723
1206	M	2097152	966	0x0	0	19.551893
1207	M	20971520	967	0x0	0	19.552266
1208	M	20971520	968	0x0	0	19.552306
1209	M	20971520	969	0x0	0	19.552565
1210	M	20971520	970	0x0	0	19.552600
1211	M	2097152	971	0x0	0	19.555142
1212	M	2097152	972	0x0	0	19.555324
1213	M	2097152	973	0x0	0	19.558378
1214	M	2097152	974	0x0	0	19.558584
1215	M	2097152	975	0x0	0	19.561654
1216	M	2097152	976	0x0	0	19.561834
1217	M	2097152	977	0x0	0	19.564851
1218	M	2097152	978	0x0	0	19.564982
1219	M	2097152	979	0x0	0	19.565156
1220	M	2097152	980	0x0	0	19.568247
1221	M	2097152	981	0x0	0	19.568431
1222	M	2097152	982	0x0	0	19.571502
1223	M	2097152	983	0x0	0	19.571702
1224	M	2097152	984	0x0	0	19.574769
1225	M	2097152	985	0x0	0	19.574949
1226	M	2097152	986	0x0	0	19.578057
1227	M	2097152	987	0x0	0	19.578192
1228	M	2097152	988	0x0	0	19.578363
1229	M	2097152	989	0x0	0	19.581426
1230	M	2097152	990	0x0	0	19.581619
1231	M	2097152	991	0x0	0	19.586528
1232	M	2097152	992	0x0	0	19.586734
1233	M	2097152	993	0x0	0	19.589792
1234	M	2097152	994	0x0	0	19.589998
1235	M	2097152	995	0x0	0	19.593021
1236	M	2097152	996	0x0	0	19.593154
1237	M	2097152	997	0x0	0	19.593327
1238	M	2097152	998	0x0	0	19.596388
1239	M	2097152	999	0x0	0	19.596569
1240	M	2097152	1000	0x0	0	19.599617
1241	M	2097152	1001	0x0	0	19.599816
1242	M	2097152	1002	0x0	0	19.602863
1243	M	2097152	1003	0x0	0	19.603047
1244	M	2097152	1004	0x0	0	19.606130
1245	M	2097152	1005	0x0	0	19.606257
1246	M	2097152	1006	0x0	0	19.606427
1247	M	2097152	1007	0x0	0	19.609494
1248	M	2097152	1008	0x0	0	19.609680
1249	M	2097152	1009	0x0	0	19.612721
1250	M	2097152	1010	0x0	0	19.612923
1251	M	2097152	1011	0x0	0	19.615967
1252	M	2097152	1012	0x0	0	19.616149
1253	M	2097152	1013	0x0	0	19.619606
1254	M	2097152	1014	0x0	0	19.619738
1255	M	2097152	1015	0x0	0	19.619913
1256	M	2097152	1016	0x0	0	19.622982
1257	M	2097152	1017	0x0	0	19.623168
1258	M	2097152	1018	0x0	0	19.626221
1259	M	2097152	1019	0x0	0	19.626422
1260	M	2097152	1020	0x0	0	19.629478
1261	M	2097152	1021	0x0	0	19.629664
1262	M	2097152	1022	0x0	0	19.632702
1263	M	2097152	1023	0x0	0	19.632838
1264	M	2097152	1024	0x0	0	19.633012
1265	M	2097152	1025	0x0	0	19.636144
1266	M	2097152	1026	0x0	0	19.636340
1267	M	2097152	1027	0x0	0	19.639391
1268	M	2097152	1028	0x0	0	19.639587
1269	M	2097152	1029	0x0	0	19.642646
1270	M	2097152	1030	0x0	0	19.642825
1271	M	2097152	1031	0x0	0	19.645827
1272	M	2097152	1032	0x0	0	19.645956
1273	M	2097152	1033	0x0	0	19.646144
1274	M	2097152	1034	0x0	0	19.649214
1275	M	2097152	1035	0x0	0	19.649397
1276	M	2097152	1036	0x0	0	19.653396
1277	M	2097152	1037	0x0	0	19.653591
1278	M	2097152	1038	0x0	0	19.656668
1279	M	2097152	1039	0x0	0	19.656851
1280	M	2097152	1040	0x0	0	19.659845
1281	M	2097152	1041	0x0	0	19.659974
1282	M	2097152	1042	0x0	0	19.660144
1283	M	2097152	1043	0x0	0	19.663271
1284	M	2097152	1044	0x0	0	19.663463
1285	M	2097152	1045	0x0	0	19.666493
1286	M	2097152	1046	0x0	0	19.666691
1287	M	2097152	1047	0x0	0	19.669750
1288	M	2097152	1048	0x0	0	19.669949
1289	M	2097152	1049	0x0	0	19.672964
1290	M	2097152	1050	0x0	0	19.673101
1291	M	2097152	1051	0x0	0	19.673276
1292	M	2097152	1052	0x0	0	19.676323
1293	M	2097152	1053	0x0	0	19.676507
1294	M	2097152	1054	0x0	0	19.679539
1295	M	2097152	1055	0x0	0	19.679736
1296	M	2097152	1056	0x0	0	19.682790
1297	M	2097152	1057	0x0	0	19.682974
1298	F	20971520	702	0x0	0	19.801859
1299	F	20971520	703	0x0	0	19.801927
1300	F	20971520	705	0x0	0	19.801970
1301	F	20971520	706	0x0	0	19.802007
1302	F	20971520	707	0x0	0	19.802043
1303	F	20971520	709	0x0	0	19.802082
1304	F	20971520	710	0x0	0	19.802118
1305	F	20971520	717	0x0	0	19.802156
1306	F	20971520	722	0x0	0	19.802192
1307	F	20971520	727	0x0	0	19.802229
1308	F	20971520	734	0x0	0	19.802266
1309	F	20971520	743	0x0	0	19.802303
1310	F	20971520	744	0x0	0	19.802338
1311	F	20971520	748	0x0	0	19.802375
1312	F	20971520	753	0x0	0	19.802427
1313	F	20971520	967	0x0	0	19.802463
1314	F	20971520	968	0x0	0	19.802500
1315	F	20971520	969	0x0	0	19.802535
1316	F	20971520	970	0x0	0	19.802572
1317	F	39845888	704	0x0	0	19.802608
1318	F	46137344	963	0x0	0	19.802645
1319	M	39845888	1058	0x0	0	19.803053
1320	F	39845888	1058	0x0	0	19.803998
1321	M	2097152	1059	0x0	0	19.818275
1322	M	20971520	1060	0x0	0	19.818649
1323	M	20971520	1061	0x0	0	19.818779
1324	M	2097152	1062	0x0	0	19.818821
1325	M	20971520	1063	0x0	0	19.818993
1326	M	2097152	1064	0x0	0	19.819313
1327	M	20971520	1065	0x0	0	19.819676
1328	M	20971520	1066	0x0	0	19.819716
1329	M	20971520	1067	0x0	0	19.819733
1330	M	2097152	1068	0x0	0	19.819786
1331	M	79691776	1069	0x0	0	19.819984
1332	M	39845888	1070	0x0	0	19.820064
1333	M	39845888	1071	0x0	0	19.820102
1334	M	39845888	1072	0x0	0	19.820377
1335	M	39845888	1073	0x0	0	19.820410
1336	M	2097152	1074	0x0	0	19.827851
1337	F	20971520	690	0x0	0	19.876855
1338	F	20971520	691	0x0	0	19.876931
1339	F	20971520	692	0x0	0	19.876969
1340	F	20971520	778	0x0	0	19.877009
1341	F	20971520	1060	0x0	0	19.877043
1342	F	20971520	1061	0x0	0	19.877079
1343	F	20971520	1063	0x0	0	19.877114
1344	F	20971520	1065	0x0	0	19.877149
1345	F	20971520	1066	0x0	0	19.877184
1346	F	20971520	1067	0x0	0	19.877224
1347	F	39845888	697	0x0	0	19.877261
1348	F	39845888	1070	0x0	0	19.877299
1349	F	39845888	1071	0x0	0	19.877332
1350	F	39845888	1072	0x0	0	19.877407
1351	F	39845888	1073	0x0	0	19.877442
1352	F	60817408	899	0x0	0	19.877485
1353	F	79691776	1069	0x0	0	19.877521
1354	M	27262976	1075	0x0	0	19.877894
1355	F	27262976	1075	0x0	0	19.878926
1356	M	46137344	1076	0x0	0	19.879180
1357	F	46137344	1076	0x0	0	19.880291
1358	F	27262976	880	0x0	0	19.893900
1359	M	41943040	1077	0x0	0	19.894276
1360	M	20971520	1078	0x0	0	19.894526
1361	M	41943040	1079	0x0	0	19.894686
1362	M	2097152	1080	0x0	0	20.141964
1363	M	2097152	1081	0x0	0	20.142216
1364	M	2097152	1082	0x0	0	20.142504
1365	M	2097152	1083	0x0	0	20.142616
1366	M	2097152	1084	0x0	0	20.177816
1367	M	2097152	1085	0x0	0	20.181356
1368	M	2097152	1086	0x0	0	20.182647
1369	M	2097152	1087	0x0	0	20.184979
1370	M	2097152	1088	0x0	0	20.188003
1371	M	2097152	1089	0x0	0	20.190284
1372	M	2097152	1090	0x0	0	20.192064
1373	M	2097152	1091	0x0	0	20.195564
1374	M	2097152	1092	0x0	0	20.199072
1375	M	2097152	1093	0x0	0	20.200942
1376	M	2097152	1094	0x0	0	20.202736
1377	M	2097152	1095	0x0	0	20.205728
1378	M	2097152	1096	0x0	0	20.208010
1379	M	2097152	1097	0x0	0	20.209806
1380	M	2097152	1098	0x0	0	20.212778
1381	M	2097152	1099	0x0	0	20.215072
1382	M	2097152	1100	0x0	0	20.218127
1383	M	2097152	1101	0x0	0	20.220398
1384	M	2097152	1102	0x0	0	20.221668
1385	M	2097152	1103	0x0	0	20.225134
1386	M	2097152	1104	0x0	0	20.226915
1387	M	2097152	1105	0x0	0	20.342023
1388	M	2097152	1106	0x0	0	20.342103
1389	M	2097152	1107	0x0	0	20.342144
1390	M	2097152	1108	0x0	0	20.342185
1391	M	2097152	1109	0x0	0	20.342226
1392	M	2097152	1110	0x0	0	20.342269
1393	M	2097152	1111	0x0	0	20.342310
1394	M	2097152	1112	0x0	0	20.342351
1395	M	2097152	1113	0x0	0	20.342392
1396	M	2097152	1114	0x0	0	20.342436
1397	M	2097152	1115	0x0	0	20.342477
1398	M	2097152	1116	0x0	0	20.342517
1399	M	2097152	1117	0x0	0	20.342563
1400	M	2097152	1118	0x0	0	20.342603
1401	M	2097152	1119	0x0	0	20.342652
1402	M	2097152	1120	0x0	0	20.342684
1403	M	2097152	1121	0x0	0	20.342724
1404	M	2097152	1122	0x0	0	20.342768
1405	M	2097152	1123	0x0	0	20.342809
1406	M	2097152	1124	0x0	0	20.342851
1407	M	2097152	1125	0x0	0	20.342890
1408	M	2097152	1126	0x0	0	20.342933
1409	M	2097152	1127	0x0	0	20.342975
1410	M	2097152	1128	0x0	0	20.343016
1411	M	2097152	1129	0x0	0	20.343056
1412	M	2097152	1130	0x0	0	20.343099
1413	M	2097152	1131	0x0	0	20.343148
1414	M	2097152	1132	0x0	0	20.343215
1415	M	2097152	1133	0x0	0	20.343253
1416	M	2097152	1134	0x0	0	20.343293
1417	M	2097152	1135	0x0	0	20.343333
1418	M	2097152	1136	0x0	0	20.343375
1419	M	2097152	1137	0x0	0	20.343414
1420	M	2097152	1138	0x0	0	20.343455
1421	M	2097152	1139	0x0	0	20.343495
1422	M	2097152	1140	0x0	0	20.343537
1423	M	2097152	1141	0x0	0	20.343576
1424	M	2097152	1142	0x0	0	20.343617
1425	M	2097152	1143	0x0	0	20.343657
1426	M	2097152	1144	0x0	0	20.343699
1427	M	2097152	1145	0x0	0	20.343741
1428	M	2097152	1146	0x0	0	20.343782
1429	M	2097152	1147	0x0	0	20.343825
1430	M	2097152	1148	0x0	0	20.343866
1431	M	2097152	1149	0x0	0	20.343907
1432	M	2097152	1150	0x0	0	20.343948
1433	M	2097152	1151	0x0	0	20.343987
1434	M	2097152	1152	0x0	0	20.344027
1435	M	2097152	1153	0x0	0	20.344067
1436	M	2097152	1154	0x0	0	20.344106
1437	M	2097152	1155	0x0	0	20.344146
1438	M	2097152	1156	0x0	0	20.344186
1439	M	2097152	1157	0x0	0	20.344228
1440	M	2097152	1158	0x0	0	20.344272
1441	M	2097152	1159	0x0	0	20.344313
1442	M	2097152	1160	0x0	0	20.344353
1443	M	2097152	1161	0x0	0	20.344395
1444	M	2097152	1162	0x0	0	20.344436
1445	M	2097152	1163	0x0	0	20.344470
1446	M	2097152	1164	0x0	0	20.344514
1447	M	2097152	1165	0x0	0	20.344555
1448	M	2097152	1166	0x0	0	20.344596
1449	M	2097152	1167	0x0	0	20.344637
1450	M	2097152	1168	0x0	0	20.344671
1451	M	2097152	1169	0x0	0	20.344711
1452	M	2097152	1170	0x0	0	20.344754
1453	M	2097152	1171	0x0	0	20.344794
1454	M	2097152	1172	0x0	0	20.344833
1455	M	2097152	1173	0x0	0	20.344873
1456	M	2097152	1174	0x0	0	20.344915
1457	M	2097152	1175	0x0	0	20.344957
1458	M	2097152	1176	0x0	0	20.344996
1459	M	2097152	1177	0x0	0	20.345037
1460	M	2097152	1178	0x0	0	20.345077
1461	M	2097152	1179	0x0	0	20.345129
1462	M	2097152	1180	0x0	0	20.345169
1463	M	2097152	1181	0x0	0	20.345200
1464	M	2097152	1182	0x0	0	20.345241
1465	M	2097152	1183	0x0	0	20.345283
1466	M	2097152	1184	0x0	0	20.345323
1467	M	2097152	1185	0x0	0	20.345355
1468	M	2097152	1186	0x0	0	20.345396
1469	M	2097152	1187	0x0	0	20.345439
1470	M	2097152	1188	0x0	0	20.345480
1471	M	2097152	1189	0x0	0	20.345522
1472	M	2097152	1190	0x0	0	20.345556
1473	M	2097152	1191	0x0	0	20.345597
1474	M	2097152	1192	0x0	0	20.345637
1475	M	2097152	1193	0x0	0	20.345670
1476	M	2097152	1194	0x0	0	20.345703
1477	M	2097152	1195	0x0	0	20.345750
1478	M	2097152	1196	0x0	0	20.345803
1479	M	2097152	1197	0x0	0	20.345862
1480	M	2097152	1198	0x0	0	20.345911
1481	M	2097152	1199	0x0	0	20.345950
1482	M	2097152	1200	0x0	0	20.345993
1483	M	2097152	1201	0x0	0	20.346035
1484	M	2097152	1202	0x0	0	20.346075
1485	M	2097152	1203	0x0	0	20.346116
1486	M	2097152	1204	0x0	0	20.346159
1487	M	2097152	1205	0x0	0	20.346200
1488	M	2097152	1206	0x0	0	20.346241
1489	M	2097152	1207	0x0	0	20.346280
1490	M	2097152	1208	0x0	0	20.346321
1491	M	2097152	1209	0x0	0	20.346363
1492	M	2097152	1210	0x0	0	20.346403
1493	M	2097152	1211	0x0	0	20.346433
1494	M	2097152	1212	0x0	0	20.346474
1495	M	2097152	1213	0x0	0	20.346515
1496	M	2097152	1214	0x0	0	20.346556
1497	M	2097152	1215	0x0	0	20.346596
1498	M	2097152	1216	0x0	0	20.346640
1499	M	2097152	1217	0x0	0	20.346681
1500	M	2097152	1218	0x0	0	20.346727
1501	M	2097152	1219	0x0	0	20.346767
1502	M	2097152	1220	0x0	0	20.346808
1503	M	2097152	1221	0x0	0	20.346851
1504	M	2097152	1222	0x0	0	20.346891
1505	M	2097152	1223	0x0	0	20.346933
1506	M	2097152	1224	0x0	0	20.346972
1507	M	2097152	1225	0x0	0	20.347011
1508	M	2097152	1226	0x0	0	20.347053
1509	M	2097152	1227	0x0	0	20.347096
1510	M	2097152	1228	0x0	0	20.347144
1511	M	2097152	1229	0x0	0	20.347184
1512	M	2097152	1230	0x0	0	20.347227
1513	M	2097152	1231	0x0	0	20.347267
1514	M	2097152	1232	0x0	0	20.347309
1515	M	2097152	1233	0x0	0	20.347348
1516	M	2097152	1234	0x0	0	20.347388
1517	M	2097152	1235	0x0	0	20.347428
1518	M	2097152	1236	0x0	0	20.347469
1519	M	2097152	1237	0x0	0	20.347501
1520	M	2097152	1238	0x0	0	20.347543
1521	M	2097152	1239	0x0	0	20.347584
1522	M	2097152	1240	0x0	0	20.347625
1523	M	2097152	1241	0x0	0	20.347667
1524	M	2097152	1242	0x0	0	20.347708
1525	M	2097152	1243	0x0	0	20.347750
1526	M	2097152	1244	0x0	0	20.347793
1527	M	2097152	1245	0x0	0	20.347835
1528	M	2097152	1246	0x0	0	20.347867
1529	M	2097152	1247	0x0	0	20.347989
1530	M	2097152	1248	0x0	0	20.348091
1531	M	2097152	1249	0x0	0	20.348205
1532	M	2097152	1250	0x0	0	20.348306
1533	M	2097152	1251	0x0	0	20.348406
1534	M	2097152	1252	0x0	0	20.348506
1535	M	2097152	1253	0x0	0	20.348556
1536	M	2097152	1254	0x0	0	20.348594
1537	M	2097152	1255	0x0	0	20.348635
1538	M	2097152	1256	0x0	0	20.348680
1539	M	2097152	1257	0x0	0	20.348720
1540	M	2097152	1258	0x0	0	20.348758
1541	M	2097152	1259	0x0	0	20.348790
1542	M	2097152	1260	0x0	0	20.348831
1543	M	2097152	1261	0x0	0	20.348871
1544	M	2097152	1262	0x0	0	20.348914
1545	M	2097152	1263	0x0	0	20.348944
1546	M	2097152	1264	0x0	0	20.348986
1547	M	2097152	1265	0x0	0	20.349028
1548	M	2097152	1266	0x0	0	20.349069
1549	M	2097152	1267	0x0	0	20.349111
1550	M	2097152	1268	0x0	0	20.349151
1551	M	2097152	1269	0x0	0	20.349193
1552	M	2097152	1270	0x0	0	20.349233
1553	M	2097152	1271	0x0	0	20.349272
1554	M	2097152	1272	0x0	0	20.349303
1555	M	2097152	1273	0x0	0	20.349344
1556	M	2097152	1274	0x0	0	20.349386
1557	M	2097152	1275	0x0	0	20.349427
1558	M	2097152	1276	0x0	0	20.349461
1559	M	2097152	1277	0x0	0	20.349501
1560	M	2097152	1278	0x0	0	20.349541
1561	M	2097152	1279	0x0	0	20.349582
1562	M	2097152	1280	0x0	0	20.349622
1563	M	2097152	1281	0x0	0	20.349663
1564	M	2097152	1282	0x0	0	20.349702
1565	M	2097152	1283	0x0	0	20.349744
1566	M	2097152	1284	0x0	0	20.349784
1567	M	2097152	1285	0x0	0	20.349815
1568	M	2097152	1286	0x0	0	20.349858
1569	M	2097152	1287	0x0	0	20.349901
1570	M	2097152	1288	0x0	0	20.349940
1571	M	2097152	1289	0x0	0	20.349972
1572	M	2097152	1290	0x0	0	20.350011
1573	M	2097152	1291	0x0	0	20.350053
1574	M	2097152	1292	0x0	0	20.350091
1575	M	2097152	1293	0x0	0	20.350132
1576	M	2097152	1294	0x0	0	20.350174
1577	M	2097152	1295	0x0	0	20.350215
1578	M	2097152	1296	0x0	0	20.350255
1579	M	2097152	1297	0x0	0	20.350295
1580	M	2097152	1298	0x0	0	20.350330
1581	M	2097152	1299	0x0	0	20.350370
1582	M	2097152	1300	0x0	0	20.350412
1583	M	2097152	1301	0x0	0	20.350452
1584	M	2097152	1302	0x0	0	20.350486
1585	M	2097152	1303	0x0	0	20.350524
1586	M	2097152	1304	0x0	0	20.350565
1587	M	2097152	1305	0x0	0	20.350606
1588	M	2097152	1306	0x0	0	20.350646
1589	M	2097152	1307	0x0	0	20.350685
1590	M	2097152	1308	0x0	0	20.350725
1591	M	2097152	1309	0x0	0	20.350769
1592	M	2097152	1310	0x0	0	20.350808
1593	M	2097152	1311	0x0	0	20.350936
1594	M	2097152	1312	0x0	0	20.350983
1595	M	2097152	1313	0x0	0	20.351022
1596	M	2097152	1314	0x0	0	20.351062
1597	M	2097152	1315	0x0	0	20.351096
1598	M	2097152	1316	0x0	0	20.351136
1599	M	2097152	1317	0x0	0	20.351177
1600	M	2097152	1318	0x0	0	20.351219
1601	M	2097152	1319	0x0	0	20.351258
1602	M	2097152	1320	0x0	0	20.351299
1603	M	2097152	1321	0x0	0	20.351502
1604	M	2097152	1322	0x0	0	20.351645
1605	M	2097152	1323	0x0	0	20.351812
1606	M	2097152	1324	0x0	0	20.351944
1607	M	2097152	1325	0x0	0	20.352100
1608	M	2097152	1326	0x0	0	20.352148
1609	M	2097152	1327	0x0	0	20.352192
1610	M	2097152	1328	0x0	0	20.352231
1611	M	2097152	1329	0x0	0	20.352272
1612	M	2097152	1330	0x0	0	20.352312
1613	M	2097152	1331	0x0	0	20.352355
1614	M	2097152	1332	0x0	0	20.352397
1615	M	2097152	1333	0x0	0	20.352428
1616	M	2097152	1334	0x0	0	20.352468
1617	M	2097152	1335	0x0	0	20.352510
1618	M	2097152	1336	0x0	0	20.352554
1619	M	2097152	1337	0x0	0	20.352595
1620	M	2097152	1338	0x0	0	20.352636
1621	M	2097152	1339	0x0	0	20.352676
1622	M	2097152	1340	0x0	0	20.352719
1623	M	2097152	1341	0x0	0	20.352758
1624	M	2097152	1342	0x0	0	20.352798
1625	M	2097152	1343	0x0	0	20.352839
1626	M	2097152	1344	0x0	0	20.352878
1627	M	2097152	1345	0x0	0	20.352920
1628	M	2097152	1346	0x0	0	20.352951
1629	M	2097152	1347	0x0	0	20.352992
1630	M	2097152	1348	0x0	0	20.353031
1631	M	2097152	1349	0x0	0	20.353072
1632	M	2097152	1350	0x0	0	20.353112
1633	M	2097152	1351	0x0	0	20.353152
1634	M	2097152	1352	0x0	0	20.353195
1635	M	2097152	1353	0x0	0	20.353235
1636	M	2097152	1354	0x0	0	20.353277
1637	M	2097152	1355	0x0	0	20.353319
1638	M	2097152	1356	0x0	0	20.353360
1639	M	2097152	1357	0x0	0	20.353402
1640	M	2097152	1358	0x0	0	20.353443
1641	M	2097152	1359	0x0	0	20.353483
1642	M	2097152	1360	0x0	0	20.353523
1643	M	2097152	1361	0x0	0	20.353565
1644	M	2097152	1362	0x0	0	20.353607
1645	M	2097152	1363	0x0	0	20.353648
1646	M	2097152	1364	0x0	0	20.353689
1647	M	2097152	1365	0x0	0	20.353730
1648	M	2097152	1366	0x0	0	20.353771
1649	M	2097152	1367	0x0	0	20.353811
1650	M	2097152	1368	0x0	0	20.353852
1651	M	2097152	1369	0x0	0	20.376006
1652	M	2097152	1370	0x0	0	20.376062
1653	M	2097152	1371	0x0	0	20.376092
1654	M	2097152	1372	0x0	0	20.376121
1655	M	2097152	1373	0x0	0	20.376138
1656	M	2097152	1374	0x0	0	20.376154
1657	M	2097152	1375	0x0	0	20.376171
1658	M	2097152	1376	0x0	0	20.376188
1659	M	2097152	1377	0x0	0	20.376204
1660	M	2097152	1378	0x0	0	20.376220
1661	M	2097152	1379	0x0	0	20.376237
1662	M	2097152	1380	0x0	0	20.376252
1663	M	2097152	1381	0x0	0	20.376270
1664	M	2097152	1382	0x0	0	20.376287
1665	M	2097152	1383	0x0	0	20.376303
1666	M	2097152	1384	0x0	0	20.376320
1667	M	2097152	1385	0x0	0	20.376336
1668	M	2097152	1386	0x0	0	20.376354
1669	M	2097152	1387	0x0	0	20.376370
1670	M	2097152	1388	0x0	0	20.376388
1671	M	2097152	1389	0x0	0	20.376403
1672	M	2097152	1390	0x0	0	20.376423
1673	M	2097152	1391	0x0	0	20.376437
1674	M	2097152	1392	0x0	0	20.376457
1675	M	2097152	1393	0x0	0	20.376474
1676	M	2097152	1394	0x0	0	20.376504
1677	M	2097152	1395	0x0	0	20.376523
1678	M	2097152	1396	0x0	0	20.376539
1679	M	2097152	1397	0x0	0	20.376555
1680	M	2097152	1398	0x0	0	20.376573
1681	M	2097152	1399	0x0	0	20.376588
1682	M	2097152	1400	0x0	0	20.376607
1683	M	2097152	1401	0x0	0	20.376622
1684	M	2097152	1402	0x0	0	20.376637
1685	M	2097152	1403	0x0	0	20.376654
1686	M	2097152	1404	0x0	0	20.376669
1687	M	2097152	1405	0x0	0	20.376685
1688	M	2097152	1406	0x0	0	20.376702
1689	M	2097152	1407	0x0	0	20.376718
1690	M	2097152	1408	0x0	0	20.376737
1691	M	2097152	1409	0x0	0	20.376753
1692	M	2097152	1410	0x0	0	20.376770
1693	M	2097152	1411	0x0	0	20.376787
1694	M	2097152	1412	0x0	0	20.376804
1695	M	2097152	1413	0x0	0	20.376819
1696	M	2097152	1414	0x0	0	20.376837
1697	M	2097152	1415	0x0	0	20.376853
1698	M	2097152	1416	0x0	0	20.376875
1699	M	2097152	1417	0x0	0	20.376890
1700	M	2097152	1418	0x0	0	20.376908
1701	M	2097152	1419	0x0	0	20.376926
1702	M	2097152	1420	0x0	0	20.376944
1703	M	2097152	1421	0x0	0	20.376959
1704	M	2097152	1422	0x0	0	20.376975
1705	M	2097152	1423	0x0	0	20.376993
1706	M	2097152	1424	0x0	0	20.377009
1707	M	2097152	1425	0x0	0	20.377028
1708	M	2097152	1426	0x0	0	20.377045
1709	M	2097152	1427	0x0	0	20.377061
1710	M	2097152	1428	0x0	0	20.377076
1711	M	2097152	1429	0x0	0	20.377091
1712	M	2097152	1430	0x0	0	20.377108
1713	M	2097152	1431	0x0	0	20.377124
1714	M	2097152	1432	0x0	0	20.377142
1715	M	2097152	1433	0x0	0	20.377157
1716	M	2097152	1434	0x0	0	20.377173
1717	M	2097152	1435	0x0	0	20.377191
1718	M	2097152	1436	0x0	0	20.377206
1719	M	2097152	1437	0x0	0	20.377221
1720	M	2097152	1438	0x0	0	20.377236
1721	M	2097152	1439	0x0	0	20.377253
1722	M	2097152	1440	0x0	0	20.377270
1723	M	2097152	1441	0x0	0	20.377285
1724	M	2097152	1442	0x0	0	20.377302
1725	M	2097152	1443	0x0	0	20.377415
1726	M	2097152	1444	0x0	0	20.377431
1727	M	2097152	1445	0x0	0	20.377446
1728	M	2097152	1446	0x0	0	20.377462
1729	M	2097152	1447	0x0	0	20.377478
1730	M	2097152	1448	0x0	0	20.377497
1731	M	2097152	1449	0x0	0	20.377514
1732	M	2097152	1450	0x0	0	20.377531
1733	M	2097152	1451	0x0	0	20.377546
1734	M	2097152	1452	0x0	0	20.377565
1735	M	2097152	1453	0x0	0	20.377581
1736	M	2097152	1454	0x0	0	20.377599
1737	M	2097152	1455	0x0	0	20.377616
1738	M	2097152	1456	0x0	0	20.377632
1739	M	2097152	1457	0x0	0	20.377648
1740	M	2097152	1458	0x0	0	20.377664
1741	M	2097152	1459	0x0	0	20.377685
1742	M	2097152	1460	0x0	0	20.377700
1743	M	2097152	1461	0x0	0	20.377717
1744	M	2097152	1462	0x0	0	20.377733
1745	M	2097152	1463	0x0	0	20.377751
1746	M	2097152	1464	0x0	0	20.377768
1747	M	2097152	1465	0x0	0	20.377783
1748	M	2097152	1466	0x0	0	20.377798
1749	M	2097152	1467	0x0	0	20.377816
1750	M	2097152	1468	0x0	0	20.377833
1751	M	2097152	1469	0x0	0	20.377849
1752	M	2097152	1470	0x0	0	20.377864
1753	M	2097152	1471	0x0	0	20.377883
1754	M	2097152	1472	0x0	0	20.377901
1755	M	2097152	1473	0x0	0	20.377917
1756	M	2097152	1474	0x0	0	20.377934
1757	M	2097152	1475	0x0	0	20.377950
1758	M	2097152	1476	0x0	0	20.377967
1759	M	2097152	1477	0x0	0	20.377981
1760	M	2097152	1478	0x0	0	20.378036
1761	M	2097152	1479	0x0	0	20.378079
1762	M	2097152	1480	0x0	0	20.378109
1763	M	2097152	1481	0x0	0	20.378128
1764	M	2097152	1482	0x0	0	20.378158
1765	M	2097152	1483	0x0	0	20.378176
1766	M	2097152	1484	0x0	0	20.378191
1767	M	2097152	1485	0x0	0	20.378208
1768	M	2097152	1486	0x0	0	20.378223
1769	M	2097152	1487	0x0	0	20.378238
1770	M	2097152	1488	0x0	0	20.378255
1771	M	2097152	1489	0x0	0	20.378274
1772	M	2097152	1490	0x0	0	20.378291
1773	M	2097152	1491	0x0	0	20.378307
1774	M	2097152	1492	0x0	0	20.378324
1775	M	2097152	1493	0x0	0	20.378342
1776	M	2097152	1494	0x0	0	20.378358
1777	M	2097152	1495	0x0	0	20.378372
1778	M	2097152	1496	0x0	0	20.378387
1779	M	2097152	1497	0x0	0	20.378401
1780	M	2097152	1498	0x0	0	20.378418
1781	M	2097152	1499	0x0	0	20.378433
1782	M	2097152	1500	0x0	0	20.378448
1783	M	2097152	1501	0x0	0	20.378463
1784	F	20971520	676	0x0	0	20.573492
1785	F	20971520	1078	0x0	0	20.573560
1786	F	39845888	681	0x0	0	20.573604
1787	F	39845888	853	0x0	0	20.573654
1788	F	41943040	684	0x0	0	20.573707
1789	F	41943040	1077	0x0	0	20.573750
1790	F	41943040	1079	0x0	0	20.573791
1791	F	119537664	862	0x0	0	20.573835
1792	F	2097152	650	0x0	0	20.573901
1793	F	2097152	651	0x0	0	20.573910
1794	F	2097152	652	0x0	0	20.573918
1795	F	2097152	654	0x0	0	20.573923
1796	F	2097152	658	0x0	0	20.573928
1797	F	2097152	659	0x0	0	20.573933
1798	F	2097152	661	0x0	0	20.573939
1799	F	2097152	663	0x0	0	20.573945
1800	F	2097152	664	0x0	0	20.573949
1801	F	2097152	665	0x0	0	20.573954
1802	F	2097152	670	0x0	0	20.573959
1803	F	2097152	672	0x0	0	20.573965
1804	F	2097152	911	0x0	0	20.573973
1805	F	2097152	913	0x0	0	20.573980
1806	F	2097152	916	0x0	0	20.573987
1807	F	2097152	917	0x0	0	20.573993
1808	F	2097152	919	0x0	0	20.573999
1809	F	2097152	920	0x0	0	20.574005
1810	F	2097152	922	0x0	0	20.574011
1811	F	2097152	924	0x0	0	20.574019
1812	F	2097152	925	0x0	0	20.574025
1813	F	2097152	926	0x0	0	20.574030
1814	F	2097152	934	0x0	0	20.574037
1815	F	2097152	935	0x0	0	20.574043
1816	F	2097152	941	0x0	0	20.574048
1817	F	2097152	943	0x0	0	20.574055
1818	F	2097152	944	0x0	0	20.574061
1819	F	2097152	945	0x0	0	20.574066
1820	F	2097152	947	0x0	0	20.574073
1821	F	2097152	948	0x0	0	20.574078
1822	F	2097152	950	0x0	0	20.574084
1823	F	2097152	952	0x0	0	20.574089
1824	F	2097152	953	0x0	0	20.574096
1825	F	2097152	954	0x0	0	20.574102
1826	F	2097152	956	0x0	0	20.574107
1827	F	2097152	957	0x0	0	20.574112
1828	F	2097152	959	0x0	0	20.574118
1829	F	2097152	965	0x0	0	20.574125
1830	F	2097152	966	0x0	0	20.574131
1831	F	2097152	971	0x0	0	20.574136
1832	F	2097152	973	0x0	0	20.574142
1833	F	2097152	974	0x0	0	20.574148
1834	F	2097152	976	0x0	0	20.574153
1835	F	2097152	978	0x0	0	20.574159
1836	F	2097152	979	0x0	0	20.574165
1837	F	2097152	980	0x0	0	20.574170
1838	F	2097152	982	0x0	0	20.574176
1839	F	2097152	983	0x0	0	20.574181
1840	F	2097152	985	0x0	0	20.574186
1841	F	2097152	987	0x0	0	20.574191
1842	F	2097152	988	0x0	0	20.574197
1843	F	2097152	989	0x0	0	20.574202
1844	F	2097152	991	0x0	0	20.574208
1845	F	2097152	992	0x0	0	20.574213
1846	F	2097152	994	0x0	0	20.574219
1847	F	2097152	996	0x0	0	20.574224
1848	F	2097152	997	0x0	0	20.574229
1849	F	2097152	998	0x0	0	20.574234
1850	F	2097152	1000	0x0	0	20.574240
1851	F	2097152	1001	0x0	0	20.574245
1852	F	2097152	1003	0x0	0	20.574251
1853	F	2097152	1005	0x0	0	20.574257
1854	F	2097152	1006	0x0	0	20.574263
1855	F	2097152	1007	0x0	0	20.574268
1856	F	2097152	1009	0x0	0	20.574274
1857	F	2097152	1010	0x0	0	20.574279
1858	F	2097152	1012	0x0	0	20.574285
1859	F	2097152	1014	0x0	0	20.574290
1860	F	2097152	1015	0x0	0	20.574296
1861	F	2097152	1016	0x0	0	20.574301
1862	F	2097152	1018	0x0	0	20.574307
1863	F	2097152	1019	0x0	0	20.574311
1864	F	2097152	1021	0x0	0	20.574317
1865	F	2097152	1023	0x0	0	20.574323
1866	F	2097152	1024	0x0	0	20.574328
1867	F	2097152	1025	0x0	0	20.574334
1868	F	2097152	1027	0x0	0	20.574339
1869	F	2097152	1028	0x0	0	20.574345
1870	F	2097152	1030	0x0	0	20.574350
1871	F	2097152	1032	0x0	0	20.574355
1872	F	2097152	1033	0x0	0	20.574361
1873	F	2097152	1034	0x0	0	20.574365
1874	F	2097152	1036	0x0	0	20.574371
1875	F	2097152	1037	0x0	0	20.574376
1876	F	2097152	1039	0x0	0	20.574382
1877	F	2097152	1041	0x0	0	20.574387
1878	F	2097152	1042	0x0	0	20.574392
1879	F	2097152	1043	0x0	0	20.574397
1880	F	2097152	1045	0x0	0	20.574403
1881	F	2097152	1048	0x0	0	20.574408
1882	F	2097152	1050	0x0	0	20.574414
1883	F	2097152	1051	0x0	0	20.574419
1884	F	2097152	1052	0x0	0	20.574429
1885	F	2097152	1054	0x0	0	20.574436
1886	F	2097152	1057	0x0	0	20.574441
1887	F	2097152	1080	0x0	0	20.574447
1888	F	2097152	1081	0x0	0	20.574454
1889	F	2097152	1082	0x0	0	20.574458
1890	F	2097152	1083	0x0	0	20.574463
1891	F	2097152	1085	0x0	0	20.574469
1892	F	2097152	1086	0x0	0	20.574474
1893	F	2097152	1087	0x0	0	20.574479
1894	F	2097152	1088	0x0	0	20.574484
1895	F	2097152	1089	0x0	0	20.574490
1896	F	2097152	1090	0x0	0	20.574494
1897	F	2097152	1091	0x0	0	20.574499
1898	F	2097152	1092	0x0	0	20.574505
1899	F	2097152	1093	0x0	0	20.574510
1900	F	2097152	1094	0x0	0	20.574516
1901	F	2097152	1095	0x0	0	20.574521
1902	F	2097152	1096	0x0	0	20.574526
1903	F	2097152	1097	0x0	0	20.574531
1904	F	2097152	1099	0x0	0	20.574537
1905	F	2097152	1443	0x0	0	20.574544
1906	F	2097152	1444	0x0	0	20.574550
1907	F	2097152	1445	0x0	0	20.574554
1908	F	2097152	1446	0x0	0	20.574559
1909	F	2097152	1447	0x0	0	20.574563
1910	F	2097152	1448	0x0	0	20.574567
1911	F	2097152	1449	0x0	0	20.574571
1912	F	2097152	1450	0x0	0	20.574575
1913	F	2097152	1451	0x0	0	20.574579
1914	F	2097152	1452	0x0	0	20.574583
1915	F	2097152	1453	0x0	0	20.574589
1916	F	2097152	1454	0x0	0	20.574593
1917	F	2097152	1455	0x0	0	20.574598
1918	F	2097152	1456	0x0	0	20.574602
1919	F	2097152	1457	0x0	0	20.574606
1920	F	2097152	1458	0x0	0	20.574610
1921	F	2097152	1459	0x0	0	20.574614
1922	F	2097152	1460	0x0	0	20.574618
1923	F	2097152	1461	0x0	0	20.574622
1924	F	2097152	1462	0x0	0	20.574626
1925	F	2097152	1463	0x0	0	20.574630
1926	F	2097152	1464	0x0	0	20.574633
1927	F	2097152	1465	0x0	0	20.574638
1928	F	2097152	1466	0x0	0	20.574643
1929	F	2097152	1467	0x0	0	20.574648
1930	F	2097152	1468	0x0	0	20.574652
1931	F	2097152	1469	0x0	0	20.574656
1932	F	2097152	1470	0x0	0	20.574660
1933	F	2097152	1471	0x0	0	20.574665
1934	F	2097152	1472	0x0	0	20.574670
1935	F	2097152	1473	0x0	0	20.574673
1936	F	2097152	1474	0x0	0	20.574677
1937	F	2097152	1475	0x0	0	20.574681
1938	F	2097152	1476	0x0	0	20.574685
1939	F	2097152	1477	0x0	0	20.574688
1940	F	2097152	1478	0x0	0	20.574693
1941	F	2097152	1479	0x0	0	20.574697
1942	F	2097152	1480	0x0	0	20.574701
1943	F	2097152	1481	0x0	0	20.574705
1944	F	2097152	1482	0x0	0	20.574708
1945	F	2097152	1483	0x0	0	20.574712
1946	F	2097152	1484	0x0	0	20.574716
1947	F	2097152	1485	0x0	0	20.574720
1948	F	2097152	1486	0x0	0	20.574725
1949	F	2097152	1487	0x0	0	20.574730
1950	F	2097152	1488	0x0	0	20.574735
1951	F	2097152	1489	0x0	0	20.574740
1952	F	2097152	1490	0x0	0	20.574744
1953	F	2097152	1491	0x0	0	20.574748
1954	F	2097152	1492	0x0	0	20.574752
1955	F	2097152	1493	0x0	0	20.574755
1956	F	2097152	1494	0x0	0	20.574759
1957	F	2097152	1495	0x0	0	20.574763
1958	F	2097152	1496	0x0	0	20.574767
1959	F	2097152	1497	0x0	0	20.574771
1960	F	2097152	1498	0x0	0	20.574775
1961	F	2097152	1499	0x0	0	20.574779
1962	F	2097152	1500	0x0	0	20.574784
1963	F	2097152	1501	0x0	0	20.574787
1964	M	20971520	1502	0x0	0	20.617285
1965	M	20971520	1503	0x0	0	20.617378
1966	M	23068672	1504	0x0	0	20.618274
1967	F	20971520	1502	0x0	0	20.618611
1968	F	20971520	1503	0x0	0	20.618657
1969	M	44040192	1505	0x0	0	20.618989
1970	M	44040192	1506	0x0	0	20.619034
1971	M	46137344	1507	0x0	0	20.619305
1972	F	46137344	1507	0x0	0	20.622159
1973	M	46137344	1508	0x0	0	20.622222
1974	M	46137344	1509	0x0	0	20.622780
1975	F	44040192	1506	0x0	0	20.627810
1976	F	46137344	1509	0x0	0	20.627861
1977	M	29360128	1510	0x0	0	20.627913
1978	F	29360128	1510	0x0	0	20.628412
1979	M	25165824	1511	0x0	0	20.628465
1980	M	50331648	1512	0x0	0	20.628858
1981	F	25165824	1511	0x0	0	20.629264
1982	F	50331648	1512	0x0	0	20.629306
1983	M	50331648	1513	0x0	0	20.629346
1984	F	50331648	1513	0x0	0	20.630286
1985	M	23068672	1514	0x0	0	20.630478
1986	M	12582912	1515	0x0	0	20.630583
1987	M	23068672	1516	0x0	0	20.630811
1988	M	23068672	1517	0x0	0	20.631028
1989	M	23068672	1518	0x0	0	20.631411
1990	M	20971520	1519	0x0	0	20.632571
1991	M	23068672	1520	0x0	0	20.632604
1992	M	88080384	1521	0x0	0	20.633615
1993	M	44040192	1522	0x0	0	20.633722
1994	M	44040192	1523	0x0	0	20.633766
1995	M	44040192	1524	0x0	0	20.637857
1996	F	23068672	1517	0x0	0	20.653190
1997	F	23068672	1518	0x0	0	20.653242
1998	F	23068672	1520	0x0	0	20.653279
1999	F	44040192	1523	0x0	0	20.653320
2000	F	44040192	1524	0x0	0	20.653374
2001	F	88080384	1521	0x0	0	20.653410
2002	M	23068672	1525	0x0	0	20.653849
2003	F	23068672	1525	0x0	0	20.656523
2004	M	23068672	1526	0x0	0	20.656579
2005	M	41943040	1527	0x0	0	20.656990
2006	F	23068672	1526	0x0	0	20.659594
2007	F	41943040	1527	0x0	0	20.659641
2008	M	41943040	1528	0x0	0	20.659689
2009	F	41943040	1528	0x0	0	20.660559
2010	M	12582912	1529	0x0	0	20.661166
2011	M	12582912	1530	0x0	0	20.661551
2012	M	12582912	1531	0x0	0	20.661821
2013	M	20971520	1532	0x0	0	20.661871
2014	M	44040192	1533	0x0	0	20.663604
2015	M	23068672	1534	0x0	0	20.663744
2016	M	23068672	1535	0x0	0	20.665424
2017	M	23068672	1536	0x0	0	20.673449
2018	M	23068672	1537	0x0	0	20.681917
2019	M	23068672	1538	0x0	0	20.685017
2020	M	23068672	1539	0x0	0	20.691415
2021	M	12582912	1540	0x0	0	20.696585
2022	M	44040192	1541	0x0	0	20.697473
2023	M	23068672	1542	0x0	0	20.697570
2024	M	23068672	1543	0x0	0	20.699191
2025	M	23068672	1544	0x0	0	20.700776
2026	M	23068672	1545	0x0	0	20.706969
2027	M	75497472	1546	0x0	0	20.712584
2028	F	44040192	1541	0x0	0	20.742886
2029	F	75497472	1546	0x0	0	20.742958
2030	M	75497472	1547	0x0	0	20.743025
2031	F	23068672	1545	0x0	0	20.745493
2032	F	75497472	1547	0x0	0	20.745538
2033	M	12582912	1548	0x0	0	20.746568
2034	M	12582912	1549	0x0	0	20.746622
2035	M	44040192	1550	0x0	0	20.747546
2036	M	23068672	1551	0x0	0	20.747632
2037	M	23068672	1552	0x0	0	20.747664
2038	M	23068672	1553	0x0	0	20.753937
2039	M	23068672	1554	0x0	0	20.760143
2040	M	75497472	1555	0x0	0	20.762027
2041	M	2097152	1556	0x0	0	20.766810
2042	M	2097152	1557	0x0	0	20.768423
2043	M	2097152	1558	0x0	0	20.770192
2044	M	2097152	1559	0x0	0	20.771706
2045	M	2097152	1560	0x0	0	20.773340
2046	M	2097152	1561	0x0	0	20.774928
2047	M	2097152	1562	0x0	0	20.775130
2048	M	2097152	1563	0x0	0	20.776769
2049	M	2097152	1564	0x0	0	20.778383
2050	F	75497472	1555	0x0	0	20.799340
2051	F	2097152	1564	0x0	0	20.799392
2052	M	58720256	1565	0x0	0	20.799435
2053	F	44040192	1550	0x0	0	20.801633
2054	F	58720256	1565	0x0	0	20.801679
2055	M	12582912	1566	0x0	0	20.801885
2056	M	12582912	1567	0x0	0	20.801916
2057	M	12582912	1568	0x0	0	20.802188
2058	M	12582912	1569	0x0	0	20.802519
2059	M	12582912	1570	0x0	0	20.802889
2060	M	12582912	1571	0x0	0	20.802932
2061	M	2097152	1572	0x0	0	20.803337
2062	M	2097152	1573	0x0	0	20.803495
2063	M	44040192	1574	0x0	0	20.803969
2064	M	23068672	1575	0x0	0	20.804048
2065	M	23068672	1576	0x0	0	20.804084
2066	M	2097152	1577	0x0	0	20.805301
2067	M	2097152	1578	0x0	0	20.806957
2068	M	2097152	1579	0x0	0	20.807166
2069	M	2097152	1580	0x0	0	20.808780
2070	M	2097152	1581	0x0	0	20.810405
2071	M	2097152	1582	0x0	0	20.811898
2072	M	2097152	1583	0x0	0	20.813502
2073	M	2097152	1584	0x0	0	20.815163
2074	M	2097152	1585	0x0	0	20.815374
2075	M	2097152	1586	0x0	0	20.816970
2076	M	23068672	1587	0x0	0	20.817367
2077	M	2097152	1588	0x0	0	20.818663
2078	M	23068672	1589	0x0	0	20.819076
2079	M	98566144	1590	0x0	0	20.819341
2080	F	12582912	1569	0x0	0	20.827869
2081	F	23068672	1589	0x0	0	20.827914
2082	F	98566144	1590	0x0	0	20.827980
2083	F	2097152	1588	0x0	0	20.828014
2084	M	98566144	1591	0x0	0	20.828046
2085	M	65011712	1592	0x0	0	20.828381
2086	M	67108864	1593	0x0	0	20.828609
2087	F	65011712	1592	0x0	0	20.831423
2088	F	67108864	1593	0x0	0	20.831469
2089	M	67108864	1594	0x0	0	20.831529
2090	F	67108864	1594	0x0	0	20.834553
2091	F	98566144	1591	0x0	0	20.834596
2092	M	12582912	1595	0x0	0	20.834730
2093	M	12582912	1596	0x0	0	20.834769
2094	M	23068672	1597	0x0	0	20.834842
2095	M	23068672	1598	0x0	0	20.834871
2096	M	23068672	1599	0x0	0	20.835148
2097	M	2097152	1600	0x0	0	20.835370
2098	M	23068672	1601	0x0	0	20.835541
2099	M	23068672	1602	0x0	0	20.835933
2100	M	23068672	1603	0x0	0	20.835983
2101	M	88080384	1604	0x0	0	20.836922
2102	M	44040192	1605	0x0	0	20.837006
2103	M	44040192	1606	0x0	0	20.837040
2104	F	12582912	1596	0x0	0	20.846085
2105	F	23068672	1601	0x0	0	20.846135
2106	F	23068672	1602	0x0	0	20.846176
2107	F	23068672	1603	0x0	0	20.846212
2108	F	44040192	1606	0x0	0	20.846250
2109	F	88080384	1604	0x0	0	20.846286
2110	F	2097152	1600	0x0	0	20.846313
2111	M	48234496	1607	0x0	0	20.846346
2112	M	50331648	1608	0x0	0	20.846651
2113	F	23068672	1599	0x0	0	20.848785
2114	F	48234496	1607	0x0	0	20.848828
2115	F	50331648	1608	0x0	0	20.848867
2116	M	23068672	1609	0x0	0	20.849063
2117	M	23068672	1610	0x0	0	20.849330
2118	M	23068672	1611	0x0	0	20.849511
2119	M	2097152	1612	0x0	0	20.849578
2120	M	23068672	1613	0x0	0	20.849874
2121	M	23068672	1614	0x0	0	20.850125
2122	M	12582912	1615	0x0	0	20.850177
2123	M	88080384	1616	0x0	0	20.851062
2124	M	44040192	1617	0x0	0	20.851149
2125	M	44040192	1618	0x0	0	20.851188
2126	F	23068672	1611	0x0	0	20.859988
2127	F	23068672	1613	0x0	0	20.860034
2128	F	23068672	1614	0x0	0	20.860075
2129	F	44040192	1618	0x0	0	20.860116
2130	F	88080384	1616	0x0	0	20.860155
2131	M	39845888	1619	0x0	0	20.860211
2132	M	50331648	1620	0x0	0	20.860516
2133	F	23068672	1610	0x0	0	20.862315
2134	F	39845888	1619	0x0	0	20.862358
2135	F	44040192	1617	0x0	0	20.862413
2136	F	50331648	1620	0x0	0	20.862450
2137	M	12582912	1621	0x0	0	20.862574
2138	M	12582912	1622	0x0	0	20.862610
2139	M	23068672	1623	0x0	0	20.862683
2140	M	23068672	1624	0x0	0	20.862718
2141	M	23068672	1625	0x0	0	20.862982
2142	M	23068672	1626	0x0	0	20.863322
2143	M	23068672	1627	0x0	0	20.863687
2144	M	23068672	1628	0x0	0	20.863728
2145	M	88080384	1629	0x0	0	20.864720
2146	M	44040192	1630	0x0	0	20.864800
2147	M	44040192	1631	0x0	0	20.864837
2148	M	2097152	1632	0x0	0	20.866277
2149	M	195035136	1633	0x0	0	20.866718
2150	F	12582912	1622	0x0	0	20.873605
2151	F	23068672	1624	0x0	0	20.873650
2152	F	23068672	1625	0x0	0	20.873690
2153	F	23068672	1626	0x0	0	20.873725
2154	F	23068672	1627	0x0	0	20.873760
2155	F	23068672	1628	0x0	0	20.873796
2156	F	195035136	1633	0x0	0	20.873833
2157	F	2097152	1632	0x0	0	20.873859
2158	M	195035136	1634	0x0	0	20.873886
2159	M	130023424	1635	0x0	0	20.874189
2160	M	130023424	1636	0x0	0	20.874236
2161	M	92274688	1637	0x0	0	20.874454
2162	F	92274688	1637	0x0	0	20.878691
2163	F	195035136	1634	0x0	0	20.878738
2164	M	92274688	1638	0x0	0	20.878792
2165	F	92274688	1638	0x0	0	20.882467
2166	F	130023424	1635	0x0	0	20.882517
2167	F	130023424	1636	0x0	0	20.882562
2168	M	23068672	1639	0x0	0	20.882695
2169	M	23068672	1640	0x0	0	20.882733
2170	M	44040192	1641	0x0	0	20.882779
2171	M	88080384	1642	0x0	0	20.882914
2172	M	88080384	1643	0x0	0	20.882952
2173	M	69206016	1644	0x0	0	20.883168
2174	F	23068672	1639	0x0	0	20.885798
2175	F	23068672	1640	0x0	0	20.885843
2176	F	69206016	1644	0x0	0	20.885884
2177	M	69206016	1645	0x0	0	20.885934
2178	F	69206016	1645	0x0	0	20.888886
2179	F	88080384	1642	0x0	0	20.888934
2180	F	88080384	1643	0x0	0	20.888990
2181	M	23068672	1646	0x0	0	20.889133
2182	M	23068672	1647	0x0	0	20.889175
2183	M	44040192	1648	0x0	0	20.889217
2184	M	88080384	1649	0x0	0	20.889354
2185	M	88080384	1650	0x0	0	20.889398
2186	M	69206016	1651	0x0	0	20.889502
2187	F	23068672	1646	0x0	0	20.894492
2188	F	23068672	1647	0x0	0	20.894542
2189	F	88080384	1650	0x0	0	20.894585
2190	F	88080384	1649	0x0	0	20.911831
2191	F	2097152	1556	0x0	0	20.911880
2192	F	2097152	1557	0x0	0	20.911886
2193	F	2097152	1558	0x0	0	20.911891
2194	F	2097152	1559	0x0	0	20.911896
2195	F	2097152	1560	0x0	0	20.911902
2196	F	2097152	1561	0x0	0	20.911907
2197	F	2097152	1562	0x0	0	20.911912
2198	F	2097152	1563	0x0	0	20.911916
2199	F	2097152	1572	0x0	0	20.911919
2200	F	2097152	1573	0x0	0	20.911923
2201	F	2097152	1577	0x0	0	20.911927
2202	F	2097152	1578	0x0	0	20.911931
2203	F	2097152	1579	0x0	0	20.911934
2204	F	2097152	1580	0x0	0	20.911938
2205	F	2097152	1581	0x0	0	20.911942
2206	F	2097152	1582	0x0	0	20.911946
2207	F	2097152	1583	0x0	0	20.911950
2208	F	2097152	1584	0x0	0	20.911953
2209	F	2097152	1585	0x0	0	20.911957
2210	F	2097152	1586	0x0	0	20.911961
2211	F	2097152	1612	0x0	0	20.911965
2212	M	44040192	1652	0x0	0	20.912101
2213	M	44040192	1653	0x0	0	20.912149
2214	M	88080384	1654	0x0	0	20.912431
2215	M	88080384	1655	0x0	0	20.912484
2216	M	88080384	1656	0x0	0	20.912554
2217	F	44040192	1652	0x0	0	20.915549
2218	F	44040192	1653	0x0	0	20.915599
2219	F	69206016	1651	0x0	0	20.915639
2220	M	69206016	1657	0x0	0	20.915699
2221	M	46137344	1658	0x0	0	20.916176
2222	F	46137344	1658	0x0	0	20.918783
2223	M	46137344	1659	0x0	0	20.918839
2224	F	23068672	1587	0x0	0	20.919867
2225	F	46137344	1659	0x0	0	20.919914
2226	M	23068672	1660	0x0	0	20.920068
2227	M	46137344	1661	0x0	0	20.924518
2228	F	46137344	1661	0x0	0	20.930425
2229	M	46137344	1662	0x0	0	20.930482
2230	M	44040192	1663	0x0	0	20.930601
2231	F	44040192	1663	0x0	0	20.941173
2232	F	46137344	1662	0x0	0	20.941221
2233	F	69206016	1657	0x0	0	20.941260
2234	M	69206016	1664	0x0	0	20.941306
2235	M	88080384	1665	0x0	0	20.941394
2236	M	88080384	1666	0x0	0	20.941444
2237	M	130023424	1667	0x0	0	20.942700
2238	M	130023424	1668	0x0	0	20.942754
2239	M	130023424	1669	0x0	0	20.942816
2240	M	92274688	1670	0x0	0	20.942997
2241	F	44040192	1631	0x0	0	20.957485
2242	F	44040192	1641	0x0	0	20.957537
2243	F	88080384	1654	0x0	0	20.957582
2244	F	88080384	1655	0x0	0	20.957621
2245	F	88080384	1656	0x0	0	20.957661
2246	F	88080384	1665	0x0	0	20.957703
2247	F	88080384	1666	0x0	0	20.957741
2248	F	92274688	1670	0x0	0	20.957779
2249	M	92274688	1671	0x0	0	20.957826
2250	M	46137344	1672	0x0	0	20.958143
2251	F	46137344	1672	0x0	0	20.961890
2252	M	46137344	1673	0x0	0	20.962073
2253	M	44040192	1674	0x0	0	20.962172
2254	M	92274688	1675	0x0	0	20.966735
2255	F	23068672	1660	0x0	0	20.972688
2256	F	44040192	1674	0x0	0	20.972738
2257	F	46137344	1673	0x0	0	20.972777
2258	F	92274688	1675	0x0	0	20.972815
2259	M	92274688	1676	0x0	0	20.972862
2260	M	130023424	1677	0x0	0	20.972949
2261	M	130023424	1678	0x0	0	20.973001
2262	M	195035136	1679	0x0	0	20.973195
2263	F	88080384	1629	0x0	0	20.979066
2264	F	92274688	1671	0x0	0	20.979108
2265	F	92274688	1676	0x0	0	20.979150
2266	F	130023424	1667	0x0	0	20.979190
2267	F	130023424	1668	0x0	0	20.979231
2268	F	130023424	1677	0x0	0	20.979268
2269	F	130023424	1678	0x0	0	20.979307
2270	F	195035136	1679	0x0	0	20.979345
2271	M	195035136	1680	0x0	0	20.979384
2272	M	88080384	1681	0x0	0	20.979517
2273	M	23068672	1682	0x0	0	20.981136
2274	M	23068672	1683	0x0	0	20.981347
2275	M	88080384	1684	0x0	0	20.981419
2276	M	44040192	1685	0x0	0	20.981505
2277	M	44040192	1686	0x0	0	20.981540
2278	M	44040192	1687	0x0	0	20.981839
2279	M	44040192	1688	0x0	0	20.981873
2280	F	12582912	1621	0x0	0	21.015685
2281	F	23068672	1623	0x0	0	21.015734
2282	F	23068672	1682	0x0	0	21.015773
2283	F	23068672	1683	0x0	0	21.015816
2284	F	44040192	1686	0x0	0	21.015857
2285	F	44040192	1687	0x0	0	21.015895
2286	F	44040192	1688	0x0	0	21.015932
2287	F	69206016	1664	0x0	0	21.015987
2288	F	88080384	1681	0x0	0	21.016020
2289	F	88080384	1684	0x0	0	21.016054
2290	F	195035136	1680	0x0	0	21.016091
2291	M	39845888	1689	0x0	0	21.016149
2292	M	50331648	1690	0x0	0	21.016519
2293	F	50331648	1690	0x0	0	21.017541
2294	M	50331648	1691	0x0	0	21.017587
2295	F	50331648	1691	0x0	0	21.018382
2296	M	50331648	1692	0x0	0	21.018562
2297	F	50331648	1692	0x0	0	21.018675
2298	M	50331648	1693	0x0	0	21.018714
2299	M	73400320	1694	0x0	0	21.019044
2300	F	44040192	1685	0x0	0	21.019918
2301	F	50331648	1693	0x0	0	21.019958
2302	F	73400320	1694	0x0	0	21.019992
2303	M	73400320	1695	0x0	0	21.020031
2304	M	23068672	1696	0x0	0	21.021683
2305	M	23068672	1697	0x0	0	21.021735
2306	M	88080384	1698	0x0	0	21.021957
2307	M	44040192	1699	0x0	0	21.022032
2308	M	44040192	1700	0x0	0	21.022063
2309	M	44040192	1701	0x0	0	21.022338
2310	M	44040192	1702	0x0	0	21.022374
2311	F	23068672	1609	0x0	0	21.052345
2312	F	23068672	1696	0x0	0	21.052394
2313	F	23068672	1697	0x0	0	21.052457
2314	F	44040192	1699	0x0	0	21.052494
2315	F	44040192	1700	0x0	0	21.052529
2316	F	44040192	1701	0x0	0	21.052561
2317	F	44040192	1702	0x0	0	21.052594
2318	F	73400320	1695	0x0	0	21.052626
2319	F	88080384	1698	0x0	0	21.052661
2320	M	48234496	1703	0x0	0	21.052711
2321	M	50331648	1704	0x0	0	21.053040
2322	F	48234496	1703	0x0	0	21.055096
2323	F	50331648	1704	0x0	0	21.055140
2324	M	12582912	1705	0x0	0	21.055276
2325	M	50331648	1706	0x0	0	21.055312
2326	M	98566144	1707	0x0	0	21.055607
2327	F	12582912	1615	0x0	0	21.056478
2328	F	12582912	1705	0x0	0	21.056519
2329	F	50331648	1706	0x0	0	21.056553
2330	F	98566144	1707	0x0	0	21.056588
2331	M	98566144	1708	0x0	0	21.056630
2332	M	88080384	1709	0x0	0	21.058423
2333	M	44040192	1710	0x0	0	21.058506
2334	M	44040192	1711	0x0	0	21.058541
2335	M	44040192	1712	0x0	0	21.058808
2336	M	44040192	1713	0x0	0	21.058842
2337	M	65011712	1714	0x0	0	21.063809
2338	M	67108864	1715	0x0	0	21.064007
2339	F	12582912	1595	0x0	0	21.090255
2340	F	23068672	1597	0x0	0	21.090308
2341	F	23068672	1598	0x0	0	21.090354
2342	F	44040192	1605	0x0	0	21.090392
2343	F	44040192	1630	0x0	0	21.090446
2344	F	44040192	1710	0x0	0	21.090481
2345	F	44040192	1711	0x0	0	21.090515
2346	F	44040192	1712	0x0	0	21.090551
2347	F	44040192	1713	0x0	0	21.090588
2348	F	67108864	1715	0x0	0	21.090623
2349	M	67108864	1716	0x0	0	21.090673
2350	F	67108864	1716	0x0	0	21.093778
2351	M	50331648	1717	0x0	0	21.093944
2352	M	146800640	1718	0x0	0	21.094248
2353	F	50331648	1717	0x0	0	21.095204
2354	F	146800640	1718	0x0	0	21.095244
2355	M	146800640	1719	0x0	0	21.095284
2356	M	65011712	1720	0x0	0	21.095405
2357	M	65011712	1721	0x0	0	21.095451
2358	F	44040192	1574	0x0	0	21.099233
2359	F	65011712	1720	0x0	0	21.099275
2360	F	65011712	1721	0x0	0	21.099312
2361	F	88080384	1709	0x0	0	21.099349
2362	F	98566144	1708	0x0	0	21.099386
2363	F	146800640	1719	0x0	0	21.099437
2364	M	98566144	1722	0x0	0	21.099480
2365	M	23068672	1723	0x0	0	21.101496
2366	M	23068672	1724	0x0	0	21.101536
2367	F	12582912	1566	0x0	0	21.168131
2368	F	12582912	1567	0x0	0	21.168186
2369	F	12582912	1568	0x0	0	21.168226
2370	F	12582912	1570	0x0	0	21.168265
2371	F	12582912	1571	0x0	0	21.168305
2372	F	23068672	1723	0x0	0	21.168347
2373	F	23068672	1724	0x0	0	21.168384
2374	F	98566144	1722	0x0	0	21.168479
2375	M	58720256	1725	0x0	0	21.168545
2376	F	58720256	1725	0x0	0	21.171603
2377	M	44040192	1726	0x0	0	21.174259
2378	M	23068672	1727	0x0	0	21.174367
2379	M	23068672	1728	0x0	0	21.174648
2380	M	23068672	1729	0x0	0	21.174675
2381	M	2097152	1730	0x0	0	21.199404
2382	M	2097152	1731	0x0	0	21.202513
2383	M	2097152	1732	0x0	0	21.202647
2384	M	2097152	1733	0x0	0	21.202820
2385	M	75497472	1734	0x0	0	21.205331
2386	F	12582912	1549	0x0	0	21.240679
2387	F	23068672	1576	0x0	0	21.240733
2388	F	23068672	1727	0x0	0	21.240774
2389	F	23068672	1728	0x0	0	21.240811
2390	F	23068672	1729	0x0	0	21.240849
2391	F	44040192	1726	0x0	0	21.240887
2392	F	75497472	1734	0x0	0	21.240923
2393	F	2097152	1733	0x0	0	21.240958
2394	M	75497472	1735	0x0	0	21.240994
2395	F	75497472	1735	0x0	0	21.243513
2396	M	50331648	1736	0x0	0	21.243946
2397	F	50331648	1736	0x0	0	21.244708
2398	M	50331648	1737	0x0	0	21.244755
2399	M	2097152	1738	0x0	0	21.246059
2400	M	2097152	1739	0x0	0	21.246215
2401	M	2097152	1740	0x0	0	21.246410
2402	M	23068672	1741	0x0	0	21.247016
2403	M	23068672	1742	0x0	0	21.247051
2404	M	2097152	1743	0x0	0	21.249623
2405	M	2097152	1744	0x0	0	21.249802
2406	M	2097152	1745	0x0	0	21.252852
2407	M	2097152	1746	0x0	0	21.252979
2408	M	2097152	1747	0x0	0	21.253155
2409	M	2097152	1748	0x0	0	21.256283
2410	M	2097152	1749	0x0	0	21.256466
2411	M	2097152	1750	0x0	0	21.259567
2412	M	2097152	1751	0x0	0	21.259766
2413	M	2097152	1752	0x0	0	21.262881
2414	M	2097152	1753	0x0	0	21.263064
2415	M	2097152	1754	0x0	0	21.266114
2416	M	2097152	1755	0x0	0	21.266250
2417	M	2097152	1756	0x0	0	21.266427
2418	M	2097152	1757	0x0	0	21.269534
2419	M	2097152	1758	0x0	0	21.269714
2420	M	2097152	1759	0x0	0	21.272793
2421	M	2097152	1760	0x0	0	21.272990
2422	M	2097152	1761	0x0	0	21.276162
2423	M	2097152	1762	0x0	0	21.276342
2424	M	75497472	1763	0x0	0	21.278681
2425	M	2097152	1764	0x0	0	21.281352
2426	M	2097152	1765	0x0	0	21.281481
2427	M	2097152	1766	0x0	0	21.281649
2428	M	2097152	1767	0x0	0	21.284779
2429	M	2097152	1768	0x0	0	21.284962
2430	M	2097152	1769	0x0	0	21.288067
2431	M	2097152	1770	0x0	0	21.288302
2432	M	2097152	1771	0x0	0	21.291410
2433	M	2097152	1772	0x0	0	21.291589
2434	M	2097152	1773	0x0	0	21.294631
2435	M	2097152	1774	0x0	0	21.294759
2436	M	2097152	1775	0x0	0	21.294923
2437	M	2097152	1776	0x0	0	21.298040
2438	M	2097152	1777	0x0	0	21.298232
2439	M	2097152	1778	0x0	0	21.301313
2440	M	2097152	1779	0x0	0	21.301516
2441	M	2097152	1780	0x0	0	21.304692
2442	M	2097152	1781	0x0	0	21.304872
2443	M	2097152	1782	0x0	0	21.307951
2444	M	2097152	1783	0x0	0	21.308081
2445	M	2097152	1784	0x0	0	21.308259
2446	M	2097152	1785	0x0	0	21.311412
2447	M	2097152	1786	0x0	0	21.311597
2448	M	2097152	1787	0x0	0	21.315186
2449	M	2097152	1788	0x0	0	21.315394
2450	M	2097152	1789	0x0	0	21.318515
2451	M	2097152	1790	0x0	0	21.318713
2452	M	2097152	1791	0x0	0	21.321819
2453	M	2097152	1792	0x0	0	21.322009
2454	M	2097152	1793	0x0	0	21.325070
2455	M	2097152	1794	0x0	0	21.325207
2456	M	2097152	1795	0x0	0	21.325383
2457	M	2097152	1796	0x0	0	21.328504
2458	M	2097152	1797	0x0	0	21.328685
2459	M	2097152	1798	0x0	0	21.331775
2460	M	2097152	1799	0x0	0	21.331983
2461	M	2097152	1800	0x0	0	21.335109
2462	M	2097152	1801	0x0	0	21.335296
2463	M	2097152	1802	0x0	0	21.338345
2464	M	2097152	1803	0x0	0	21.338552
2465	M	2097152	1804	0x0	0	21.338747
2466	M	2097152	1805	0x0	0	21.341855
2467	M	2097152	1806	0x0	0	21.342035
2468	M	2097152	1807	0x0	0	21.345108
2469	M	2097152	1808	0x0	0	21.345319
2470	M	2097152	1809	0x0	0	21.349408
2471	M	2097152	1810	0x0	0	21.349593
2472	M	2097152	1811	0x0	0	21.352652
2473	M	2097152	1812	0x0	0	21.352784
2474	M	2097152	1813	0x0	0	21.352955
2475	M	2097152	1814	0x0	0	21.356070
2476	M	2097152	1815	0x0	0	21.356271
2477	M	2097152	1816	0x0	0	21.359367
2478	M	2097152	1817	0x0	0	21.359568
2479	M	2097152	1818	0x0	0	21.362680
2480	M	2097152	1819	0x0	0	21.362865
2481	M	2097152	1820	0x0	0	21.365920
2482	M	2097152	1821	0x0	0	21.366046
2483	M	2097152	1822	0x0	0	21.366223
2484	M	2097152	1823	0x0	0	21.369393
2485	M	2097152	1824	0x0	0	21.369584
2486	M	2097152	1825	0x0	0	21.372697
2487	M	2097152	1826	0x0	0	21.372900
2488	M	2097152	1827	0x0	0	21.376022
2489	M	2097152	1828	0x0	0	21.376217
2490	M	2097152	1829	0x0	0	21.379295
2491	M	2097152	1830	0x0	0	21.379423
2492	M	2097152	1831	0x0	0	21.379589
2493	F	12582912	1529	0x0	0	21.523102
2494	F	12582912	1530	0x0	0	21.523161
2495	F	12582912	1531	0x0	0	21.523203
2496	F	12582912	1540	0x0	0	21.523244
2497	F	12582912	1548	0x0	0	21.523285
2498	F	20971520	1532	0x0	0	21.523322
2499	F	23068672	1534	0x0	0	21.523360
2500	F	23068672	1535	0x0	0	21.523397
2501	F	23068672	1536	0x0	0	21.523434
2502	F	23068672	1537	0x0	0	21.523486
2503	F	23068672	1538	0x0	0	21.523524
2504	F	23068672	1539	0x0	0	21.523560
2505	F	23068672	1542	0x0	0	21.523598
2506	F	23068672	1543	0x0	0	21.523637
2507	F	23068672	1544	0x0	0	21.523674
2508	F	23068672	1551	0x0	0	21.523710
2509	F	23068672	1552	0x0	0	21.523748
2510	F	23068672	1553	0x0	0	21.523786
2511	F	23068672	1554	0x0	0	21.523822
2512	F	23068672	1575	0x0	0	21.523860
2513	F	23068672	1741	0x0	0	21.523897
2514	F	23068672	1742	0x0	0	21.523933
2515	F	44040192	1533	0x0	0	21.523990
2516	F	50331648	1737	0x0	0	21.524028
2517	F	75497472	1763	0x0	0	21.524067
2518	F	2097152	1831	0x0	0	21.524123
2519	M	2097152	1832	0x0	0	21.539369
2520	M	20971520	1833	0x0	0	21.539760
2521	M	23068672	1834	0x0	0	21.539793
2522	M	2097152	1835	0x0	0	21.539858
2523	M	23068672	1836	0x0	0	21.540039
2524	M	23068672	1837	0x0	0	21.540206
2525	M	2097152	1838	0x0	0	21.540399
2526	M	2097152	1839	0x0	0	21.540648
2527	M	23068672	1840	0x0	0	21.540810
2528	M	23068672	1841	0x0	0	21.540851
2529	M	12582912	1842	0x0	0	21.540895
2530	M	88080384	1843	0x0	0	21.541117
2531	M	44040192	1844	0x0	0	21.541200
2532	M	44040192	1845	0x0	0	21.541238
2533	M	44040192	1846	0x0	0	21.541519
2534	M	44040192	1847	0x0	0	21.541551
2535	M	2097152	1848	0x0	0	21.544487
2536	M	44040192	1849	0x0	0	21.544982
2537	M	2097152	1850	0x0	0	21.552115
2538	F	20971520	1833	0x0	0	21.605690
2539	F	23068672	1514	0x0	0	21.605744
2540	F	23068672	1516	0x0	0	21.605784
2541	F	23068672	1834	0x0	0	21.605825
2542	F	23068672	1836	0x0	0	21.605863
2543	F	23068672	1837	0x0	0	21.605904
2544	F	23068672	1840	0x0	0	21.605941
2545	F	23068672	1841	0x0	0	21.605992
2546	F	44040192	1522	0x0	0	21.606029
2547	F	44040192	1844	0x0	0	21.606067
2548	F	44040192	1845	0x0	0	21.606103
2549	F	44040192	1846	0x0	0	21.606138
2550	F	44040192	1847	0x0	0	21.606176
2551	F	44040192	1849	0x0	0	21.606213
2552	F	65011712	1714	0x0	0	21.606252
2553	F	88080384	1843	0x0	0	21.606287
2554	F	2097152	1850	0x0	0	21.606318
2555	M	50331648	1851	0x0	0	21.606661
2556	F	50331648	1851	0x0	0	21.607770
2557	M	50331648	1852	0x0	0	21.607948
2558	F	12582912	1842	0x0	0	21.609178
2559	F	39845888	1689	0x0	0	21.609225
2560	F	50331648	1852	0x0	0	21.609264
2561	F	12582912	1515	0x0	0	21.622845
2562	M	46137344	1853	0x0	0	21.623225
2563	M	23068672	1854	0x0	0	21.623478
2564	M	46137344	1855	0x0	0	21.623642
2565	M	2097152	1856	0x0	0	21.625368
2566	M	2097152	1857	0x0	0	21.625578
2567	M	2097152	1858	0x0	0	21.625853
2568	M	2097152	1859	0x0	0	21.629455
2569	M	2097152	1860	0x0	0	21.631800
2570	M	2097152	1861	0x0	0	21.633124
2571	M	2097152	1862	0x0	0	21.635435
2572	M	2097152	1863	0x0	0	21.638469
2573	M	2097152	1864	0x0	0	21.640307
2574	M	2097152	1865	0x0	0	21.642705
2575	M	2097152	1866	0x0	0	21.644531
2576	M	2097152	1867	0x0	0	21.647545
2577	M	2097152	1868	0x0	0	21.649859
2578	M	2097152	1869	0x0	0	21.651673
2579	M	2097152	1870	0x0	0	21.654778
2580	M	2097152	1871	0x0	0	21.656611
2581	M	2097152	1872	0x0	0	21.660145
2582	M	2097152	1873	0x0	0	21.662454
2583	M	2097152	1874	0x0	0	21.665471
2584	M	2097152	1875	0x0	0	21.667771
2585	M	2097152	1876	0x0	0	21.669585
2586	M	2097152	1877	0x0	0	21.672626
2587	M	2097152	1878	0x0	0	21.674418
2588	M	2097152	1879	0x0	0	21.676216
2589	M	2097152	1880	0x0	0	21.678509
2590	M	2097152	1881	0x0	0	21.681496
2591	M	2097152	1882	0x0	0	21.683254
2592	M	2097152	1883	0x0	0	21.709032
2593	M	2097152	1884	0x0	0	21.709076
2594	M	2097152	1885	0x0	0	21.709108
2595	M	2097152	1886	0x0	0	21.709137
2596	M	2097152	1887	0x0	0	21.709155
2597	M	2097152	1888	0x0	0	21.709175
2598	M	2097152	1889	0x0	0	21.709204
2599	M	2097152	1890	0x0	0	21.709222
2600	M	2097152	1891	0x0	0	21.709241
2601	M	2097152	1892	0x0	0	21.709258
2602	M	2097152	1893	0x0	0	21.709288
2603	M	2097152	1894	0x0	0	21.709309
2604	M	2097152	1895	0x0	0	21.709340
2605	M	2097152	1896	0x0	0	21.709367
2606	M	2097152	1897	0x0	0	21.709386
2607	M	2097152	1898	0x0	0	21.709402
2608	M	2097152	1899	0x0	0	21.709424
2609	M	2097152	1900	0x0	0	21.709452
2610	M	2097152	1901	0x0	0	21.709471
2611	M	2097152	1902	0x0	0	21.709487
2612	M	2097152	1903	0x0	0	21.709516
2613	M	2097152	1904	0x0	0	21.709533
2614	M	2097152	1905	0x0	0	21.709553
2615	M	2097152	1906	0x0	0	21.709571
2616	M	2097152	1907	0x0	0	21.709587
2617	M	2097152	1908	0x0	0	21.709607
2618	M	2097152	1909	0x0	0	21.709636
2619	M	2097152	1910	0x0	0	21.709653
2620	M	2097152	1911	0x0	0	21.709671
2621	M	2097152	1912	0x0	0	21.709700
2622	M	2097152	1913	0x0	0	21.709717
2623	M	2097152	1914	0x0	0	21.709734
2624	M	2097152	1915	0x0	0	21.709751
2625	M	2097152	1916	0x0	0	21.709772
2626	M	2097152	1917	0x0	0	21.709789
2627	M	2097152	1918	0x0	0	21.709807
2628	M	2097152	1919	0x0	0	21.709824
2629	M	2097152	1920	0x0	0	21.709842
2630	M	2097152	1921	0x0	0	21.709861
2631	M	2097152	1922	0x0	0	21.709879
2632	M	2097152	1923	0x0	0	21.709898
2633	M	2097152	1924	0x0	0	21.709917
2634	M	2097152	1925	0x0	0	21.709946
2635	M	2097152	1926	0x0	0	21.709963
2636	M	2097152	1927	0x0	0	21.709982
2637	M	2097152	1928	0x0	0	21.710000
2638	M	2097152	1929	0x0	0	21.710029
2639	M	2097152	1930	0x0	0	21.710047
2640	M	2097152	1931	0x0	0	21.710066
2641	M	2097152	1932	0x0	0	21.710083
2642	M	2097152	1933	0x0	0	21.710115
2643	M	2097152	1934	0x0	0	21.710132
2644	M	2097152	1935	0x0	0	21.710152
2645	M	2097152	1936	0x0	0	21.710172
2646	M	2097152	1937	0x0	0	21.710188
2647	M	2097152	1938	0x0	0	21.710208
2648	M	2097152	1939	0x0	0	21.710228
2649	M	2097152	1940	0x0	0	21.710247
2650	M	2097152	1941	0x0	0	21.710264
2651	M	2097152	1942	0x0	0	21.710283
2652	M	2097152	1943	0x0	0	21.710312
2653	M	2097152	1944	0x0	0	21.710331
2654	M	2097152	1945	0x0	0	21.710350
2655	M	2097152	1946	0x0	0	21.710371
2656	M	2097152	1947	0x0	0	21.710387
2657	M	2097152	1948	0x0	0	21.710406
2658	M	2097152	1949	0x0	0	21.710424
2659	M	2097152	1950	0x0	0	21.710456
2660	M	2097152	1951	0x0	0	21.710472
2661	M	2097152	1952	0x0	0	21.710490
2662	M	2097152	1953	0x0	0	21.710507
2663	M	2097152	1954	0x0	0	21.710526
2664	M	2097152	1955	0x0	0	21.710547
2665	M	2097152	1956	0x0	0	21.710565
2666	M	2097152	1957	0x0	0	21.710593
2667	M	2097152	1958	0x0	0	21.710611
2668	M	2097152	1959	0x0	0	21.710630
2669	M	2097152	1960	0x0	0	21.710647
2670	M	2097152	1961	0x0	0	21.710665
2671	M	2097152	1962	0x0	0	21.710685
2672	M	2097152	1963	0x0	0	21.710714
2673	M	2097152	1964	0x0	0	21.710732
2674	M	2097152	1965	0x0	0	21.710750
2675	M	2097152	1966	0x0	0	21.710768
2676	M	2097152	1967	0x0	0	21.710787
2677	M	2097152	1968	0x0	0	21.710815
2678	M	2097152	1969	0x0	0	21.710844
2679	M	2097152	1970	0x0	0	21.710862
2680	M	2097152	1971	0x0	0	21.710880
2681	M	2097152	1972	0x0	0	21.710898
2682	M	2097152	1973	0x0	0	21.710915
2683	M	2097152	1974	0x0	0	21.710934
2684	M	2097152	1975	0x0	0	21.710951
2685	M	2097152	1976	0x0	0	21.710980
2686	M	2097152	1977	0x0	0	21.711010
2687	M	2097152	1978	0x0	0	21.711028
2688	M	2097152	1979	0x0	0	21.711045
2689	M	2097152	1980	0x0	0	21.711065
2690	M	2097152	1981	0x0	0	21.711081
2691	M	2097152	1982	0x0	0	21.711219
2692	M	2097152	1983	0x0	0	21.711283
2693	M	2097152	1984	0x0	0	21.711329
2694	M	2097152	1985	0x0	0	21.711392
2695	M	2097152	1986	0x0	0	21.711454
2696	M	2097152	1987	0x0	0	21.711484
2697	M	2097152	1988	0x0	0	21.711504
2698	M	2097152	1989	0x0	0	21.711522
2699	M	2097152	1990	0x0	0	21.711542
2700	M	2097152	1991	0x0	0	21.711559
2701	M	2097152	1992	0x0	0	21.711576
2702	M	2097152	1993	0x0	0	21.711596
2703	M	2097152	1994	0x0	0	21.711615
2704	M	2097152	1995	0x0	0	21.711632
2705	M	2097152	1996	0x0	0	21.711650
2706	M	2097152	1997	0x0	0	21.711668
2707	M	2097152	1998	0x0	0	21.711688
2708	M	2097152	1999	0x0	0	21.711706
2709	M	2097152	2000	0x0	0	21.711725
2710	M	2097152	2001	0x0	0	21.711745
2711	M	2097152	2002	0x0	0	21.711773
2712	M	2097152	2003	0x0	0	21.711792
2713	M	2097152	2004	0x0	0	21.711811
2714	M	2097152	2005	0x0	0	21.711830
2715	M	2097152	2006	0x0	0	21.711848
2716	M	2097152	2007	0x0	0	21.711867
2717	F	20971520	1519	0x0	0	21.835801
2718	F	23068672	1504	0x0	0	21.835867
2719	F	23068672	1854	0x0	0	21.835914
2720	F	44040192	1505	0x0	0	21.835963
2721	F	44040192	1648	0x0	0	21.836020
2722	F	46137344	1508	0x0	0	21.836065
2723	F	46137344	1853	0x0	0	21.836112
2724	F	46137344	1855	0x0	0	21.836157
2725	F	130023424	1669	0x0	0	21.836209
2726	F	2097152	649	0x0	0	21.836276
2727	F	2097152	1730	0x0	0	21.836286
2728	F	2097152	1731	0x0	0	21.836292
2729	F	2097152	1732	0x0	0	21.836298
2730	F	2097152	1738	0x0	0	21.836305
2731	F	2097152	1739	0x0	0	21.836311
2732	F	2097152	1740	0x0	0	21.836317
2733	F	2097152	1743	0x0	0	21.836324
2734	F	2097152	1744	0x0	0	21.836330
2735	F	2097152	1745	0x0	0	21.836335
2736	F	2097152	1746	0x0	0	21.836341
2737	F	2097152	1747	0x0	0	21.836347
2738	F	2097152	1748	0x0	0	21.836354
2739	F	2097152	1749	0x0	0	21.836360
2740	F	2097152	1750	0x0	0	21.836366
2741	F	2097152	1751	0x0	0	21.836372
2742	F	2097152	1752	0x0	0	21.836377
2743	F	2097152	1753	0x0	0	21.836382
2744	F	2097152	1754	0x0	0	21.836387
2745	F	2097152	1755	0x0	0	21.836392
2746	F	2097152	1756	0x0	0	21.836397
2747	F	2097152	1757	0x0	0	21.836402
2748	F	2097152	1758	0x0	0	21.836409
2749	F	2097152	1759	0x0	0	21.836414
2750	F	2097152	1760	0x0	0	21.836419
2751	F	2097152	1761	0x0	0	21.836424
2752	F	2097152	1762	0x0	0	21.836430
2753	F	2097152	1764	0x0	0	21.836435
2754	F	2097152	1765	0x0	0	21.836440
2755	F	2097152	1766	0x0	0	21.836445
2756	F	2097152	1767	0x0	0	21.836450
2757	F	2097152	1768	0x0	0	21.836456
2758	F	2097152	1769	0x0	0	21.836462
2759	F	2097152	1770	0x0	0	21.836467
2760	F	2097152	1771	0x0	0	21.836472
2761	F	2097152	1772	0x0	0	21.836477
2762	F	2097152	1773	0x0	0	21.836482
2763	F	2097152	1774	0x0	0	21.836488
2764	F	2097152	1775	0x0	0	21.836493
2765	F	2097152	1776	0x0	0	21.836498
2766	F	2097152	1777	0x0	0	21.836505
2767	F	2097152	1778	0x0	0	21.836512
2768	F	2097152	1779	0x0	0	21.836517
2769	F	2097152	1780	0x0	0	21.836523
2770	F	2097152	1781	0x0	0	21.836528
2771	F	2097152	1782	0x0	0	21.836534
2772	F	2097152	1783	0x0	0	21.836539
2773	F	2097152	1784	0x0	0	21.836545
2774	F	2097152	1785	0x0	0	21.836550
2775	F	2097152	1786	0x0	0	21.836556
2776	F	2097152	1787	0x0	0	21.836561
2777	F	2097152	1788	0x0	0	21.836566
2778	F	2097152	1789	0x0	0	21.836571
2779	F	2097152	1790	0x0	0	21.836576
2780	F	2097152	1791	0x0	0	21.836581
2781	F	2097152	1792	0x0	0	21.836587
2782	F	2097152	1793	0x0	0	21.836593
2783	F	2097152	1794	0x0	0	21.836597
2784	F	2097152	1795	0x0	0	21.836602
2785	F	2097152	1796	0x0	0	21.836607
2786	F	2097152	1797	0x0	0	21.836612
2787	F	2097152	1798	0x0	0	21.836617
2788	F	2097152	1799	0x0	0	21.836621
2789	F	2097152	1800	0x0	0	21.836627
2790	F	2097152	1801	0x0	0	21.836632
2791	F	2097152	1802	0x0	0	21.836637
2792	F	2097152	1803	0x0	0	21.836642
2793	F	2097152	1804	0x0	0	21.836646
2794	F	2097152	1805	0x0	0	21.836651
2795	F	2097152	1806	0x0	0	21.836656
2796	F	2097152	1807	0x0	0	21.836660
2797	F	2097152	1808	0x0	0	21.836665
2798	F	2097152	1809	0x0	0	21.836671
2799	F	2097152	1810	0x0	0	21.836675
2800	F	2097152	1811	0x0	0	21.836680
2801	F	2097152	1812	0x0	0	21.836685
2802	F	2097152	1813	0x0	0	21.836690
2803	F	2097152	1814	0x0	0	21.836695
2804	F	2097152	1815	0x0	0	21.836700
2805	F	2097152	1816	0x0	0	21.836705
2806	F	2097152	1817	0x0	0	21.836709
2807	F	2097152	1818	0x0	0	21.836714
2808	F	2097152	1819	0x0	0	21.836719
2809	F	2097152	1820	0x0	0	21.836723
2810	F	2097152	1821	0x0	0	21.836728
2811	F	2097152	1822	0x0	0	21.836732
2812	F	2097152	1823	0x0	0	21.836737
2813	F	2097152	1824	0x0	0	21.836741
2814	F	2097152	1825	0x0	0	21.836746
2815	F	2097152	1826	0x0	0	21.836751
2816	F	2097152	1827	0x0	0	21.836756
2817	F	2097152	1828	0x0	0	21.836761
2818	F	2097152	1829	0x0	0	21.836765
2819	F	2097152	1830	0x0	0	21.836770
2820	F	2097152	1835	0x0	0	21.836776
2821	F	2097152	1838	0x0	0	21.836782
2822	F	2097152	1839	0x0	0	21.836787
2823	F	2097152	1848	0x0	0	21.836794
2824	F	2097152	1856	0x0	0	21.836800
2825	F	2097152	1857	0x0	0	21.836806
2826	F	2097152	1858	0x0	0	21.836811
2827	F	2097152	1859	0x0	0	21.836816
2828	F	2097152	1860	0x0	0	21.836821
2829	F	2097152	1861	0x0	0	21.836826
2830	F	2097152	1862	0x0	0	21.836832
2831	F	2097152	1863	0x0	0	21.836836
2832	F	2097152	1864	0x0	0	21.836841
2833	F	2097152	1865	0x0	0	21.836846
2834	F	2097152	1866	0x0	0	21.836851
2835	F	2097152	1867	0x0	0	21.836855
2836	F	2097152	1868	0x0	0	21.836860
2837	F	2097152	1869	0x0	0	21.836868
2838	F	2097152	1870	0x0	0	21.836874
2839	F	2097152	1871	0x0	0	21.836879
2840	F	2097152	1872	0x0	0	21.836884
2841	F	2097152	1873	0x0	0	21.836889
2842	F	2097152	1874	0x0	0	21.836894
2843	F	2097152	1875	0x0	0	21.836899
2844	F	2097152	1876	0x0	0	21.836903
2845	F	2097152	1877	0x0	0	21.836908
2846	F	2097152	1878	0x0	0	21.836914
2847	F	2097152	1879	0x0	0	21.836920
2848	F	2097152	1880	0x0	0	21.836925
2849	F	2097152	1881	0x0	0	21.836930
2850	F	2097152	1882	0x0	0	21.836934
2851	F	2097152	1883	0x0	0	21.836939
2852	F	2097152	1884	0x0	0	21.836944
2853	F	2097152	1885	0x0	0	21.836949
2854	F	2097152	1886	0x0	0	21.836954
2855	F	2097152	1887	0x0	0	21.836959
2856	F	2097152	1888	0x0	0	21.836964
2857	F	2097152	1889	0x0	0	21.836969
2858	F	2097152	1890	0x0	0	21.836974
2859	F	2097152	1891	0x0	0	21.836978
2860	F	2097152	1892	0x0	0	21.836983
2861	F	2097152	1893	0x0	0	21.836989
2862	F	2097152	1894	0x0	0	21.836994
2863	F	2097152	1895	0x0	0	21.836999
2864	F	2097152	1896	0x0	0	21.837005
2865	F	2097152	1897	0x0	0	21.837010
2866	F	2097152	1898	0x0	0	21.837015
2867	F	2097152	1899	0x0	0	21.837019
2868	F	2097152	1900	0x0	0	21.837024
2869	F	2097152	1901	0x0	0	21.837029
2870	F	2097152	1902	0x0	0	21.837034
2871	F	2097152	1903	0x0	0	21.837039
2872	F	2097152	1904	0x0	0	21.837043
2873	F	2097152	1905	0x0	0	21.837048
2874	F	2097152	1906	0x0	0	21.837053
2875	F	2097152	1907	0x0	0	21.837057
2876	F	2097152	1908	0x0	0	21.837062
2877	F	2097152	1909	0x0	0	21.837067
2878	F	2097152	1910	0x0	0	21.837071
2879	F	2097152	1911	0x0	0	21.837076
2880	F	2097152	1912	0x0	0	21.837081
2881	F	2097152	1913	0x0	0	21.837085
2882	F	2097152	1914	0x0	0	21.837089
2883	F	2097152	1915	0x0	0	21.837097
2884	F	2097152	1916	0x0	0	21.837103
2885	F	2097152	1917	0x0	0	21.837107
2886	F	2097152	1918	0x0	0	21.837112
2887	F	2097152	1919	0x0	0	21.837117
2888	F	2097152	1920	0x0	0	21.837121
2889	F	2097152	1921	0x0	0	21.837125
2890	F	2097152	1922	0x0	0	21.837129
2891	F	2097152	1923	0x0	0	21.837133
2892	F	2097152	1924	0x0	0	21.837138
2893	F	2097152	1925	0x0	0	21.837142
2894	F	2097152	1926	0x0	0	21.837146
2895	F	2097152	1927	0x0	0	21.837150
2896	F	2097152	1928	0x0	0	21.837155
2897	F	2097152	1929	0x0	0	21.837159
2898	F	2097152	1930	0x0	0	21.837163
2899	F	2097152	1931	0x0	0	21.837167
2900	F	2097152	1932	0x0	0	21.837172
2901	F	2097152	1933	0x0	0	21.837177
2902	F	2097152	1934	0x0	0	21.837181
2903	F	2097152	1935	0x0	0	21.837185
2904	F	2097152	1936	0x0	0	21.837191
2905	F	2097152	1937	0x0	0	21.837196
2906	F	2097152	1938	0x0	0	21.837199
2907	F	2097152	1939	0x0	0	21.837203
2908	F	2097152	1940	0x0	0	21.837208
2909	F	2097152	1941	0x0	0	21.837212
2910	F	2097152	1942	0x0	0	21.837216
2911	F	2097152	1943	0x0	0	21.837221
2912	F	2097152	1944	0x0	0	21.837225
2913	F	2097152	1945	0x0	0	21.837230
2914	F	2097152	1946	0x0	0	21.837235
2915	F	2097152	1947	0x0	0	21.837240
2916	F	2097152	1948	0x0	0	21.837244
2917	F	2097152	1949	0x0	0	21.837249
2918	F	2097152	1950	0x0	0	21.837255
2919	F	2097152	1951	0x0	0	21.837259
2920	F	2097152	1952	0x0	0	21.837263
2921	F	2097152	1953	0x0	0	21.837268
2922	F	2097152	1954	0x0	0	21.837273
2923	F	2097152	1955	0x0	0	21.837277
2924	F	2097152	1956	0x0	0	21.837281
2925	F	2097152	1957	0x0	0	21.837286
2926	F	2097152	1958	0x0	0	21.837292
2927	F	2097152	1959	0x0	0	21.837296
2928	F	2097152	1960	0x0	0	21.837301
2929	F	2097152	1961	0x0	0	21.837306
2930	F	2097152	1962	0x0	0	21.837311
2931	F	2097152	1963	0x0	0	21.837315
2932	F	2097152	1964	0x0	0	21.837320
2933	F	2097152	1965	0x0	0	21.837325
2934	F	2097152	1966	0x0	0	21.837329
2935	F	2097152	1967	0x0	0	21.837333
2936	F	2097152	1968	0x0	0	21.837337
2937	F	2097152	1969	0x0	0	21.837341
2938	F	2097152	1970	0x0	0	21.837346
2939	F	2097152	1971	0x0	0	21.837351
2940	F	2097152	1972	0x0	0	21.837356
2941	F	2097152	1973	0x0	0	21.837360
2942	F	2097152	1974	0x0	0	21.837364
2943	F	2097152	1975	0x0	0	21.837368
2944	F	2097152	1976	0x0	0	21.837373
2945	F	2097152	1977	0x0	0	21.837378
2946	F	2097152	1978	0x0	0	21.837382
2947	F	2097152	1979	0x0	0	21.837386
2948	F	2097152	1980	0x0	0	21.837391
2949	F	2097152	1981	0x0	0	21.837395
2950	F	2097152	1982	0x0	0	21.837399
2951	F	2097152	1983	0x0	0	21.837404
2952	F	2097152	1984	0x0	0	21.837410
2953	F	2097152	1985	0x0	0	21.837414
2954	F	2097152	1986	0x0	0	21.837419
2955	F	2097152	1987	0x0	0	21.837423
2956	F	2097152	1988	0x0	0	21.837427
2957	F	2097152	1989	0x0	0	21.837432
2958	F	2097152	1990	0x0	0	21.837436
2959	F	2097152	1991	0x0	0	21.837440
2960	F	2097152	1992	0x0	0	21.837444
2961	F	2097152	1993	0x0	0	21.837449
2962	F	2097152	1994	0x0	0	21.837453
2963	F	2097152	1995	0x0	0	21.837458
2964	F	2097152	1996	0x0	0	21.837463
2965	F	2097152	1997	0x0	0	21.837467
2966	F	2097152	1998	0x0	0	21.837471
2967	F	2097152	1999	0x0	0	21.837475
2968	F	2097152	2000	0x0	0	21.837480
2969	F	2097152	2001	0x0	0	21.837484
2970	F	2097152	2002	0x0	0	21.837489
2971	F	2097152	2003	0x0	0	21.837494
2972	F	2097152	2004	0x0	0	21.837498
2973	F	2097152	2005	0x0	0	21.837503
2974	F	2097152	2006	0x0	0	21.837508
2975	F	2097152	2007	0x0	0	21.837513
2976	M	20971520	2008	0x0	0	21.838807
2977	M	20971520	2009	0x0	0	21.882534
2978	M	20971520	2010	0x0	0	21.882611
2979	M	20971520	2011	0x0	0	21.882669
2980	M	23068672	2012	0x0	0	21.883523
2981	M	44040192	2013	0x0	0	21.883829
2982	M	44040192	2014	0x0	0	21.883877
2983	M	46137344	2015	0x0	0	21.883978
2984	M	46137344	2016	0x0	0	21.884501
2985	M	50331648	2017	0x0	0	21.885298
2986	M	88080384	2018	0x0	0	21.887305
2987	M	44040192	2019	0x0	0	21.887408
2988	M	44040192	2020	0x0	0	21.893156
2989	M	23068672	2021	0x0	0	21.929005
2990	M	23068672	2022	0x0	0	21.930648
2991	M	23068672	2023	0x0	0	21.930696
2992	M	23068672	2024	0x0	0	21.941786
2993	M	75497472	2025	0x0	0	21.944123
2994	M	23068672	2026	0x0	0	21.950813
2995	M	23068672	2027	0x0	0	21.958546
2996	M	23068672	2028	0x0	0	21.964053
2997	H	262144	2029	0x0	0	21.967836
2998	H	8388608	2030	0x0	0	21.968760
2999	M	23068672	2031	0x0	0	21.970534
3000	M	23068672	2032	0x0	0	21.976849
3001	M	23068672	2033	0x0	0	21.980804
3002	M	23068672	2034	0x0	0	21.982448
3003	M	2097152	2035	0x0	0	21.986443
3004	M	2097152	2036	0x0	0	21.987870
3005	M	2097152	2037	0x0	0	21.988691
3006	M	23068672	2038	0x0	0	21.989282
3007	M	2097152	2039	0x0	0	21.990414
3008	M	23068672	2040	0x0	0	21.991071
3009	M	2097152	2041	0x0	0	21.992100
3010	M	2097152	2042	0x0	0	21.993330
3011	M	2097152	2043	0x0	0	21.994853
3012	M	2097152	2044	0x0	0	21.995567
3013	M	98566144	2045	0x0	0	21.996321
3014	M	65011712	2046	0x0	0	21.996623
3015	M	67108864	2047	0x0	0	21.996750
3016	M	2097152	2048	0x0	0	21.998492
3017	M	44040192	2049	0x0	0	21.999069
3018	M	44040192	2050	0x0	0	22.000716
3019	M	44040192	2051	0x0	0	22.003062
3020	M	2097152	2052	0x0	0	22.004540
3021	M	44040192	2053	0x0	0	22.007179
3022	M	44040192	2054	0x0	0	22.008779
3023	M	195035136	2055	0x0	0	22.008995
3024	M	130023424	2056	0x0	0	22.009261
3025	M	130023424	2057	0x0	0	22.009308
3026	M	88080384	2058	0x0	0	22.018868
3027	M	69206016	2059	0x0	0	22.018966
3028	M	88080384	2060	0x0	0	22.019773
3029	M	130023424	2061	0x0	0	22.020994
3030	M	130023424	2062	0x0	0	22.021761
3031	M	146800640	2063	0x0	0	22.044326
3032	M	2097152	2064	0x0	0	22.136575
3033	M	2097152	2065	0x0	0	22.138060
3034	M	2097152	2066	0x0	0	22.139811
3035	M	2097152	2067	0x0	0	22.143139
3036	M	2097152	2068	0x0	0	22.144360
3037	M	2097152	2069	0x0	0	22.146470
3038	M	2097152	2070	0x0	0	22.147468
3039	M	2097152	2071	0x0	0	22.148674
3040	M	2097152	2072	0x0	0	22.149955
3041	M	2097152	2073	0x0	0	22.151800
3042	M	2097152	2074	0x0	0	22.153260
3043	M	2097152	2075	0x0	0	22.154996
3044	M	2097152	2076	0x0	0	22.156440
3045	M	2097152	2077	0x0	0	22.157659
3046	M	2097152	2078	0x0	0	22.159756
3047	M	2097152	2079	0x0	0	22.160749
3048	M	2097152	2080	0x0	0	22.161970
3049	M	2097152	2081	0x0	0	22.163250
3050	M	2097152	2082	0x0	0	22.165087
3051	M	2097152	2083	0x0	0	22.166562
3052	M	2097152	2084	0x0	0	22.168307
3053	M	2097152	2085	0x0	0	22.169750
3054	M	2097152	2086	0x0	0	22.170983
3055	M	2097152	2087	0x0	0	22.173083
3056	M	2097152	2088	0x0	0	22.174087
3057	M	2097152	2089	0x0	0	22.175314
3058	M	2097152	2090	0x0	0	22.177023
3059	M	2097152	2091	0x0	0	22.178883
3060	M	2097152	2092	0x0	0	22.180350
3061	M	2097152	2093	0x0	0	22.182109
3062	M	2097152	2094	0x0	0	22.183576
3063	M	2097152	2095	0x0	0	22.184783
3064	M	2097152	2096	0x0	0	22.186870
3065	M	2097152	2097	0x0	0	22.187865
3066	M	2097152	2098	0x0	0	22.189074
3067	M	2097152	2099	0x0	0	22.190385
3068	M	2097152	2100	0x0	0	22.192239
3069	M	2097152	2101	0x0	0	22.193713
3070	M	2097152	2102	0x0	0	22.195478
3071	M	2097152	2103	0x0	0	22.196923
3072	M	2097152	2104	0x0	0	22.198141
3073	M	2097152	2105	0x0	0	22.200237
3074	M	2097152	2106	0x0	0	22.201227
3075	M	2097152	2107	0x0	0	22.202438
3076	M	2097152	2108	0x0	0	22.203708
3077	M	2097152	2109	0x0	0	22.205547
3078	M	2097152	2110	0x0	0	22.207021
3079	M	2097152	2111	0x0	0	22.233746
3080	M	2097152	2112	0x0	0	22.236205
3081	M	2097152	2113	0x0	0	22.237424
3082	M	2097152	2114	0x0	0	22.239526
3083	M	2097152	2115	0x0	0	22.240532
3084	M	2097152	2116	0x0	0	22.241738
3085	M	2097152	2117	0x0	0	22.243012
3086	M	2097152	2118	0x0	0	22.244857
3087	M	2097152	2119	0x0	0	22.292365
3088	M	2097152	2120	0x0	0	22.294137
3089	M	2097152	2121	0x0	0	22.295598
3090	M	2097152	2122	0x0	0	22.296811
3091	M	2097152	2123	0x0	0	22.298918
3092	M	2097152	2124	0x0	0	22.299914
3093	M	2097152	2125	0x0	0	22.301129
3094	M	2097152	2126	0x0	0	22.302414
3095	M	2097152	2127	0x0	0	22.322871
3096	M	2097152	2128	0x0	0	22.324355
3097	M	2097152	2129	0x0	0	22.326115
3098	M	2097152	2130	0x0	0	22.327569
3099	M	2097152	2131	0x0	0	22.328788
3100	M	2097152	2132	0x0	0	22.330919
3101	M	2097152	2133	0x0	0	22.331926
3102	M	2097152	2134	0x0	0	22.333144
3103	M	2097152	2135	0x0	0	22.348474
3104	M	2097152	2136	0x0	0	22.348985
3105	M	2097152	2137	0x0	0	22.349150
3106	M	2097152	2138	0x0	0	22.349395
3107	M	2097152	2139	0x0	0	22.350165
3108	M	2097152	2140	0x0	0	22.353449
3109	M	2097152	2141	0x0	0	22.405111
3110	M	2097152	2142	0x0	0	22.406808
3111	M	2097152	2143	0x0	0	22.408760
3112	M	2097152	2144	0x0	0	22.410566
3113	M	2097152	2145	0x0	0	22.411476
3114	M	2097152	2146	0x0	0	22.413214
3115	M	2097152	2147	0x0	0	22.424949
3116	M	2097152	2148	0x0	0	22.426729
3117	M	2097152	2149	0x0	0	22.428318
3118	M	2097152	2150	0x0	0	22.430114
3119	M	2097152	2151	0x0	0	22.431782
3120	M	2097152	2152	0x0	0	22.433589
3121	M	2097152	2153	0x0	0	22.434493
3122	M	2097152	2154	0x0	0	22.436218
3123	M	2097152	2155	0x0	0	22.437543
3124	M	2097152	2156	0x0	0	22.453422
3125	M	2097152	2157	0x0	0	22.455019
3126	M	2097152	2158	0x0	0	22.456824
3127	M	2097152	2159	0x0	0	22.458505
3128	M	2097152	2160	0x0	0	22.460316
3129	M	2097152	2161	0x0	0	22.461219
3130	M	2097152	2162	0x0	0	22.462936
3131	M	2097152	2163	0x0	0	22.464259
3132	M	2097152	2164	0x0	0	22.476599
3133	M	2097152	2165	0x0	0	22.478190
3134	M	2097152	2166	0x0	0	22.479981
3135	M	2097152	2167	0x0	0	22.481660
3136	M	2097152	2168	0x0	0	22.483480
3137	M	2097152	2169	0x0	0	22.484388
3138	M	2097152	2170	0x0	0	22.486127
3139	M	2097152	2171	0x0	0	22.487454
3140	M	2097152	2172	0x0	0	22.489236
3141	M	2097152	2173	0x0	0	22.500991
3142	M	2097152	2174	0x0	0	22.501172
3143	M	2097152	2175	0x0	0	22.501363
3144	M	2097152	2176	0x0	0	22.501546
3145	M	2097152	2177	0x0	0	22.501777
3146	M	2097152	2178	0x0	0	22.501878
3147	M	2097152	2179	0x0	0	22.556326
3148	M	2097152	2180	0x0	0	22.556366
3149	M	2097152	2181	0x0	0	22.556396
3150	M	2097152	2182	0x0	0	22.556413
3151	M	2097152	2183	0x0	0	22.556442
3152	M	2097152	2184	0x0	0	22.556462
3153	M	2097152	2185	0x0	0	22.556479
3154	M	2097152	2186	0x0	0	22.556509
3155	M	2097152	2187	0x0	0	22.556542
3156	M	2097152	2188	0x0	0	22.556558
3157	M	2097152	2189	0x0	0	22.556575
3158	M	2097152	2190	0x0	0	22.556593
3159	M	2097152	2191	0x0	0	22.556611
3160	M	2097152	2192	0x0	0	22.556629
3161	M	2097152	2193	0x0	0	22.556646
3162	M	2097152	2194	0x0	0	22.556662
3163	M	2097152	2195	0x0	0	22.556683
3164	M	2097152	2196	0x0	0	22.556699
3165	M	2097152	2197	0x0	0	22.556717
3166	M	2097152	2198	0x0	0	22.556735
3167	M	2097152	2199	0x0	0	22.556753
3168	M	2097152	2200	0x0	0	22.556782
3169	M	2097152	2201	0x0	0	22.556799
3170	M	2097152	2202	0x0	0	22.556815
3171	M	2097152	2203	0x0	0	22.556830
3172	M	2097152	2204	0x0	0	22.556848
3173	M	2097152	2205	0x0	0	22.556877
3174	M	2097152	2206	0x0	0	22.556893
3175	M	2097152	2207	0x0	0	22.556910
3176	M	2097152	2208	0x0	0	22.556927
3177	M	2097152	2209	0x0	0	22.556942
3178	M	2097152	2210	0x0	0	22.556959
3179	M	2097152	2211	0x0	0	22.556974
3180	M	2097152	2212	0x0	0	22.556994
3181	M	2097152	2213	0x0	0	22.557020
3182	M	2097152	2214	0x0	0	22.557038
3183	M	2097152	2215	0x0	0	22.557056
3184	M	2097152	2216	0x0	0	22.557075
3185	M	2097152	2217	0x0	0	22.557091
3186	M	2097152	2218	0x0	0	22.557112
3187	M	2097152	2219	0x0	0	22.557130
3188	M	2097152	2220	0x0	0	22.557147
3189	M	2097152	2221	0x0	0	22.557164
3190	M	2097152	2222	0x0	0	22.557179
3191	M	2097152	2223	0x0	0	22.557196
3192	M	2097152	2224	0x0	0	22.557214
3193	M	2097152	2225	0x0	0	22.557231
3194	M	2097152	2226	0x0	0	22.557247
3195	M	2097152	2227	0x0	0	22.557263
3196	M	2097152	2228	0x0	0	22.557279
3197	M	2097152	2229	0x0	0	22.557301
3198	M	2097152	2230	0x0	0	22.557319
3199	M	2097152	2231	0x0	0	22.557337
3200	M	2097152	2232	0x0	0	22.557354
3201	M	2097152	2233	0x0	0	22.557370
3202	M	2097152	2234	0x0	0	22.557389
3203	M	2097152	2235	0x0	0	22.557408
3204	M	2097152	2236	0x0	0	22.557425
3205	M	2097152	2237	0x0	0	22.557442
3206	M	2097152	2238	0x0	0	22.557460
3207	M	2097152	2239	0x0	0	22.557476
3208	M	2097152	2240	0x0	0	22.557493
3209	M	2097152	2241	0x0	0	22.557510
3210	M	2097152	2242	0x0	0	22.557528
3211	M	2097152	2243	0x0	0	22.557545
3212	M	2097152	2244	0x0	0	22.557564
3213	M	2097152	2245	0x0	0	22.557582
3214	M	2097152	2246	0x0	0	22.557602
3215	M	2097152	2247	0x0	0	22.557618
3216	M	2097152	2248	0x0	0	22.557634
3217	M	2097152	2249	0x0	0	22.557650
3218	M	2097152	2250	0x0	0	22.557667
3219	M	2097152	2251	0x0	0	22.557683
3220	M	2097152	2252	0x0	0	22.557698
3221	M	2097152	2253	0x0	0	22.557716
3222	M	2097152	2254	0x0	0	22.557732
3223	M	2097152	2255	0x0	0	22.557750
3224	M	2097152	2256	0x0	0	22.557765
3225	M	2097152	2257	0x0	0	22.557782
3226	M	2097152	2258	0x0	0	22.557799
3227	M	2097152	2259	0x0	0	22.557816
3228	M	2097152	2260	0x0	0	22.557836
3229	M	2097152	2261	0x0	0	22.557853
3230	M	2097152	2262	0x0	0	22.557868
3231	M	2097152	2263	0x0	0	22.557889
3232	M	2097152	2264	0x0	0	22.557917
3233	M	2097152	2265	0x0	0	22.557935
3234	M	2097152	2266	0x0	0	22.557952
3235	M	2097152	2267	0x0	0	22.557968
3236	M	2097152	2268	0x0	0	22.557985
3237	M	2097152	2269	0x0	0	22.558003
3238	M	2097152	2270	0x0	0	22.558020
3239	M	2097152	2271	0x0	0	22.558036
3240	M	2097152	2272	0x0	0	22.558052
3241	M	2097152	2273	0x0	0	22.558069
3242	M	2097152	2274	0x0	0	22.558087
3243	M	2097152	2275	0x0	0	22.558107
3244	M	2097152	2276	0x0	0	22.558124
3245	M	2097152	2277	0x0	0	22.558142
3246	M	2097152	2278	0x0	0	22.558186
3247	M	2097152	2279	0x0	0	22.558238
3248	M	2097152	2280	0x0	0	22.558286
3249	M	2097152	2281	0x0	0	22.558350
3250	M	2097152	2282	0x0	0	22.558372
3251	M	2097152	2283	0x0	0	22.558389
3252	M	2097152	2284	0x0	0	22.558405
3253	M	2097152	2285	0x0	0	22.558422
3254	M	2097152	2286	0x0	0	22.558439
3255	M	2097152	2287	0x0	0	22.558454
3256	M	2097152	2288	0x0	0	22.558472
3257	M	2097152	2289	0x0	0	22.558488
3258	M	2097152	2290	0x0	0	22.558507
3259	M	2097152	2291	0x0	0	22.558524
3260	M	2097152	2292	0x0	0	22.558541
3261	M	2097152	2293	0x0	0	22.558558
3262	M	2097152	2294	0x0	0	22.558577
3263	M	2097152	2295	0x0	0	22.558596
3264	M	2097152	2296	0x0	0	22.558613
3265	M	2097152	2297	0x0	0	22.558632
3266	M	2097152	2298	0x0	0	22.558659
3267	M	2097152	2299	0x0	0	22.558675
3268	M	2097152	2300	0x0	0	22.558690
3269	M	2097152	2301	0x0	0	22.558708
3270	F	20971520	2009	0x0	0	22.979439
3271	F	20971520	2010	0x0	0	22.979504
3272	F	20971520	2011	0x0	0	22.979550
3273	F	23068672	2012	0x0	0	22.979594
3274	F	23068672	2021	0x0	0	22.979649
3275	F	23068672	2022	0x0	0	22.979695
3276	F	23068672	2023	0x0	0	22.979733
3277	F	23068672	2024	0x0	0	22.979775
3278	F	23068672	2026	0x0	0	22.979816
3279	F	23068672	2027	0x0	0	22.979857
3280	F	23068672	2028	0x0	0	22.979894
3281	F	23068672	2031	0x0	0	22.979934
3282	F	23068672	2032	0x0	0	22.979974
3283	F	23068672	2033	0x0	0	22.980013
3284	F	23068672	2034	0x0	0	22.980052
3285	F	23068672	2038	0x0	0	22.980091
3286	F	23068672	2040	0x0	0	22.980164
3287	F	44040192	2013	0x0	0	22.980208
3288	F	44040192	2014	0x0	0	22.980248
3289	F	44040192	2019	0x0	0	22.980287
3290	F	44040192	2020	0x0	0	22.980329
3291	F	44040192	2049	0x0	0	22.980371
3292	F	44040192	2050	0x0	0	22.980410
3293	F	44040192	2051	0x0	0	22.980450
3294	F	44040192	2053	0x0	0	22.980490
3295	F	44040192	2054	0x0	0	22.980529
3296	F	46137344	2015	0x0	0	22.980571
3297	F	46137344	2016	0x0	0	22.980610
3298	F	50331648	2017	0x0	0	22.980649
3299	F	65011712	2046	0x0	0	22.980689
3300	F	67108864	2047	0x0	0	22.980728
3301	F	69206016	2059	0x0	0	22.980774
3302	F	75497472	2025	0x0	0	22.980812
3303	F	88080384	2018	0x0	0	22.980850
3304	F	88080384	2058	0x0	0	22.980889
3305	F	88080384	2060	0x0	0	22.980929
3306	F	98566144	2045	0x0	0	22.980968
3307	F	130023424	2056	0x0	0	22.981007
3308	F	130023424	2057	0x0	0	22.981044
3309	F	130023424	2061	0x0	0	22.981089
3310	F	130023424	2062	0x0	0	22.981131
3311	F	146800640	2063	0x0	0	22.981171
3312	F	195035136	2055	0x0	0	22.981210
3313	F	2097152	1832	0x0	0	22.981271
3314	F	2097152	2035	0x0	0	22.981278
3315	F	2097152	2036	0x0	0	22.981284
3316	F	2097152	2037	0x0	0	22.981290
3317	F	2097152	2039	0x0	0	22.981297
3318	F	2097152	2041	0x0	0	22.981303
3319	F	2097152	2042	0x0	0	22.981309
3320	F	2097152	2043	0x0	0	22.981314
3321	F	2097152	2044	0x0	0	22.981319
3322	F	2097152	2048	0x0	0	22.981325
3323	F	2097152	2052	0x0	0	22.981331
3324	F	2097152	2064	0x0	0	22.981337
3325	F	2097152	2065	0x0	0	22.981342
3326	F	2097152	2066	0x0	0	22.981348
3327	F	2097152	2067	0x0	0	22.981353
3328	F	2097152	2068	0x0	0	22.981359
3329	F	2097152	2069	0x0	0	22.981364
3330	F	2097152	2070	0x0	0	22.981370
3331	F	2097152	2071	0x0	0	22.981375
3332	F	2097152	2072	0x0	0	22.981380
3333	F	2097152	2073	0x0	0	22.981387
3334	F	2097152	2074	0x0	0	22.981393
3335	F	2097152	2075	0x0	0	22.981398
3336	F	2097152	2076	0x0	0	22.981403
3337	F	2097152	2077	0x0	0	22.981409
3338	F	2097152	2078	0x0	0	22.981414
3339	F	2097152	2079	0x0	0	22.981419
3340	F	2097152	2080	0x0	0	22.981424
3341	F	2097152	2081	0x0	0	22.981429
3342	F	2097152	2082	0x0	0	22.981434
3343	F	2097152	2083	0x0	0	22.981439
3344	F	2097152	2084	0x0	0	22.981444
3345	F	2097152	2085	0x0	0	22.981449
3346	F	2097152	2086	0x0	0	22.981455
3347	F	2097152	2087	0x0	0	22.981460
3348	F	2097152	2088	0x0	0	22.981465
3349	F	2097152	2089	0x0	0	22.981470
3350	F	2097152	2090	0x0	0	22.981476
3351	F	2097152	2091	0x0	0	22.981481
3352	F	2097152	2092	0x0	0	22.981486
3353	F	2097152	2093	0x0	0	22.981491
3354	F	2097152	2094	0x0	0	22.981495
3355	F	2097152	2095	0x0	0	22.981500
3356	F	2097152	2096	0x0	0	22.981506
3357	F	2097152	2097	0x0	0	22.981510
3358	F	2097152	2098	0x0	0	22.981516
3359	F	2097152	2099	0x0	0	22.981521
3360	F	2097152	2100	0x0	0	22.981526
3361	F	2097152	2101	0x0	0	22.981531
3362	F	2097152	2102	0x0	0	22.981536
3363	F	2097152	2103	0x0	0	22.981541
3364	F	2097152	2104	0x0	0	22.981546
3365	F	2097152	2105	0x0	0	22.981551
3366	F	2097152	2106	0x0	0	22.981558
3367	F	2097152	2107	0x0	0	22.981562
3368	F	2097152	2108	0x0	0	22.981567
3369	F	2097152	2109	0x0	0	22.981572
3370	F	2097152	2110	0x0	0	22.981577
3371	F	2097152	2111	0x0	0	22.981582
3372	F	2097152	2112	0x0	0	22.981587
3373	F	2097152	2113	0x0	0	22.981592
3374	F	2097152	2114	0x0	0	22.981598
3375	F	2097152	2115	0x0	0	22.981603
3376	F	2097152	2116	0x0	0	22.981608
3377	F	2097152	2117	0x0	0	22.981613
3378	F	2097152	2118	0x0	0	22.981618
3379	F	2097152	2119	0x0	0	22.981622
3380	F	2097152	2120	0x0	0	22.981627
3381	F	2097152	2121	0x0	0	22.981632
3382	F	2097152	2122	0x0	0	22.981637
3383	F	2097152	2123	0x0	0	22.981642
3384	F	2097152	2124	0x0	0	22.981647
3385	F	2097152	2125	0x0	0	22.981652
3386	F	2097152	2126	0x0	0	22.981657
3387	F	2097152	2127	0x0	0	22.981662
3388	F	2097152	2128	0x0	0	22.981666
3389	F	2097152	2129	0x0	0	22.981671
3390	F	2097152	2130	0x0	0	22.981676
3391	F	2097152	2131	0x0	0	22.981681
3392	F	2097152	2132	0x0	0	22.981686
3393	F	2097152	2133	0x0	0	22.981691
3394	F	2097152	2134	0x0	0	22.981696
3395	F	2097152	2135	0x0	0	22.981701
3396	F	2097152	2136	0x0	0	22.981706
3397	F	2097152	2137	0x0	0	22.981712
3398	F	2097152	2138	0x0	0	22.981718
3399	F	2097152	2139	0x0	0	22.981723
3400	F	2097152	2140	0x0	0	22.981728
3401	F	2097152	2141	0x0	0	22.981733
3402	F	2097152	2142	0x0	0	22.981738
3403	F	2097152	2143	0x0	0	22.981743
3404	F	2097152	2144	0x0	0	22.981748
3405	F	2097152	2145	0x0	0	22.981753
3406	F	2097152	2146	0x0	0	22.981757
3407	F	2097152	2147	0x0	0	22.981762
3408	F	2097152	2148	0x0	0	22.981767
3409	F	2097152	2149	0x0	0	22.981772
3410	F	2097152	2150	0x0	0	22.981777
3411	F	2097152	2151	0x0	0	22.981781
3412	F	2097152	2152	0x0	0	22.981786
3413	F	2097152	2153	0x0	0	22.981790
3414	F	2097152	2154	0x0	0	22.981795
3415	F	2097152	2155	0x0	0	22.981800
3416	F	2097152	2156	0x0	0	22.981805
3417	F	2097152	2157	0x0	0	22.981810
3418	F	2097152	2158	0x0	0	22.981815
3419	F	2097152	2159	0x0	0	22.981819
3420	F	2097152	2160	0x0	0	22.981824
3421	F	2097152	2161	0x0	0	22.981829
3422	F	2097152	2162	0x0	0	22.981834
3423	F	2097152	2163	0x0	0	22.981839
3424	F	2097152	2164	0x0	0	22.981844
3425	F	2097152	2165	0x0	0	22.981849
3426	F	2097152	2166	0x0	0	22.981854
3427	F	2097152	2167	0x0	0	22.981858
3428	F	2097152	2168	0x0	0	22.981863
3429	F	2097152	2169	0x0	0	22.981868
3430	F	2097152	2170	0x0	0	22.981873
3431	F	2097152	2171	0x0	0	22.981878
3432	F	2097152	2173	0x0	0	22.981883
3433	F	2097152	2174	0x0	0	22.981888
3434	F	2097152	2175	0x0	0	22.981893
3435	F	2097152	2176	0x0	0	22.981898
3436	F	2097152	2177	0x0	0	22.981903
3437	F	2097152	2178	0x0	0	22.981907
3438	F	2097152	2179	0x0	0	22.981912
3439	F	2097152	2180	0x0	0	22.981917
3440	F	2097152	2181	0x0	0	22.981923
3441	F	2097152	2182	0x0	0	22.981928
3442	F	2097152	2183	0x0	0	22.981933
3443	F	2097152	2184	0x0	0	22.981938
3444	F	2097152	2185	0x0	0	22.981943
3445	F	2097152	2186	0x0	0	22.981948
3446	F	2097152	2187	0x0	0	22.981953
3447	F	2097152	2188	0x0	0	22.981957
3448	F	2097152	2189	0x0	0	22.981962
3449	F	2097152	2190	0x0	0	22.981967
3450	F	2097152	2191	0x0	0	22.981971
3451	F	2097152	2192	0x0	0	22.981976
3452	F	2097152	2193	0x0	0	22.981981
3453	F	2097152	2194	0x0	0	22.981986
3454	F	2097152	2195	0x0	0	22.981990
3455	F	2097152	2196	0x0	0	22.981995
3456	F	2097152	2197	0x0	0	22.982000
3457	F	2097152	2198	0x0	0	22.982005
3458	F	2097152	2199	0x0	0	22.982010
3459	F	2097152	2200	0x0	0	22.982014
3460	F	2097152	2201	0x0	0	22.982019
3461	F	2097152	2202	0x0	0	22.982023
3462	F	2097152	2203	0x0	0	22.982029
3463	F	2097152	2204	0x0	0	22.982034
3464	F	2097152	2205	0x0	0	22.982039
3465	F	2097152	2206	0x0	0	22.982043
3466	F	2097152	2207	0x0	0	22.982048
3467	F	2097152	2208	0x0	0	22.982052
3468	F	2097152	2209	0x0	0	22.982057
3469	F	2097152	2210	0x0	0	22.982061
3470	F	2097152	2211	0x0	0	22.982066
3471	F	2097152	2212	0x0	0	22.982071
3472	F	2097152	2213	0x0	0	22.982076
3473	F	2097152	2214	0x0	0	22.982081
3474	F	2097152	2215	0x0	0	22.982085
3475	F	2097152	2216	0x0	0	22.982089
3476	F	2097152	2217	0x0	0	22.982096
3477	F	2097152	2218	0x0	0	22.982101
3478	F	2097152	2219	0x0	0	22.982107
3479	F	2097152	2220	0x0	0	22.982111
3480	F	2097152	2221	0x0	0	22.982116
3481	F	2097152	2222	0x0	0	22.982121
3482	F	2097152	2223	0x0	0	22.982125
3483	F	2097152	2224	0x0	0	22.982130
3484	F	2097152	2225	0x0	0	22.982136
3485	F	2097152	2226	0x0	0	22.982140
3486	F	2097152	2227	0x0	0	22.982146
3487	F	2097152	2228	0x0	0	22.982150
3488	F	2097152	2229	0x0	0	22.982155
3489	F	2097152	2230	0x0	0	22.982160
3490	F	2097152	2231	0x0	0	22.982164
3491	F	2097152	2232	0x0	0	22.982169
3492	F	2097152	2233	0x0	0	22.982173
3493	F	2097152	2234	0x0	0	22.982178
3494	F	2097152	2235	0x0	0	22.982183
3495	F	2097152	2236	0x0	0	22.982188
3496	F	2097152	2237	0x0	0	22.982193
3497	F	2097152	2238	0x0	0	22.982198
3498	F	2097152	2239	0x0	0	22.982203
3499	F	2097152	2240	0x0	0	22.982208
3500	F	2097152	2241	0x0	0	22.982212
3501	F	2097152	2242	0x0	0	22.982216
3502	F	2097152	2243	0x0	0	22.982221
3503	F	2097152	2244	0x0	0	22.982226
3504	F	2097152	2245	0x0	0	22.982230
3505	F	2097152	2246	0x0	0	22.982235
3506	F	2097152	2247	0x0	0	22.982239
3507	F	2097152	2248	0x0	0	22.982244
3508	F	2097152	2249	0x0	0	22.982249
3509	F	2097152	2250	0x0	0	22.982254
3510	F	2097152	2251	0x0	0	22.982258
3511	F	2097152	2252	0x0	0	22.982264
3512	F	2097152	2253	0x0	0	22.982268
3513	F	2097152	2254	0x0	0	22.982273
3514	F	2097152	2255	0x0	0	22.982278
3515	F	2097152	2256	0x0	0	22.982282
3516	F	2097152	2257	0x0	0	22.982287
3517	F	2097152	2258	0x0	0	22.982292
3518	F	2097152	2259	0x0	0	22.982296
3519	F	2097152	2260	0x0	0	22.982301
3520	F	2097152	2261	0x0	0	22.982306
3521	F	2097152	2262	0x0	0	22.982311
3522	F	2097152	2263	0x0	0	22.982315
3523	F	2097152	2264	0x0	0	22.982320
3524	F	2097152	2265	0x0	0	22.982324
3525	F	2097152	2266	0x0	0	22.982329
3526	F	2097152	2267	0x0	0	22.982333
3527	F	2097152	2268	0x0	0	22.982338
3528	F	2097152	2269	0x0	0	22.982343
3529	F	2097152	2270	0x0	0	22.982347
3530	F	2097152	2271	0x0	0	22.982351
3531	F	2097152	2272	0x0	0	22.982356
3532	F	2097152	2273	0x0	0	22.982361
3533	F	2097152	2274	0x0	0	22.982366
3534	F	2097152	2275	0x0	0	22.982371
3535	F	2097152	2276	0x0	0	22.982375
3536	F	2097152	2277	0x0	0	22.982380
3537	F	2097152	2278	0x0	0	22.982385
3538	F	2097152	2279	0x0	0	22.982389
3539	F	2097152	2280	0x0	0	22.982393
3540	F	2097152	2281	0x0	0	22.982397
3541	F	2097152	2282	0x0	0	22.982401
3542	F	2097152	2283	0x0	0	22.982405
3543	F	2097152	2284	0x0	0	22.982410
3544	F	2097152	2285	0x0	0	22.982414
3545	F	2097152	2286	0x0	0	22.982419
3546	F	2097152	2287	0x0	0	22.982424
3547	F	2097152	2288	0x0	0	22.982428
3548	F	2097152	2289	0x0	0	22.982432
3549	F	2097152	2290	0x0	0	22.982436
3550	F	2097152	2291	0x0	0	22.982440
3551	F	2097152	2292	0x0	0	22.982445
3552	F	2097152	2293	0x0	0	22.982449
3553	F	2097152	2294	0x0	0	22.982454
3554	F	2097152	2295	0x0	0	22.982459
3555	F	2097152	2296	0x0	0	22.982463
3556	F	2097152	2297	0x0	0	22.982468
3557	F	2097152	2298	0x0	0	22.982473
3558	F	2097152	2299	0x0	0	22.982477
3559	F	2097152	2300	0x0	0	22.982482
3560	F	2097152	2301	0x0	0	22.982487
3561	M	20971520	2302	0x0	0	23.024841
3562	M	39845888	2303	0x0	0	23.025882
3563	M	39845888	2304	0x0	0	23.025920
3564	M	41943040	2305	0x0	0	23.026019
3565	M	41943040	2306	0x0	0	23.026535
3566	M	20971520	2307	0x0	0	23.028258
3567	M	20971520	2308	0x0	0	23.028321
3568	M	79691776	2309	0x0	0	23.029269
3569	M	39845888	2310	0x0	0	23.029375
3570	M	39845888	2311	0x0	0	23.031058
3571	M	39845888	2312	0x0	0	23.033475
3572	M	39845888	2313	0x0	0	23.071115
3573	M	20971520	2314	0x0	0	23.072849
3574	M	20971520	2315	0x0	0	23.077631
3575	M	20971520	2316	0x0	0	23.077679
3576	M	20971520	2317	0x0	0	23.089427
3577	M	20971520	2318	0x0	0	23.089481
3578	M	20971520	2319	0x0	0	23.091268
3579	M	20971520	2320	0x0	0	23.096259
3580	M	20971520	2321	0x0	0	23.106404
3581	M	20971520	2322	0x0	0	23.108038
3582	M	2097152	2323	0x0	0	23.110790
3583	M	2097152	2324	0x0	0	23.112490
3584	M	20971520	2325	0x0	0	23.113003
3585	M	2097152	2326	0x0	0	23.114135
3586	M	2097152	2327	0x0	0	23.114398
3587	M	2097152	2328	0x0	0	23.116053
3588	M	2097152	2329	0x0	0	23.117656
3589	M	2097152	2330	0x0	0	23.119390
3590	M	20971520	2331	0x0	0	23.119912
3591	M	2097152	2332	0x0	0	23.121079
3592	M	2097152	2333	0x0	0	23.121281
3593	M	2097152	2334	0x0	0	23.123636
3594	M	20971520	2335	0x0	0	23.124036
3595	M	20971520	2336	0x0	0	23.124079
3596	M	2097152	2337	0x0	0	23.125280
3597	M	2097152	2338	0x0	0	23.126958
3598	M	2097152	2339	0x0	0	23.128583
3599	M	2097152	2340	0x0	0	23.128779
3600	M	2097152	2341	0x0	0	23.130382
3601	M	2097152	2342	0x0	0	23.131906
3602	M	20971520	2343	0x0	0	23.132432
3603	M	2097152	2344	0x0	0	23.133618
3604	M	2097152	2345	0x0	0	23.135326
3605	M	2097152	2346	0x0	0	23.136881
3606	M	2097152	2347	0x0	0	23.137147
3607	M	2097152	2348	0x0	0	23.138760
3608	M	90177536	2349	0x0	0	23.139335
3609	M	60817408	2350	0x0	0	23.139617
3610	M	62914560	2351	0x0	0	23.139735
3611	M	39845888	2352	0x0	0	23.141944
3612	M	39845888	2353	0x0	0	23.141992
3613	M	39845888	2354	0x0	0	23.145949
3614	M	39845888	2355	0x0	0	23.147579
3615	M	39845888	2356	0x0	0	23.149935
3616	M	2097152	2357	0x0	0	23.151353
3617	M	178257920	2358	0x0	0	23.151753
3618	M	119537664	2359	0x0	0	23.152014
3619	M	119537664	2360	0x0	0	23.152065
3620	M	79691776	2361	0x0	0	23.161361
3621	M	62914560	2362	0x0	0	23.161458
3622	M	79691776	2363	0x0	0	23.162305
3623	M	119537664	2364	0x0	0	23.163539
3624	M	119537664	2365	0x0	0	23.164276
3625	M	134217728	2366	0x0	0	23.187347
3626	M	2097152	2367	0x0	0	23.278686
3627	M	2097152	2368	0x0	0	23.281744
3628	M	2097152	2369	0x0	0	23.281883
3629	M	2097152	2370	0x0	0	23.282062
3630	M	2097152	2371	0x0	0	23.287084
3631	M	2097152	2372	0x0	0	23.287280
3632	M	2097152	2373	0x0	0	23.290391
3633	M	2097152	2374	0x0	0	23.290593
3634	M	2097152	2375	0x0	0	23.293692
3635	M	2097152	2376	0x0	0	23.293891
3636	M	2097152	2377	0x0	0	23.296942
3637	M	2097152	2378	0x0	0	23.297075
3638	M	2097152	2379	0x0	0	23.297254
3639	M	2097152	2380	0x0	0	23.300358
3640	M	2097152	2381	0x0	0	23.300552
3641	M	2097152	2382	0x0	0	23.303712
3642	M	2097152	2383	0x0	0	23.303918
3643	M	2097152	2384	0x0	0	23.307099
3644	M	2097152	2385	0x0	0	23.307291
3645	M	2097152	2386	0x0	0	23.310350
3646	M	2097152	2387	0x0	0	23.310491
3647	M	2097152	2388	0x0	0	23.310669
3648	M	2097152	2389	0x0	0	23.313796
3649	M	2097152	2390	0x0	0	23.313984
3650	M	2097152	2391	0x0	0	23.317075
3651	M	2097152	2392	0x0	0	23.317294
3652	M	2097152	2393	0x0	0	23.322682
3653	M	2097152	2394	0x0	0	23.322865
3654	M	2097152	2395	0x0	0	23.325935
3655	M	2097152	2396	0x0	0	23.326067
3656	M	2097152	2397	0x0	0	23.326244
3657	M	2097152	2398	0x0	0	23.329357
3658	M	2097152	2399	0x0	0	23.329542
3659	M	2097152	2400	0x0	0	23.332663
3660	M	2097152	2401	0x0	0	23.332863
3661	M	2097152	2402	0x0	0	23.335969
3662	M	2097152	2403	0x0	0	23.336162
3663	M	2097152	2404	0x0	0	23.339202
3664	M	2097152	2405	0x0	0	23.339329
3665	M	2097152	2406	0x0	0	23.339507
3666	M	2097152	2407	0x0	0	23.342615
3667	M	2097152	2408	0x0	0	23.342795
3668	M	2097152	2409	0x0	0	23.345884
3669	M	2097152	2410	0x0	0	23.346086
3670	M	2097152	2411	0x0	0	23.349182
3671	M	2097152	2412	0x0	0	23.349365
3672	M	2097152	2413	0x0	0	23.352409
3673	M	2097152	2414	0x0	0	23.352538
3674	M	2097152	2415	0x0	0	23.352706
3675	M	2097152	2416	0x0	0	23.356822
3676	M	2097152	2417	0x0	0	23.357007
3677	M	2097152	2418	0x0	0	23.360111
3678	M	2097152	2419	0x0	0	23.360319
3679	M	2097152	2420	0x0	0	23.369083
3680	M	2097152	2421	0x0	0	23.369282
3681	M	2097152	2422	0x0	0	23.372343
3682	M	2097152	2423	0x0	0	23.372471
3683	M	2097152	2424	0x0	0	23.372641
3684	M	2097152	2425	0x0	0	23.375759
3685	M	2097152	2426	0x0	0	23.375946
3686	M	2097152	2427	0x0	0	23.379059
3687	M	2097152	2428	0x0	0	23.379268
3688	M	2097152	2429	0x0	0	23.412903
3689	M	2097152	2430	0x0	0	23.413086
3690	M	2097152	2431	0x0	0	23.416168
3691	M	2097152	2432	0x0	0	23.416302
3692	M	2097152	2433	0x0	0	23.416473
3693	M	2097152	2434	0x0	0	23.419611
3694	M	2097152	2435	0x0	0	23.419800
3695	M	2097152	2436	0x0	0	23.432263
3696	M	2097152	2437	0x0	0	23.432479
3697	M	2097152	2438	0x0	0	23.436263
3698	M	2097152	2439	0x0	0	23.436759
3699	M	2097152	2440	0x0	0	23.436995
3700	M	2097152	2441	0x0	0	23.437862
3701	M	2097152	2442	0x0	0	23.455694
3702	M	2097152	2443	0x0	0	23.479190
3703	M	2097152	2444	0x0	0	23.479410
3704	M	2097152	2445	0x0	0	23.479677
3705	M	2097152	2446	0x0	0	23.483288
3706	M	2097152	2447	0x0	0	23.486845
3707	M	2097152	2448	0x0	0	23.488663
3708	M	2097152	2449	0x0	0	23.502243
3709	M	2097152	2450	0x0	0	23.504021
3710	M	2097152	2451	0x0	0	23.506348
3711	M	2097152	2452	0x0	0	23.509392
3712	M	2097152	2453	0x0	0	23.511191
3713	M	2097152	2454	0x0	0	23.523729
3714	M	2097152	2455	0x0	0	23.527256
3715	M	2097152	2456	0x0	0	23.528553
3716	M	2097152	2457	0x0	0	23.530873
3717	M	2097152	2458	0x0	0	23.533901
3718	M	2097152	2459	0x0	0	23.535696
3719	M	2097152	2460	0x0	0	23.547208
3720	M	2097152	2461	0x0	0	23.550828
3721	M	2097152	2462	0x0	0	23.552624
3722	M	2097152	2463	0x0	0	23.555644
3723	M	2097152	2464	0x0	0	23.557956
3724	M	2097152	2465	0x0	0	23.559255
3725	M	2097152	2466	0x0	0	23.570265
3726	M	2097152	2467	0x0	0	23.573268
3727	M	2097152	2468	0x0	0	23.575024
3728	M	2097152	2469	0x0	0	23.638808
3729	M	2097152	2470	0x0	0	23.638848
3730	M	2097152	2471	0x0	0	23.638868
3731	M	2097152	2472	0x0	0	23.638897
3732	M	2097152	2473	0x0	0	23.638925
3733	M	2097152	2474	0x0	0	23.638947
3734	M	2097152	2475	0x0	0	23.638965
3735	M	2097152	2476	0x0	0	23.638982
3736	M	2097152	2477	0x0	0	23.638998
3737	M	2097152	2478	0x0	0	23.639014
3738	M	2097152	2479	0x0	0	23.639031
3739	M	2097152	2480	0x0	0	23.639050
3740	M	2097152	2481	0x0	0	23.639066
3741	M	2097152	2482	0x0	0	23.639099
3742	M	2097152	2483	0x0	0	23.639116
3743	M	2097152	2484	0x0	0	23.639135
3744	M	2097152	2485	0x0	0	23.639155
3745	M	2097152	2486	0x0	0	23.639182
3746	M	2097152	2487	0x0	0	23.639200
3747	M	2097152	2488	0x0	0	23.639217
3748	M	2097152	2489	0x0	0	23.639233
3749	M	2097152	2490	0x0	0	23.639249
3750	M	2097152	2491	0x0	0	23.639265
3751	M	2097152	2492	0x0	0	23.639284
3752	M	2097152	2493	0x0	0	23.639301
3753	M	2097152	2494	0x0	0	23.639317
3754	M	2097152	2495	0x0	0	23.639332
3755	M	2097152	2496	0x0	0	23.639351
3756	M	2097152	2497	0x0	0	23.639368
3757	M	2097152	2498	0x0	0	23.639397
3758	M	2097152	2499	0x0	0	23.639412
3759	M	2097152	2500	0x0	0	23.639430
3760	M	2097152	2501	0x0	0	23.639447
3761	M	2097152	2502	0x0	0	23.639465
3762	M	2097152	2503	0x0	0	23.639481
3763	M	2097152	2504	0x0	0	23.639500
3764	M	2097152	2505	0x0	0	23.639515
3765	M	2097152	2506	0x0	0	23.639531
3766	M	2097152	2507	0x0	0	23.639549
3767	M	2097152	2508	0x0	0	23.639567
3768	M	2097152	2509	0x0	0	23.639584
3769	M	2097152	2510	0x0	0	23.639600
3770	M	2097152	2511	0x0	0	23.639617
3771	M	2097152	2512	0x0	0	23.639633
3772	M	2097152	2513	0x0	0	23.639650
3773	M	2097152	2514	0x0	0	23.639668
3774	M	2097152	2515	0x0	0	23.639684
3775	M	2097152	2516	0x0	0	23.639714
3776	M	2097152	2517	0x0	0	23.639731
3777	M	2097152	2518	0x0	0	23.639746
3778	M	2097152	2519	0x0	0	23.639766
3779	M	2097152	2520	0x0	0	23.639784
3780	M	2097152	2521	0x0	0	23.639800
3781	M	2097152	2522	0x0	0	23.639818
3782	M	2097152	2523	0x0	0	23.639835
3783	M	2097152	2524	0x0	0	23.639852
3784	M	2097152	2525	0x0	0	23.639869
3785	M	2097152	2526	0x0	0	23.639885
3786	M	2097152	2527	0x0	0	23.639902
3787	M	2097152	2528	0x0	0	23.639931
3788	M	2097152	2529	0x0	0	23.639947
3789	M	2097152	2530	0x0	0	23.639964
3790	M	2097152	2531	0x0	0	23.639982
3791	M	2097152	2532	0x0	0	23.639998
3792	M	2097152	2533	0x0	0	23.640013
3793	M	2097152	2534	0x0	0	23.640030
3794	M	2097152	2535	0x0	0	23.640045
3795	M	2097152	2536	0x0	0	23.640065
3796	M	2097152	2537	0x0	0	23.640081
3797	M	2097152	2538	0x0	0	23.640101
3798	M	2097152	2539	0x0	0	23.640119
3799	M	2097152	2540	0x0	0	23.640137
3800	M	2097152	2541	0x0	0	23.640153
3801	M	2097152	2542	0x0	0	23.640185
3802	M	2097152	2543	0x0	0	23.640202
3803	M	2097152	2544	0x0	0	23.640220
3804	M	2097152	2545	0x0	0	23.640236
3805	M	2097152	2546	0x0	0	23.640257
3806	M	2097152	2547	0x0	0	23.640274
3807	M	2097152	2548	0x0	0	23.640291
3808	M	2097152	2549	0x0	0	23.640308
3809	M	2097152	2550	0x0	0	23.640325
3810	M	2097152	2551	0x0	0	23.640340
3811	M	2097152	2552	0x0	0	23.640357
3812	M	2097152	2553	0x0	0	23.640375
3813	M	2097152	2554	0x0	0	23.640393
3814	M	2097152	2555	0x0	0	23.640409
3815	M	2097152	2556	0x0	0	23.640428
3816	M	2097152	2557	0x0	0	23.640443
3817	M	2097152	2558	0x0	0	23.640463
3818	M	2097152	2559	0x0	0	23.640482
3819	M	2097152	2560	0x0	0	23.640499
3820	M	2097152	2561	0x0	0	23.640515
3821	M	2097152	2562	0x0	0	23.640532
3822	M	2097152	2563	0x0	0	23.640549
3823	M	2097152	2564	0x0	0	23.640566
3824	M	2097152	2565	0x0	0	23.640583
3825	M	2097152	2566	0x0	0	23.640598
3826	M	2097152	2567	0x0	0	23.640617
3827	M	2097152	2568	0x0	0	23.640636
3828	M	2097152	2569	0x0	0	23.640653
3829	M	2097152	2570	0x0	0	23.640686
3830	M	2097152	2571	0x0	0	23.640734
3831	M	2097152	2572	0x0	0	23.640804
3832	M	2097152	2573	0x0	0	23.640833
3833	M	2097152	2574	0x0	0	23.640849
3834	M	2097152	2575	0x0	0	23.640865
3835	M	2097152	2576	0x0	0	23.640895
3836	M	2097152	2577	0x0	0	23.640911
3837	M	2097152	2578	0x0	0	23.640927
3838	M	2097152	2579	0x0	0	23.640945
3839	M	2097152	2580	0x0	0	23.640965
3840	M	2097152	2581	0x0	0	23.640980
3841	M	2097152	2582	0x0	0	23.640997
3842	M	2097152	2583	0x0	0	23.641013
3843	M	2097152	2584	0x0	0	23.641033
3844	M	2097152	2585	0x0	0	23.641049
3845	M	2097152	2586	0x0	0	23.641069
3846	M	2097152	2587	0x0	0	23.641090
3847	M	2097152	2588	0x0	0	23.641120
3848	M	2097152	2589	0x0	0	23.641137
3849	M	2097152	2590	0x0	0	23.641153
3850	M	2097152	2591	0x0	0	23.641169
3851	M	2097152	2592	0x0	0	23.641186
3852	M	2097152	2593	0x0	0	23.641202
3853	F	20971520	2302	0x0	0	24.014175
3854	F	20971520	2307	0x0	0	24.014243
3855	F	20971520	2308	0x0	0	24.014288
3856	F	20971520	2314	0x0	0	24.014333
3857	F	20971520	2315	0x0	0	24.014382
3858	F	20971520	2316	0x0	0	24.014427
3859	F	20971520	2317	0x0	0	24.014472
3860	F	20971520	2318	0x0	0	24.014511
3861	F	20971520	2319	0x0	0	24.014550
3862	F	20971520	2320	0x0	0	24.014589
3863	F	20971520	2321	0x0	0	24.014627
3864	F	20971520	2322	0x0	0	24.014667
3865	F	20971520	2325	0x0	0	24.014707
3866	F	20971520	2331	0x0	0	24.014748
3867	F	20971520	2335	0x0	0	24.014789
3868	F	20971520	2336	0x0	0	24.014829
3869	F	20971520	2343	0x0	0	24.014870
3870	F	39845888	2303	0x0	0	24.014911
3871	F	39845888	2304	0x0	0	24.014950
3872	F	39845888	2310	0x0	0	24.014990
3873	F	39845888	2311	0x0	0	24.015031
3874	F	39845888	2312	0x0	0	24.015070
3875	F	39845888	2313	0x0	0	24.015120
3876	F	39845888	2352	0x0	0	24.015165
3877	F	39845888	2353	0x0	0	24.015203
3878	F	39845888	2354	0x0	0	24.015248
3879	F	39845888	2355	0x0	0	24.015287
3880	F	39845888	2356	0x0	0	24.015327
3881	F	41943040	2305	0x0	0	24.015368
3882	F	41943040	2306	0x0	0	24.015408
3883	F	60817408	2350	0x0	0	24.015447
3884	F	62914560	2351	0x0	0	24.015488
3885	F	62914560	2362	0x0	0	24.015530
3886	F	79691776	2309	0x0	0	24.015569
3887	F	79691776	2361	0x0	0	24.015608
3888	F	79691776	2363	0x0	0	24.015647
3889	F	90177536	2349	0x0	0	24.015687
3890	F	119537664	2359	0x0	0	24.015726
3891	F	119537664	2360	0x0	0	24.015767
3892	F	119537664	2364	0x0	0	24.015806
3893	F	119537664	2365	0x0	0	24.015846
3894	F	134217728	2366	0x0	0	24.015885
3895	F	178257920	2358	0x0	0	24.015923
3896	F	2097152	2172	0x0	0	24.015988
3897	F	2097152	2323	0x0	0	24.015994
3898	F	2097152	2324	0x0	0	24.016000
3899	F	2097152	2326	0x0	0	24.016006
3900	F	2097152	2327	0x0	0	24.016011
3901	F	2097152	2328	0x0	0	24.016017
3902	F	2097152	2329	0x0	0	24.016022
3903	F	2097152	2330	0x0	0	24.016027
3904	F	2097152	2332	0x0	0	24.016033
3905	F	2097152	2333	0x0	0	24.016037
3906	F	2097152	2334	0x0	0	24.016043
3907	F	2097152	2337	0x0	0	24.016048
3908	F	2097152	2338	0x0	0	24.016053
3909	F	2097152	2339	0x0	0	24.016058
3910	F	2097152	2340	0x0	0	24.016066
3911	F	2097152	2341	0x0	0	24.016071
3912	F	2097152	2342	0x0	0	24.016076
3913	F	2097152	2344	0x0	0	24.016081
3914	F	2097152	2345	0x0	0	24.016086
3915	F	2097152	2346	0x0	0	24.016092
3916	F	2097152	2347	0x0	0	24.016099
3917	F	2097152	2348	0x0	0	24.016105
3918	F	2097152	2357	0x0	0	24.016110
3919	F	2097152	2367	0x0	0	24.016115
3920	F	2097152	2368	0x0	0	24.016121
3921	F	2097152	2369	0x0	0	24.016126
3922	F	2097152	2370	0x0	0	24.016131
3923	F	2097152	2371	0x0	0	24.016137
3924	F	2097152	2372	0x0	0	24.016142
3925	F	2097152	2373	0x0	0	24.016147
3926	F	2097152	2374	0x0	0	24.016152
3927	F	2097152	2375	0x0	0	24.016158
3928	F	2097152	2376	0x0	0	24.016164
3929	F	2097152	2377	0x0	0	24.016168
3930	F	2097152	2378	0x0	0	24.016173
3931	F	2097152	2379	0x0	0	24.016178
3932	F	2097152	2380	0x0	0	24.016184
3933	F	2097152	2381	0x0	0	24.016188
3934	F	2097152	2382	0x0	0	24.016193
3935	F	2097152	2383	0x0	0	24.016199
3936	F	2097152	2384	0x0	0	24.016204
3937	F	2097152	2385	0x0	0	24.016209
3938	F	2097152	2386	0x0	0	24.016215
3939	F	2097152	2387	0x0	0	24.016221
3940	F	2097152	2388	0x0	0	24.016226
3941	F	2097152	2389	0x0	0	24.016230
3942	F	2097152	2390	0x0	0	24.016236
3943	F	2097152	2391	0x0	0	24.016242
3944	F	2097152	2392	0x0	0	24.016247
3945	F	2097152	2393	0x0	0	24.016252
3946	F	2097152	2394	0x0	0	24.016257
3947	F	2097152	2395	0x0	0	24.016262
3948	F	2097152	2396	0x0	0	24.016267
3949	F	2097152	2397	0x0	0	24.016272
3950	F	2097152	2398	0x0	0	24.016277
3951	F	2097152	2399	0x0	0	24.016281
3952	F	2097152	2400	0x0	0	24.016286
3953	F	2097152	2401	0x0	0	24.016291
3954	F	2097152	2402	0x0	0	24.016295
3955	F	2097152	2403	0x0	0	24.016300
3956	F	2097152	2404	0x0	0	24.016305
3957	F	2097152	2405	0x0	0	24.016309
3958	F	2097152	2406	0x0	0	24.016314
3959	F	2097152	2407	0x0	0	24.016319
3960	F	2097152	2408	0x0	0	24.016324
3961	F	2097152	2409	0x0	0	24.016329
3962	F	2097152	2410	0x0	0	24.016333
3963	F	2097152	2411	0x0	0	24.016338
3964	F	2097152	2412	0x0	0	24.016343
3965	F	2097152	2413	0x0	0	24.016347
3966	F	2097152	2414	0x0	0	24.016352
3967	F	2097152	2415	0x0	0	24.016357
3968	F	2097152	2416	0x0	0	24.016362
3969	F	2097152	2417	0x0	0	24.016367
3970	F	2097152	2418	0x0	0	24.016372
3971	F	2097152	2419	0x0	0	24.016377
3972	F	2097152	2420	0x0	0	24.016381
3973	F	2097152	2421	0x0	0	24.016386
3974	F	2097152	2422	0x0	0	24.016392
3975	F	2097152	2423	0x0	0	24.016397
3976	F	2097152	2424	0x0	0	24.016402
3977	F	2097152	2425	0x0	0	24.016407
3978	F	2097152	2426	0x0	0	24.016412
3979	F	2097152	2427	0x0	0	24.016417
3980	F	2097152	2428	0x0	0	24.016422
3981	F	2097152	2429	0x0	0	24.016427
3982	F	2097152	2430	0x0	0	24.016432
3983	F	2097152	2431	0x0	0	24.016437
3984	F	2097152	2432	0x0	0	24.016442
3985	F	2097152	2433	0x0	0	24.016446
3986	F	2097152	2434	0x0	0	24.016452
3987	F	2097152	2435	0x0	0	24.016457
3988	F	2097152	2436	0x0	0	24.016461
3989	F	2097152	2437	0x0	0	24.016467
3990	F	2097152	2438	0x0	0	24.016473
3991	F	2097152	2439	0x0	0	24.016477
3992	F	2097152	2440	0x0	0	24.016482
3993	F	2097152	2442	0x0	0	24.016487
3994	F	2097152	2443	0x0	0	24.016493
3995	F	2097152	2444	0x0	0	24.016497
3996	F	2097152	2445	0x0	0	24.016503
3997	F	2097152	2446	0x0	0	24.016507
3998	F	2097152	2447	0x0	0	24.016512
3999	F	2097152	2448	0x0	0	24.016517
4000	F	2097152	2449	0x0	0	24.016522
4001	F	2097152	2450	0x0	0	24.016527
4002	F	2097152	2451	0x0	0	24.016532
4003	F	2097152	2452	0x0	0	24.016536
4004	F	2097152	2453	0x0	0	24.016541
4005	F	2097152	2454	0x0	0	24.016546
4006	F	2097152	2455	0x0	0	24.016552
4007	F	2097152	2456	0x0	0	24.016556
4008	F	2097152	2457	0x0	0	24.016561
4009	F	2097152	2458	0x0	0	24.016566
4010	F	2097152	2459	0x0	0	24.016570
4011	F	2097152	2460	0x0	0	24.016575
4012	F	2097152	2461	0x0	0	24.016580
4013	F	2097152	2462	0x0	0	24.016584
4014	F	2097152	2463	0x0	0	24.016589
4015	F	2097152	2464	0x0	0	24.016594
4016	F	2097152	2465	0x0	0	24.016599
4017	F	2097152	2466	0x0	0	24.016604
4018	F	2097152	2467	0x0	0	24.016608
4019	F	2097152	2468	0x0	0	24.016613
4020	F	2097152	2469	0x0	0	24.016618
4021	F	2097152	2470	0x0	0	24.016623
4022	F	2097152	2471	0x0	0	24.016628
4023	F	2097152	2472	0x0	0	24.016633
4024	F	2097152	2473	0x0	0	24.016638
4025	F	2097152	2474	0x0	0	24.016642
4026	F	2097152	2475	0x0	0	24.016647
4027	F	2097152	2476	0x0	0	24.016652
4028	F	2097152	2477	0x0	0	24.016657
4029	F	2097152	2478	0x0	0	24.016661
4030	F	2097152	2479	0x0	0	24.016666
4031	F	2097152	2480	0x0	0	24.016671
4032	F	2097152	2481	0x0	0	24.016675
4033	F	2097152	2482	0x0	0	24.016680
4034	F	2097152	2483	0x0	0	24.016684
4035	F	2097152	2484	0x0	0	24.016689
4036	F	2097152	2485	0x0	0	24.016693
4037	F	2097152	2486	0x0	0	24.016698
4038	F	2097152	2487	0x0	0	24.016704
4039	F	2097152	2488	0x0	0	24.016709
4040	F	2097152	2489	0x0	0	24.016713
4041	F	2097152	2490	0x0	0	24.016718
4042	F	2097152	2491	0x0	0	24.016723
4043	F	2097152	2492	0x0	0	24.016727
4044	F	2097152	2493	0x0	0	24.016732
4045	F	2097152	2494	0x0	0	24.016736
4046	F	2097152	2495	0x0	0	24.016741
4047	F	2097152	2496	0x0	0	24.016745
4048	F	2097152	2497	0x0	0	24.016749
4049	F	2097152	2498	0x0	0	24.016754
4050	F	2097152	2499	0x0	0	24.016758
4051	F	2097152	2500	0x0	0	24.016763
4052	F	2097152	2501	0x0	0	24.016767
4053	F	2097152	2502	0x0	0	24.016772
4054	F	2097152	2503	0x0	0	24.016777
4055	F	2097152	2504	0x0	0	24.016781
4056	F	2097152	2505	0x0	0	24.016786
4057	F	2097152	2506	0x0	0	24.016791
4058	F	2097152	2507	0x0	0	24.016795
4059	F	2097152	2508	0x0	0	24.016800
4060	F	2097152	2509	0x0	0	24.016805
4061	F	2097152	2510	0x0	0	24.016809
4062	F	2097152	2511	0x0	0	24.016814
4063	F	2097152	2512	0x0	0	24.016818
4064	F	2097152	2513	0x0	0	24.016823
4065	F	2097152	2514	0x0	0	24.016827
4066	F	2097152	2515	0x0	0	24.016831
4067	F	2097152	2516	0x0	0	24.016836
4068	F	2097152	2517	0x0	0	24.016841
4069	F	2097152	2518	0x0	0	24.016846
4070	F	2097152	2519	0x0	0	24.016850
4071	F	2097152	2520	0x0	0	24.016856
4072	F	2097152	2521	0x0	0	24.016860
4073	F	2097152	2522	0x0	0	24.016864
4074	F	2097152	2523	0x0	0	24.016869
4075	F	2097152	2524	0x0	0	24.016873
4076	F	2097152	2525	0x0	0	24.016878
4077	F	2097152	2526	0x0	0	24.016882
4078	F	2097152	2527	0x0	0	24.016887
4079	F	2097152	2528	0x0	0	24.016891
4080	F	2097152	2529	0x0	0	24.016895
4081	F	2097152	2530	0x0	0	24.016900
4082	F	2097152	2531	0x0	0	24.016905
4083	F	2097152	2532	0x0	0	24.016910
4084	F	2097152	2533	0x0	0	24.016914
4085	F	2097152	2534	0x0	0	24.016919
4086	F	2097152	2535	0x0	0	24.016923
4087	F	2097152	2536	0x0	0	24.016928
4088	F	2097152	2537	0x0	0	24.016933
4089	F	2097152	2538	0x0	0	24.016938
4090	F	2097152	2539	0x0	0	24.016943
4091	F	2097152	2540	0x0	0	24.016948
4092	F	2097152	2541	0x0	0	24.016952
4093	F	2097152	2542	0x0	0	24.016957
4094	F	2097152	2543	0x0	0	24.016962
4095	F	2097152	2544	0x0	0	24.016967
4096	F	2097152	2545	0x0	0	24.016972
4097	F	2097152	2546	0x0	0	24.016976
4098	F	2097152	2547	0x0	0	24.016981
4099	F	2097152	2548	0x0	0	24.016986
4100	F	2097152	2549	0x0	0	24.016990
4101	F	2097152	2550	0x0	0	24.016995
4102	F	2097152	2551	0x0	0	24.017000
4103	F	2097152	2552	0x0	0	24.017005
4104	F	2097152	2553	0x0	0	24.017009
4105	F	2097152	2554	0x0	0	24.017013
4106	F	2097152	2555	0x0	0	24.017018
4107	F	2097152	2556	0x0	0	24.017022
4108	F	2097152	2557	0x0	0	24.017028
4109	F	2097152	2558	0x0	0	24.017032
4110	F	2097152	2559	0x0	0	24.017037
4111	F	2097152	2560	0x0	0	24.017041
4112	F	2097152	2561	0x0	0	24.017046
4113	F	2097152	2562	0x0	0	24.017050
4114	F	2097152	2563	0x0	0	24.017055
4115	F	2097152	2564	0x0	0	24.017060
4116	F	2097152	2565	0x0	0	24.017064
4117	F	2097152	2566	0x0	0	24.017069
4118	F	2097152	2567	0x0	0	24.017074
4119	F	2097152	2568	0x0	0	24.017078
4120	F	2097152	2569	0x0	0	24.017083
4121	F	2097152	2570	0x0	0	24.017087
4122	F	2097152	2571	0x0	0	24.017091
4123	F	2097152	2572	0x0	0	24.017097
4124	F	2097152	2573	0x0	0	24.017102
4125	F	2097152	2574	0x0	0	24.017106
4126	F	2097152	2575	0x0	0	24.017111
4127	F	2097152	2576	0x0	0	24.017115
4128	F	2097152	2577	0x0	0	24.017119
4129	F	2097152	2578	0x0	0	24.017124
4130	F	2097152	2579	0x0	0	24.017128
4131	F	2097152	2580	0x0	0	24.017133
4132	F	2097152	2581	0x0	0	24.017138
4133	F	2097152	2582	0x0	0	24.017143
4134	F	2097152	2583	0x0	0	24.017147
4135	F	2097152	2584	0x0	0	24.017152
4136	F	2097152	2585	0x0	0	24.017157
4137	F	2097152	2586	0x0	0	24.017161
4138	F	2097152	2587	0x0	0	24.017166
4139	F	2097152	2588	0x0	0	24.017171
4140	F	2097152	2589	0x0	0	24.017175
4141	F	2097152	2590	0x0	0	24.017180
4142	F	2097152	2591	0x0	0	24.017185
4143	F	2097152	2592	0x0	0	24.017190
4144	F	2097152	2593	0x0	0	24.017194
4145	M	20971520	2594	0x0	0	24.060418
4146	M	39845888	2595	0x0	0	24.061638
4147	M	39845888	2596	0x0	0	24.061685
4148	M	41943040	2597	0x0	0	24.061961
4149	F	41943040	2597	0x0	0	24.064911
4150	M	41943040	2598	0x0	0	24.064979
4151	M	41943040	2599	0x0	0	24.065546
4152	F	39845888	2596	0x0	0	24.070004
4153	F	41943040	2599	0x0	0	24.070053
4154	M	27262976	2600	0x0	0	24.070115
4155	F	27262976	2600	0x0	0	24.073063
4156	M	20971520	2601	0x0	0	24.073323
4157	M	27262976	2602	0x0	0	24.073553
4158	F	20971520	2601	0x0	0	24.076190
4159	F	27262976	2602	0x0	0	24.076238
4160	M	27262976	2603	0x0	0	24.076288
4161	F	27262976	2603	0x0	0	24.077151
4162	M	20971520	2604	0x0	0	24.077341
4163	M	20971520	2605	0x0	0	24.077627
4164	M	20971520	2606	0x0	0	24.077828
4165	M	20971520	2607	0x0	0	24.078163
4166	M	20971520	2608	0x0	0	24.078445
4167	M	20971520	2609	0x0	0	24.078497
4168	M	79691776	2610	0x0	0	24.079447
4169	M	39845888	2611	0x0	0	24.079532
4170	M	39845888	2612	0x0	0	24.079573
4171	M	39845888	2613	0x0	0	24.083598
4172	F	20971520	2607	0x0	0	24.098350
4173	F	20971520	2608	0x0	0	24.098399
4174	F	20971520	2609	0x0	0	24.098436
4175	F	39845888	2611	0x0	0	24.098474
4176	F	39845888	2612	0x0	0	24.098510
4177	F	39845888	2613	0x0	0	24.098548
4178	F	79691776	2610	0x0	0	24.098602
4179	M	20971520	2614	0x0	0	24.098660
4180	M	23068672	2615	0x0	0	24.099091
4181	F	20971520	2614	0x0	0	24.101761
4182	F	23068672	2615	0x0	0	24.101805
4183	M	23068672	2616	0x0	0	24.101856
4184	M	39845888	2617	0x0	0	24.102268
4185	F	23068672	2616	0x0	0	24.104873
4186	F	39845888	2617	0x0	0	24.104921
4187	M	39845888	2618	0x0	0	24.104968
4188	F	39845888	2618	0x0	0	24.105740
4189	M	20971520	2619	0x0	0	24.105915
4190	M	20971520	2620	0x0	0	24.106207
4191	M	20971520	2621	0x0	0	24.106864
4192	M	39845888	2622	0x0	0	24.107821
4193	M	20971520	2623	0x0	0	24.107902
4194	M	20971520	2624	0x0	0	24.107938
4195	M	20971520	2625	0x0	0	24.114435
4196	M	20971520	2626	0x0	0	24.124662
4197	M	20971520	2627	0x0	0	24.124713
4198	M	20971520	2628	0x0	0	24.132674
4199	M	20971520	2629	0x0	0	24.139843
4200	M	39845888	2630	0x0	0	24.141980
4201	M	20971520	2631	0x0	0	24.142079
4202	M	20971520	2632	0x0	0	24.145276
4203	M	20971520	2633	0x0	0	24.150055
4204	M	20971520	2634	0x0	0	24.153341
4205	M	46137344	2635	0x0	0	24.157345
4206	F	39845888	2630	0x0	0	24.180566
4207	F	46137344	2635	0x0	0	24.180634
4208	M	46137344	2636	0x0	0	24.180698
4209	F	20971520	2634	0x0	0	24.183088
4210	F	46137344	2636	0x0	0	24.183135
4211	M	20971520	2637	0x0	0	24.184119
4212	M	39845888	2638	0x0	0	24.185033
4213	M	20971520	2639	0x0	0	24.185135
4214	M	20971520	2640	0x0	0	24.188431
4215	M	20971520	2641	0x0	0	24.190060
4216	M	46137344	2642	0x0	0	24.199583
4217	M	2097152	2643	0x0	0	24.205974
4218	M	2097152	2644	0x0	0	24.206187
4219	M	2097152	2645	0x0	0	24.207898
4220	M	20971520	2646	0x0	0	24.208320
4221	M	20971520	2647	0x0	0	24.208365
4222	M	2097152	2648	0x0	0	24.209546
4223	M	2097152	2649	0x0	0	24.211175
4224	M	2097152	2650	0x0	0	24.212795
4225	M	2097152	2651	0x0	0	24.214333
4226	M	2097152	2652	0x0	0	24.214674
4227	M	2097152	2653	0x0	0	24.216282
4228	F	46137344	2642	0x0	0	24.232651
4229	F	2097152	2653	0x0	0	24.232698
4230	M	33554432	2654	0x0	0	24.232741
4231	F	20971520	2647	0x0	0	24.234759
4232	F	33554432	2654	0x0	0	24.234803
4233	F	39845888	2638	0x0	0	24.234841
4234	M	20971520	2655	0x0	0	24.235018
4235	M	20971520	2656	0x0	0	24.235290
4236	M	20971520	2657	0x0	0	24.235917
4237	M	2097152	2658	0x0	0	24.236335
4238	M	2097152	2659	0x0	0	24.236494
4239	M	39845888	2660	0x0	0	24.236967
4240	M	20971520	2661	0x0	0	24.237042
4241	M	20971520	2662	0x0	0	24.237076
4242	M	2097152	2663	0x0	0	24.238281
4243	M	2097152	2664	0x0	0	24.239972
4244	M	2097152	2665	0x0	0	24.240195
4245	M	2097152	2666	0x0	0	24.241818
4246	M	2097152	2667	0x0	0	24.243332
4247	M	2097152	2668	0x0	0	24.244946
4248	M	20971520	2669	0x0	0	24.245488
4249	M	2097152	2670	0x0	0	24.246656
4250	M	2097152	2671	0x0	0	24.246859
4251	M	2097152	2672	0x0	0	24.248543
4252	M	2097152	2673	0x0	0	24.250071
4253	M	2097152	2674	0x0	0	24.251705
4254	M	90177536	2675	0x0	0	24.252435
4255	F	90177536	2675	0x0	0	24.258652
4256	F	2097152	2674	0x0	0	24.258692
4257	M	90177536	2676	0x0	0	24.258727
4258	M	60817408	2677	0x0	0	24.259057
4259	M	62914560	2678	0x0	0	24.259333
4260	F	60817408	2677	0x0	0	24.262184
4261	F	62914560	2678	0x0	0	24.262230
4262	M	62914560	2679	0x0	0	24.262289
4263	F	62914560	2679	0x0	0	24.265019
4264	F	90177536	2676	0x0	0	24.265067
4265	M	20971520	2680	0x0	0	24.265210
4266	M	20971520	2681	0x0	0	24.265291
4267	M	20971520	2682	0x0	0	24.265319
4268	M	20971520	2683	0x0	0	24.265595
4269	M	20971520	2684	0x0	0	24.266055
4270	M	20971520	2685	0x0	0	24.266319
4271	M	20971520	2686	0x0	0	24.266368
4272	M	2097152	2687	0x0	0	24.266879
4273	M	79691776	2688	0x0	0	24.267374
4274	M	39845888	2689	0x0	0	24.267458
4275	M	39845888	2690	0x0	0	24.267496
4276	F	20971520	2684	0x0	0	24.275284
4277	F	20971520	2685	0x0	0	24.275333
4278	F	20971520	2686	0x0	0	24.275374
4279	F	39845888	2690	0x0	0	24.275414
4280	F	79691776	2688	0x0	0	24.275449
4281	F	2097152	2687	0x0	0	24.275476
4282	M	46137344	2691	0x0	0	24.275508
4283	F	20971520	2683	0x0	0	24.277723
4284	F	39845888	2689	0x0	0	24.277769
4285	F	46137344	2691	0x0	0	24.277804
4286	M	20971520	2692	0x0	0	24.277938
4287	M	20971520	2693	0x0	0	24.278015
4288	M	20971520	2694	0x0	0	24.278043
4289	M	20971520	2695	0x0	0	24.278320
4290	M	2097152	2696	0x0	0	24.278535
4291	M	20971520	2697	0x0	0	24.278826
4292	M	20971520	2698	0x0	0	24.279082
4293	M	20971520	2699	0x0	0	24.279134
4294	M	79691776	2700	0x0	0	24.280028
4295	M	39845888	2701	0x0	0	24.280117
4296	M	39845888	2702	0x0	0	24.280153
4297	M	2097152	2703	0x0	0	24.281620
4298	F	20971520	2697	0x0	0	24.287724
4299	F	20971520	2698	0x0	0	24.287776
4300	F	20971520	2699	0x0	0	24.287822
4301	F	39845888	2702	0x0	0	24.287859
4302	F	79691776	2700	0x0	0	24.287895
4303	F	2097152	2703	0x0	0	24.287921
4304	M	35651584	2704	0x0	0	24.287954
4305	F	20971520	2695	0x0	0	24.289856
4306	F	35651584	2704	0x0	0	24.289899
4307	F	39845888	2701	0x0	0	24.289938
4308	M	20971520	2705	0x0	0	24.290069
4309	M	20971520	2706	0x0	0	24.290148
4310	M	20971520	2707	0x0	0	24.290177
4311	M	20971520	2708	0x0	0	24.290435
4312	M	20971520	2709	0x0	0	24.290885
4313	M	20971520	2710	0x0	0	24.291146
4314	M	20971520	2711	0x0	0	24.291195
4315	M	2097152	2712	0x0	0	24.291893
4316	M	79691776	2713	0x0	0	24.292267
4317	M	39845888	2714	0x0	0	24.292344
4318	M	39845888	2715	0x0	0	24.292377
4319	M	178257920	2716	0x0	0	24.294201
4320	F	20971520	2705	0x0	0	24.299893
4321	F	20971520	2708	0x0	0	24.299940
4322	F	20971520	2709	0x0	0	24.299977
4323	F	20971520	2710	0x0	0	24.300014
4324	F	20971520	2711	0x0	0	24.300057
4325	F	178257920	2716	0x0	0	24.300109
4326	F	2097152	2712	0x0	0	24.300135
4327	M	178257920	2717	0x0	0	24.300163
4328	M	119537664	2718	0x0	0	24.300437
4329	M	119537664	2719	0x0	0	24.300482
4330	M	85983232	2720	0x0	0	24.300702
4331	F	20971520	2669	0x0	0	24.304544
4332	F	85983232	2720	0x0	0	24.304612
4333	F	178257920	2717	0x0	0	24.304652
4334	M	85983232	2721	0x0	0	24.304703
4335	F	85983232	2721	0x0	0	24.308005
4336	F	119537664	2719	0x0	0	24.308056
4337	M	79691776	2722	0x0	0	24.308337
4338	M	62914560	2723	0x0	0	24.308554
4339	F	62914560	2723	0x0	0	24.311187
4340	M	62914560	2724	0x0	0	24.311247
4341	F	62914560	2724	0x0	0	24.313902
4342	M	79691776	2725	0x0	0	24.314201
4343	F	2097152	2441	0x0	0	24.335417
4344	F	2097152	2643	0x0	0	24.335437
4345	F	2097152	2644	0x0	0	24.335443
4346	F	2097152	2645	0x0	0	24.335454
4347	F	2097152	2648	0x0	0	24.335458
4348	F	2097152	2649	0x0	0	24.335464
4349	F	2097152	2650	0x0	0	24.335468
4350	F	2097152	2651	0x0	0	24.335472
4351	F	2097152	2652	0x0	0	24.335476
4352	F	2097152	2658	0x0	0	24.335480
4353	F	2097152	2659	0x0	0	24.335485
4354	F	2097152	2663	0x0	0	24.335489
4355	F	2097152	2664	0x0	0	24.335493
4356	F	2097152	2665	0x0	0	24.335498
4357	F	2097152	2666	0x0	0	24.335502
4358	F	2097152	2667	0x0	0	24.335507
4359	F	2097152	2668	0x0	0	24.335511
4360	F	2097152	2670	0x0	0	24.335516
4361	F	2097152	2671	0x0	0	24.335520
4362	F	2097152	2672	0x0	0	24.335525
4363	F	2097152	2673	0x0	0	24.335529
4364	F	2097152	2696	0x0	0	24.335533
4365	M	79691776	2726	0x0	0	24.336012
4366	M	62914560	2727	0x0	0	24.336281
4367	F	62914560	2727	0x0	0	24.339145
4368	M	62914560	2728	0x0	0	24.339214
4369	M	41943040	2729	0x0	0	24.339696
4370	F	41943040	2729	0x0	0	24.342329
4371	M	41943040	2730	0x0	0	24.342384
4372	F	41943040	2730	0x0	0	24.343330
4373	M	41943040	2731	0x0	0	24.347963
4374	F	41943040	2731	0x0	0	24.353953
4375	M	41943040	2732	0x0	0	24.354010
4376	F	39845888	2715	0x0	0	24.364823
4377	F	41943040	2732	0x0	0	24.364877
4378	F	62914560	2728	0x0	0	24.364916
4379	M	62914560	2733	0x0	0	24.364963
4380	M	79691776	2734	0x0	0	24.365051
4381	M	79691776	2735	0x0	0	24.365101
4382	M	119537664	2736	0x0	0	24.366368
4383	M	119537664	2737	0x0	0	24.366441
4384	M	85983232	2738	0x0	0	24.366629
4385	F	79691776	2722	0x0	0	24.379647
4386	F	79691776	2725	0x0	0	24.379704
4387	F	79691776	2726	0x0	0	24.379746
4388	F	79691776	2735	0x0	0	24.379785
4389	F	85983232	2738	0x0	0	24.379830
4390	M	85983232	2739	0x0	0	24.379883
4391	M	41943040	2740	0x0	0	24.380537
4392	M	85983232	2741	0x0	0	24.385266
4393	F	41943040	2740	0x0	0	24.391315
4394	F	85983232	2741	0x0	0	24.391362
4395	M	85983232	2742	0x0	0	24.391410
4396	M	119537664	2743	0x0	0	24.391499
4397	M	119537664	2744	0x0	0	24.391555
4398	M	178257920	2745	0x0	0	24.391748
4399	F	62914560	2733	0x0	0	24.396991
4400	F	79691776	2713	0x0	0	24.397034
4401	F	85983232	2739	0x0	0	24.397074
4402	F	85983232	2742	0x0	0	24.397127
4403	F	119537664	2718	0x0	0	24.397168
4404	F	119537664	2736	0x0	0	24.397206
4405	F	119537664	2743	0x0	0	24.397246
4406	F	119537664	2744	0x0	0	24.397284
4407	F	178257920	2745	0x0	0	24.397326
4408	M	178257920	2746	0x0	0	24.397365
4409	M	79691776	2747	0x0	0	24.397487
4410	M	20971520	2748	0x0	0	24.399089
4411	M	20971520	2749	0x0	0	24.399303
4412	M	79691776	2750	0x0	0	24.399371
4413	M	39845888	2751	0x0	0	24.399450
4414	M	39845888	2752	0x0	0	24.399484
4415	M	39845888	2753	0x0	0	24.399776
4416	M	39845888	2754	0x0	0	24.399805
4417	F	20971520	2706	0x0	0	24.429149
4418	F	20971520	2707	0x0	0	24.429198
4419	F	20971520	2748	0x0	0	24.429237
4420	F	20971520	2749	0x0	0	24.429276
4421	F	39845888	2752	0x0	0	24.429317
4422	F	39845888	2753	0x0	0	24.429350
4423	F	39845888	2754	0x0	0	24.429384
4424	F	79691776	2747	0x0	0	24.429419
4425	F	79691776	2750	0x0	0	24.429455
4426	F	178257920	2746	0x0	0	24.429488
4427	M	27262976	2755	0x0	0	24.429941
4428	F	27262976	2755	0x0	0	24.432614
4429	M	27262976	2756	0x0	0	24.432672
4430	M	46137344	2757	0x0	0	24.433133
4431	F	46137344	2757	0x0	0	24.433487
4432	M	46137344	2758	0x0	0	24.433531
4433	M	67108864	2759	0x0	0	24.433858
4434	F	46137344	2758	0x0	0	24.434665
4435	F	67108864	2759	0x0	0	24.434702
4436	M	67108864	2760	0x0	0	24.434741
4437	M	79691776	2761	0x0	0	24.436551
4438	M	39845888	2762	0x0	0	24.436652
4439	M	39845888	2763	0x0	0	24.436920
4440	M	39845888	2764	0x0	0	24.436949
4441	F	20971520	2692	0x0	0	24.463214
4442	F	20971520	2693	0x0	0	24.463264
4443	F	20971520	2694	0x0	0	24.463305
4444	F	39845888	2762	0x0	0	24.463343
4445	F	39845888	2763	0x0	0	24.463383
4446	F	39845888	2764	0x0	0	24.463416
4447	F	67108864	2760	0x0	0	24.463453
4448	F	79691776	2761	0x0	0	24.463486
4449	M	46137344	2765	0x0	0	24.463534
4450	F	46137344	2765	0x0	0	24.465743
4451	M	46137344	2766	0x0	0	24.465884
4452	M	90177536	2767	0x0	0	24.466189
4453	F	39845888	2751	0x0	0	24.466985
4454	F	46137344	2766	0x0	0	24.467023
4455	F	90177536	2767	0x0	0	24.467056
4456	M	90177536	2768	0x0	0	24.467106
4457	M	79691776	2769	0x0	0	24.468869
4458	M	39845888	2770	0x0	0	24.468953
4459	M	39845888	2771	0x0	0	24.468988
4460	M	39845888	2772	0x0	0	24.469256
4461	M	39845888	2773	0x0	0	24.469287
4462	M	60817408	2774	0x0	0	24.474248
4463	M	62914560	2775	0x0	0	24.474444
4464	F	20971520	2680	0x0	0	24.496785
4465	F	20971520	2681	0x0	0	24.496834
4466	F	20971520	2682	0x0	0	24.496874
4467	F	39845888	2714	0x0	0	24.496919
4468	F	39845888	2770	0x0	0	24.496964
4469	F	39845888	2771	0x0	0	24.497000
4470	F	39845888	2772	0x0	0	24.497035
4471	F	39845888	2773	0x0	0	24.497073
4472	F	62914560	2775	0x0	0	24.497130
4473	M	62914560	2776	0x0	0	24.497179
4474	F	60817408	2774	0x0	0	24.499982
4475	F	62914560	2776	0x0	0	24.500025
4476	M	46137344	2777	0x0	0	24.500166
4477	M	134217728	2778	0x0	0	24.500467
4478	F	134217728	2778	0x0	0	24.501340
4479	M	134217728	2779	0x0	0	24.501380
4480	M	60817408	2780	0x0	0	24.501484
4481	M	60817408	2781	0x0	0	24.501529
4482	F	39845888	2660	0x0	0	24.504936
4483	F	46137344	2777	0x0	0	24.504977
4484	F	60817408	2780	0x0	0	24.505016
4485	F	60817408	2781	0x0	0	24.505052
4486	F	79691776	2769	0x0	0	24.505087
4487	F	90177536	2768	0x0	0	24.505126
4488	F	134217728	2779	0x0	0	24.505161
4489	M	90177536	2782	0x0	0	24.505203
4490	M	20971520	2783	0x0	0	24.507203
4491	M	20971520	2784	0x0	0	24.507241
4492	F	20971520	2657	0x0	0	24.567667
4493	F	20971520	2661	0x0	0	24.567714
4494	F	20971520	2662	0x0	0	24.567754
4495	F	20971520	2783	0x0	0	24.567789
4496	F	20971520	2784	0x0	0	24.567830
4497	F	90177536	2782	0x0	0	24.567866
4498	M	33554432	2785	0x0	0	24.567918
4499	M	39845888	2786	0x0	0	24.568406
4500	F	33554432	2785	0x0	0	24.571153
4501	F	39845888	2786	0x0	0	24.571198
4502	M	39845888	2787	0x0	0	24.571248
4503	F	39845888	2787	0x0	0	24.572047
4504	M	23068672	2788	0x0	0	24.572228
4505	F	23068672	2788	0x0	0	24.572343
4506	M	23068672	2789	0x0	0	24.572382
4507	M	33554432	2790	0x0	0	24.572714
4508	F	23068672	2789	0x0	0	24.573345
4509	F	33554432	2790	0x0	0	24.573384
4510	M	33554432	2791	0x0	0	24.573423
4511	M	39845888	2792	0x0	0	24.575198
4512	M	20971520	2793	0x0	0	24.575296
4513	M	20971520	2794	0x0	0	24.575563
4514	M	20971520	2795	0x0	0	24.575593
4515	M	2097152	2796	0x0	0	24.600283
4516	M	2097152	2797	0x0	0	24.603361
4517	M	2097152	2798	0x0	0	24.603486
4518	M	2097152	2799	0x0	0	24.603656
4519	M	46137344	2800	0x0	0	24.606035
4520	F	20971520	2646	0x0	0	24.634407
4521	F	20971520	2655	0x0	0	24.634453
4522	F	20971520	2793	0x0	0	24.634492
4523	F	20971520	2794	0x0	0	24.634529
4524	F	20971520	2795	0x0	0	24.634582
4525	F	33554432	2791	0x0	0	24.634618
4526	F	39845888	2792	0x0	0	24.634653
4527	F	46137344	2800	0x0	0	24.634688
4528	F	2097152	2799	0x0	0	24.634710
4529	M	46137344	2801	0x0	0	24.634742
4530	F	20971520	2641	0x0	0	24.637145
4531	F	46137344	2801	0x0	0	24.637188
4532	M	23068672	2802	0x0	0	24.637325
4533	M	46137344	2803	0x0	0	24.637621
4534	F	23068672	2802	0x0	0	24.638264
4535	F	46137344	2803	0x0	0	24.638303
4536	M	46137344	2804	0x0	0	24.638342
4537	M	2097152	2805	0x0	0	24.639637
4538	M	2097152	2806	0x0	0	24.639783
4539	M	2097152	2807	0x0	0	24.639973
4540	M	20971520	2808	0x0	0	24.640362
4541	M	20971520	2809	0x0	0	24.640405
4542	M	20971520	2810	0x0	0	24.640671
4543	M	20971520	2811	0x0	0	24.640701
4544	M	2097152	2812	0x0	0	24.643275
4545	M	2097152	2813	0x0	0	24.643456
4546	M	2097152	2814	0x0	0	24.646505
4547	M	2097152	2815	0x0	0	24.646635
4548	M	2097152	2816	0x0	0	24.646807
4549	M	2097152	2817	0x0	0	24.649924
4550	M	2097152	2818	0x0	0	24.650108
4551	M	2097152	2819	0x0	0	24.653215
4552	M	2097152	2820	0x0	0	24.653418
4553	M	2097152	2821	0x0	0	24.656517
4554	M	2097152	2822	0x0	0	24.656702
4555	M	2097152	2823	0x0	0	24.659754
4556	M	2097152	2824	0x0	0	24.659885
4557	M	2097152	2825	0x0	0	24.660053
4558	M	2097152	2826	0x0	0	24.663197
4559	M	2097152	2827	0x0	0	24.663389
4560	M	2097152	2828	0x0	0	24.666554
4561	M	2097152	2829	0x0	0	24.666759
4562	M	2097152	2830	0x0	0	24.669874
4563	M	2097152	2831	0x0	0	24.670054
4564	M	2097152	2832	0x0	0	24.674998
4565	M	2097152	2833	0x0	0	24.675145
4566	M	2097152	2834	0x0	0	24.675330
4567	M	2097152	2835	0x0	0	24.678471
4568	M	2097152	2836	0x0	0	24.678674
4569	M	2097152	2837	0x0	0	24.681788
4570	M	2097152	2838	0x0	0	24.681989
4571	M	2097152	2839	0x0	0	24.685107
4572	M	2097152	2840	0x0	0	24.685310
4573	M	2097152	2841	0x0	0	24.688396
4574	M	2097152	2842	0x0	0	24.688527
4575	M	2097152	2843	0x0	0	24.688697
4576	M	2097152	2844	0x0	0	24.691831
4577	M	2097152	2845	0x0	0	24.692014
4578	M	2097152	2846	0x0	0	24.695172
4579	M	2097152	2847	0x0	0	24.695382
4580	M	2097152	2848	0x0	0	24.698484
4581	M	2097152	2849	0x0	0	24.698668
4582	M	2097152	2850	0x0	0	24.701734
4583	M	2097152	2851	0x0	0	24.701866
4584	M	2097152	2852	0x0	0	24.702043
4585	M	2097152	2853	0x0	0	24.705214
4586	M	2097152	2854	0x0	0	24.705397
4587	M	2097152	2855	0x0	0	24.708981
4588	M	2097152	2856	0x0	0	24.709190
4589	M	2097152	2857	0x0	0	24.712325
4590	M	2097152	2858	0x0	0	24.712508
4591	M	2097152	2859	0x0	0	24.715617
4592	M	2097152	2860	0x0	0	24.715750
4593	M	2097152	2861	0x0	0	24.715933
4594	M	2097152	2862	0x0	0	24.719075
4595	M	2097152	2863	0x0	0	24.719265
4596	M	2097152	2864	0x0	0	24.722379
4597	M	2097152	2865	0x0	0	24.722581
4598	M	2097152	2866	0x0	0	24.725755
4599	M	2097152	2867	0x0	0	24.725940
4600	M	2097152	2868	0x0	0	24.729012
4601	M	2097152	2869	0x0	0	24.729144
4602	M	2097152	2870	0x0	0	24.729325
4603	M	2097152	2871	0x0	0	24.732475
4604	M	2097152	2872	0x0	0	24.732668
4605	M	2097152	2873	0x0	0	24.735778
4606	M	2097152	2874	0x0	0	24.735977
4607	M	2097152	2875	0x0	0	24.739085
4608	M	2097152	2876	0x0	0	24.739276
4609	M	2097152	2877	0x0	0	24.743341
4610	M	2097152	2878	0x0	0	24.743470
4611	M	2097152	2879	0x0	0	24.743648
4612	M	2097152	2880	0x0	0	24.746803
4613	M	2097152	2881	0x0	0	24.746985
4614	M	2097152	2882	0x0	0	24.750206
4615	M	2097152	2883	0x0	0	24.750434
4616	M	2097152	2884	0x0	0	24.753565
4617	M	2097152	2885	0x0	0	24.753751
4618	M	2097152	2886	0x0	0	24.756820
4619	M	2097152	2887	0x0	0	24.756953
4620	M	2097152	2888	0x0	0	24.757129
4621	M	2097152	2889	0x0	0	24.760282
4622	M	2097152	2890	0x0	0	24.760466
4623	M	2097152	2891	0x0	0	24.763601
4624	M	2097152	2892	0x0	0	24.763803
4625	M	2097152	2893	0x0	0	24.766941
4626	M	2097152	2894	0x0	0	24.767131
4627	M	2097152	2895	0x0	0	24.770241
4628	M	2097152	2896	0x0	0	24.770373
4629	M	2097152	2897	0x0	0	24.770545
4630	M	2097152	2898	0x0	0	24.773692
4631	M	2097152	2899	0x0	0	24.773874
4632	F	20971520	2619	0x0	0	24.891382
4633	F	20971520	2620	0x0	0	24.891435
4634	F	20971520	2621	0x0	0	24.891477
4635	F	20971520	2623	0x0	0	24.891516
4636	F	20971520	2624	0x0	0	24.891554
4637	F	20971520	2625	0x0	0	24.891591
4638	F	20971520	2626	0x0	0	24.891629
4639	F	20971520	2627	0x0	0	24.891665
4640	F	20971520	2628	0x0	0	24.891704
4641	F	20971520	2629	0x0	0	24.891740
4642	F	20971520	2631	0x0	0	24.891777
4643	F	20971520	2632	0x0	0	24.891815
4644	F	20971520	2633	0x0	0	24.891852
4645	F	20971520	2637	0x0	0	24.891890
4646	F	20971520	2639	0x0	0	24.891933
4647	F	20971520	2640	0x0	0	24.891972
4648	F	20971520	2808	0x0	0	24.892008
4649	F	20971520	2809	0x0	0	24.892044
4650	F	20971520	2810	0x0	0	24.892080
4651	F	20971520	2811	0x0	0	24.892125
4652	F	39845888	2622	0x0	0	24.892163
4653	F	46137344	2804	0x0	0	24.892203
4654	F	2097152	2899	0x0	0	24.892250
4655	M	23068672	2900	0x0	0	24.892289
4656	M	39845888	2901	0x0	0	24.892672
4657	F	23068672	2900	0x0	0	24.893662
4658	F	39845888	2901	0x0	0	24.893705
4659	M	23068672	2902	0x0	0	24.893877
4660	F	20971520	2656	0x0	0	24.894822
4661	F	23068672	2902	0x0	0	24.894866
4662	M	2097152	2903	0x0	0	24.909164
4663	M	20971520	2904	0x0	0	24.909363
4664	M	20971520	2905	0x0	0	24.909552
4665	M	2097152	2906	0x0	0	24.909614
4666	M	20971520	2907	0x0	0	24.909832
4667	M	20971520	2908	0x0	0	24.909871
4668	M	20971520	2909	0x0	0	24.909906
4669	M	20971520	2910	0x0	0	24.910085
4670	M	20971520	2911	0x0	0	24.910280
4671	M	2097152	2912	0x0	0	24.910327
4672	M	2097152	2913	0x0	0	24.910681
4673	M	20971520	2914	0x0	0	24.910863
4674	M	20971520	2915	0x0	0	24.910908
4675	M	79691776	2916	0x0	0	24.911146
4676	M	39845888	2917	0x0	0	24.911230
4677	M	39845888	2918	0x0	0	24.911267
4678	M	39845888	2919	0x0	0	24.911547
4679	M	39845888	2920	0x0	0	24.911577
4680	M	2097152	2921	0x0	0	24.914529
4681	M	2097152	2922	0x0	0	24.922088
4682	F	20971520	2604	0x0	0	24.968332
4683	F	20971520	2605	0x0	0	24.968384
4684	F	20971520	2606	0x0	0	24.968433
4685	F	20971520	2904	0x0	0	24.968468
4686	F	20971520	2905	0x0	0	24.968505
4687	F	20971520	2907	0x0	0	24.968538
4688	F	20971520	2908	0x0	0	24.968588
4689	F	20971520	2909	0x0	0	24.968622
4690	F	20971520	2910	0x0	0	24.968661
4691	F	20971520	2911	0x0	0	24.968696
4692	F	20971520	2914	0x0	0	24.968732
4693	F	20971520	2915	0x0	0	24.968764
4694	F	39845888	2917	0x0	0	24.968800
4695	F	39845888	2918	0x0	0	24.968836
4696	F	39845888	2919	0x0	0	24.968872
4697	F	39845888	2920	0x0	0	24.968908
4698	F	79691776	2916	0x0	0	24.968944
4699	F	2097152	2922	0x0	0	24.968981
4700	M	46137344	2923	0x0	0	24.969700
4701	F	46137344	2923	0x0	0	24.971421
4702	F	27262976	2756	0x0	0	24.985597
4703	M	39845888	2924	0x0	0	24.986159
4704	M	41943040	2925	0x0	0	24.986347
4705	M	2097152	2926	0x0	0	24.987952
4706	M	2097152	2927	0x0	0	24.988182
4707	M	2097152	2928	0x0	0	24.988373
4708	M	2097152	2929	0x0	0	24.988654
4709	M	2097152	2930	0x0	0	24.994028
4710	M	2097152	2931	0x0	0	24.996383
4711	M	2097152	2932	0x0	0	24.999955
4712	M	2097152	2933	0x0	0	25.001272
4713	M	2097152	2934	0x0	0	25.003606
4714	M	2097152	2935	0x0	0	25.007218
4715	M	2097152	2936	0x0	0	25.009041
4716	M	2097152	2937	0x0	0	25.012108
4717	M	2097152	2938	0x0	0	25.014439
4718	M	2097152	2939	0x0	0	25.015756
4719	M	2097152	2940	0x0	0	25.018128
4720	M	2097152	2941	0x0	0	25.021186
4721	M	2097152	2942	0x0	0	25.022999
4722	M	2097152	2943	0x0	0	25.025325
4723	M	2097152	2944	0x0	0	25.028368
4724	M	2097152	2945	0x0	0	25.030182
4725	M	2097152	2946	0x0	0	25.033728
4726	M	2097152	2947	0x0	0	25.035551
4727	M	2097152	2948	0x0	0	25.037862
4728	M	2097152	2949	0x0	0	25.040898
4729	M	2097152	2950	0x0	0	25.042720
4730	M	2097152	2951	0x0	0	25.046210
4731	M	2097152	2952	0x0	0	25.071717
4732	M	2097152	2953	0x0	0	25.071756
4733	M	2097152	2954	0x0	0	25.071784
4734	M	2097152	2955	0x0	0	25.071802
4735	M	2097152	2956	0x0	0	25.071820
4736	M	2097152	2957	0x0	0	25.071851
4737	M	2097152	2958	0x0	0	25.071871
4738	M	2097152	2959	0x0	0	25.071889
4739	M	2097152	2960	0x0	0	25.071907
4740	M	2097152	2961	0x0	0	25.071923
4741	M	2097152	2962	0x0	0	25.071953
4742	M	2097152	2963	0x0	0	25.071970
4743	M	2097152	2964	0x0	0	25.071999
4744	M	2097152	2965	0x0	0	25.072016
4745	M	2097152	2966	0x0	0	25.072034
4746	M	2097152	2967	0x0	0	25.072050
4747	M	2097152	2968	0x0	0	25.072071
4748	M	2097152	2969	0x0	0	25.072102
4749	M	2097152	2970	0x0	0	25.072128
4750	M	2097152	2971	0x0	0	25.072145
4751	M	2097152	2972	0x0	0	25.072163
4752	M	2097152	2973	0x0	0	25.072181
4753	M	2097152	2974	0x0	0	25.072198
4754	M	2097152	2975	0x0	0	25.072215
4755	M	2097152	2976	0x0	0	25.072234
4756	M	2097152	2977	0x0	0	25.072251
4757	M	2097152	2978	0x0	0	25.072268
4758	M	2097152	2979	0x0	0	25.072285
4759	M	2097152	2980	0x0	0	25.072302
4760	M	2097152	2981	0x0	0	25.072319
4761	M	2097152	2982	0x0	0	25.072348
4762	M	2097152	2983	0x0	0	25.072367
4763	M	2097152	2984	0x0	0	25.072385
4764	M	2097152	2985	0x0	0	25.072405
4765	M	2097152	2986	0x0	0	25.072434
4766	M	2097152	2987	0x0	0	25.072449
4767	M	2097152	2988	0x0	0	25.072469
4768	M	2097152	2989	0x0	0	25.072485
4769	M	2097152	2990	0x0	0	25.072504
4770	M	2097152	2991	0x0	0	25.072521
4771	M	2097152	2992	0x0	0	25.072541
4772	M	2097152	2993	0x0	0	25.072558
4773	M	2097152	2994	0x0	0	25.072577
4774	M	2097152	2995	0x0	0	25.072594
4775	M	2097152	2996	0x0	0	25.072610
4776	M	2097152	2997	0x0	0	25.072629
4777	M	2097152	2998	0x0	0	25.072659
4778	M	2097152	2999	0x0	0	25.072676
4779	M	2097152	3000	0x0	0	25.072693
4780	M	2097152	3001	0x0	0	25.072712
4781	M	2097152	3002	0x0	0	25.072733
4782	M	2097152	3003	0x0	0	25.072751
4783	M	2097152	3004	0x0	0	25.072768
4784	M	2097152	3005	0x0	0	25.072785
4785	M	2097152	3006	0x0	0	25.072803
4786	M	2097152	3007	0x0	0	25.072819
4787	M	2097152	3008	0x0	0	25.072837
4788	M	2097152	3009	0x0	0	25.072854
4789	M	2097152	3010	0x0	0	25.072872
4790	M	2097152	3011	0x0	0	25.072887
4791	M	2097152	3012	0x0	0	25.072907
4792	M	2097152	3013	0x0	0	25.072925
4793	M	2097152	3014	0x0	0	25.072945
4794	M	2097152	3015	0x0	0	25.072974
4795	M	2097152	3016	0x0	0	25.072993
4796	M	2097152	3017	0x0	0	25.073010
4797	M	2097152	3018	0x0	0	25.073030
4798	M	2097152	3019	0x0	0	25.073049
4799	M	2097152	3020	0x0	0	25.073077
4800	M	2097152	3021	0x0	0	25.073092
4801	M	2097152	3022	0x0	0	25.073122
4802	M	2097152	3023	0x0	0	25.073139
4803	M	2097152	3024	0x0	0	25.073158
4804	M	2097152	3025	0x0	0	25.073178
4805	M	2097152	3026	0x0	0	25.073194
4806	M	2097152	3027	0x0	0	25.073211
4807	M	2097152	3028	0x0	0	25.073227
4808	M	2097152	3029	0x0	0	25.073257
4809	M	2097152	3030	0x0	0	25.073275
4810	M	2097152	3031	0x0	0	25.073295
4811	M	2097152	3032	0x0	0	25.073310
4812	M	2097152	3033	0x0	0	25.073327
4813	M	2097152	3034	0x0	0	25.073343
4814	M	2097152	3035	0x0	0	25.073362
4815	M	2097152	3036	0x0	0	25.073382
4816	M	2097152	3037	0x0	0	25.073399
4817	M	2097152	3038	0x0	0	25.073415
4818	M	2097152	3039	0x0	0	25.073432
4819	M	2097152	3040	0x0	0	25.073449
4820	M	2097152	3041	0x0	0	25.073467
4821	M	2097152	3042	0x0	0	25.073497
4822	M	2097152	3043	0x0	0	25.073526
4823	M	2097152	3044	0x0	0	25.073544
4824	M	2097152	3045	0x0	0	25.073561
4825	M	2097152	3046	0x0	0	25.073591
4826	M	2097152	3047	0x0	0	25.073609
4827	M	2097152	3048	0x0	0	25.073627
4828	M	2097152	3049	0x0	0	25.073644
4829	M	2097152	3050	0x0	0	25.073661
4830	M	2097152	3051	0x0	0	25.073679
4831	M	2097152	3052	0x0	0	25.073708
4832	M	2097152	3053	0x0	0	25.073728
4833	M	2097152	3054	0x0	0	25.073777
4834	M	2097152	3055	0x0	0	25.073843
4835	M	2097152	3056	0x0	0	25.073891
4836	M	2097152	3057	0x0	0	25.073908
4837	M	2097152	3058	0x0	0	25.073927
4838	M	2097152	3059	0x0	0	25.073944
4839	M	2097152	3060	0x0	0	25.073962
4840	M	2097152	3061	0x0	0	25.073979
4841	M	2097152	3062	0x0	0	25.073998
4842	M	2097152	3063	0x0	0	25.074015
4843	M	2097152	3064	0x0	0	25.074032
4844	M	2097152	3065	0x0	0	25.074052
4845	M	2097152	3066	0x0	0	25.074070
4846	M	2097152	3067	0x0	0	25.074087
4847	M	2097152	3068	0x0	0	25.074106
4848	M	2097152	3069	0x0	0	25.074124
4849	M	2097152	3070	0x0	0	25.074143
4850	M	2097152	3071	0x0	0	25.074160
4851	M	2097152	3072	0x0	0	25.074180
4852	M	2097152	3073	0x0	0	25.074197
4853	M	2097152	3074	0x0	0	25.074215
4854	M	2097152	3075	0x0	0	25.074231
4855	M	2097152	3076	0x0	0	25.074251
4856	M	2097152	3077	0x0	0	25.074268
4857	F	20971520	2594	0x0	0	25.192654
4858	F	39845888	2595	0x0	0	25.192729
4859	F	39845888	2924	0x0	0	25.192781
4860	F	41943040	2598	0x0	0	25.192823
4861	F	41943040	2925	0x0	0	25.192863
4862	F	79691776	2734	0x0	0	25.192909
4863	F	119537664	2737	0x0	0	25.192949
4864	F	2097152	2796	0x0	0	25.193016
4865	F	2097152	2797	0x0	0	25.193023
4866	F	2097152	2798	0x0	0	25.193031
4867	F	2097152	2805	0x0	0	25.193039
4868	F	2097152	2806	0x0	0	25.193046
4869	F	2097152	2807	0x0	0	25.193052
4870	F	2097152	2812	0x0	0	25.193057
4871	F	2097152	2813	0x0	0	25.193063
4872	F	2097152	2814	0x0	0	25.193070
4873	F	2097152	2815	0x0	0	25.193076
4874	F	2097152	2816	0x0	0	25.193082
4875	F	2097152	2817	0x0	0	25.193087
4876	F	2097152	2818	0x0	0	25.193095
4877	F	2097152	2819	0x0	0	25.193102
4878	F	2097152	2820	0x0	0	25.193108
4879	F	2097152	2821	0x0	0	25.193113
4880	F	2097152	2822	0x0	0	25.193118
4881	F	2097152	2823	0x0	0	25.193124
4882	F	2097152	2824	0x0	0	25.193129
4883	F	2097152	2825	0x0	0	25.193139
4884	F	2097152	2826	0x0	0	25.193145
4885	F	2097152	2827	0x0	0	25.193150
4886	F	2097152	2828	0x0	0	25.193156
4887	F	2097152	2829	0x0	0	25.193161
4888	F	2097152	2830	0x0	0	25.193167
4889	F	2097152	2831	0x0	0	25.193172
4890	F	2097152	2832	0x0	0	25.193178
4891	F	2097152	2833	0x0	0	25.193183
4892	F	2097152	2834	0x0	0	25.193189
4893	F	2097152	2835	0x0	0	25.193194
4894	F	2097152	2836	0x0	0	25.193200
4895	F	2097152	2837	0x0	0	25.193206
4896	F	2097152	2838	0x0	0	25.193212
4897	F	2097152	2839	0x0	0	25.193218
4898	F	2097152	2840	0x0	0	25.193223
4899	F	2097152	2841	0x0	0	25.193228
4900	F	2097152	2842	0x0	0	25.193234
4901	F	2097152	2843	0x0	0	25.193240
4902	F	2097152	2844	0x0	0	25.193245
4903	F	2097152	2845	0x0	0	25.193250
4904	F	2097152	2846	0x0	0	25.193256
4905	F	2097152	2847	0x0	0	25.193261
4906	F	2097152	2848	0x0	0	25.193266
4907	F	2097152	2849	0x0	0	25.193271
4908	F	2097152	2850	0x0	0	25.193276
4909	F	2097152	2851	0x0	0	25.193282
4910	F	2097152	2852	0x0	0	25.193288
4911	F	2097152	2853	0x0	0	25.193294
4912	F	2097152	2854	0x0	0	25.193299
4913	F	2097152	2855	0x0	0	25.193304
4914	F	2097152	2856	0x0	0	25.193310
4915	F	2097152	2857	0x0	0	25.193315
4916	F	2097152	2858	0x0	0	25.193322
4917	F	2097152	2859	0x0	0	25.193327
4918	F	2097152	2860	0x0	0	25.193332
4919	F	2097152	2861	0x0	0	25.193337
4920	F	2097152	2862	0x0	0	25.193342
4921	F	2097152	2863	0x0	0	25.193347
4922	F	2097152	2864	0x0	0	25.193352
4923	F	2097152	2865	0x0	0	25.193358
4924	F	2097152	2866	0x0	0	25.193363
4925	F	2097152	2867	0x0	0	25.193369
4926	F	2097152	2868	0x0	0	25.193374
4927	F	2097152	2869	0x0	0	25.193379
4928	F	2097152	2870	0x0	0	25.193384
4929	F	2097152	2871	0x0	0	25.193389
4930	F	2097152	2872	0x0	0	25.193395
4931	F	2097152	2873	0x0	0	25.193400
4932	F	2097152	2874	0x0	0	25.193405
4933	F	2097152	2875	0x0	0	25.193410
4934	F	2097152	2876	0x0	0	25.193414
4935	F	2097152	2877	0x0	0	25.193419
4936	F	2097152	2878	0x0	0	25.193424
4937	F	2097152	2879	0x0	0	25.193429
4938	F	2097152	2880	0x0	0	25.193434
4939	F	2097152	2881	0x0	0	25.193440
4940	F	2097152	2882	0x0	0	25.193445
4941	F	2097152	2883	0x0	0	25.193450
4942	F	2097152	2884	0x0	0	25.193455
4943	F	2097152	2885	0x0	0	25.193460
4944	F	2097152	2886	0x0	0	25.193465
4945	F	2097152	2887	0x0	0	25.193470
4946	F	2097152	2888	0x0	0	25.193475
4947	F	2097152	2889	0x0	0	25.193480
4948	F	2097152	2890	0x0	0	25.193487
4949	F	2097152	2891	0x0	0	25.193492
4950	F	2097152	2892	0x0	0	25.193497
4951	F	2097152	2893	0x0	0	25.193502
4952	F	2097152	2894	0x0	0	25.193507
4953	F	2097152	2895	0x0	0	25.193512
4954	F	2097152	2896	0x0	0	25.193517
4955	F	2097152	2897	0x0	0	25.193522
4956	F	2097152	2898	0x0	0	25.193527
4957	F	2097152	2903	0x0	0	25.193533
4958	F	2097152	2912	0x0	0	25.193539
4959	F	2097152	2913	0x0	0	25.193544
4960	F	2097152	2921	0x0	0	25.193550
4961	F	2097152	2926	0x0	0	25.193558
4962	F	2097152	2927	0x0	0	25.193564
4963	F	2097152	2928	0x0	0	25.193569
4964	F	2097152	2929	0x0	0	25.193574
4965	F	2097152	2930	0x0	0	25.193579
4966	F	2097152	2931	0x0	0	25.193584
4967	F	2097152	2932	0x0	0	25.193590
4968	F	2097152	2933	0x0	0	25.193596
4969	F	2097152	2934	0x0	0	25.193601
4970	F	2097152	2935	0x0	0	25.193606
4971	F	2097152	2936	0x0	0	25.193611
4972	F	2097152	2937	0x0	0	25.193618
4973	F	2097152	2938	0x0	0	25.193624
4974	F	2097152	2939	0x0	0	25.193629
4975	F	2097152	2940	0x0	0	25.193634
4976	F	2097152	2941	0x0	0	25.193638
4977	F	2097152	2942	0x0	0	25.193643
4978	F	2097152	2943	0x0	0	25.193648
4979	F	2097152	2944	0x0	0	25.193653
4980	F	2097152	2945	0x0	0	25.193659
4981	F	2097152	2946	0x0	0	25.193663
4982	F	2097152	2947	0x0	0	25.193668
4983	F	2097152	2948	0x0	0	25.193673
4984	F	2097152	2949	0x0	0	25.193678
4985	F	2097152	2950	0x0	0	25.193683
4986	F	2097152	2951	0x0	0	25.193687
4987	F	2097152	2952	0x0	0	25.193692
4988	F	2097152	2953	0x0	0	25.193697
4989	F	2097152	2954	0x0	0	25.193702
4990	F	2097152	2955	0x0	0	25.193707
4991	F	2097152	2956	0x0	0	25.193712
4992	F	2097152	2957	0x0	0	25.193717
4993	F	2097152	2958	0x0	0	25.193722
4994	F	2097152	2959	0x0	0	25.193726
4995	F	2097152	2960	0x0	0	25.193730
4996	F	2097152	2961	0x0	0	25.193735
4997	F	2097152	2962	0x0	0	25.193740
4998	F	2097152	2963	0x0	0	25.193744
4999	F	2097152	2964	0x0	0	25.193748
5000	F	2097152	2965	0x0	0	25.193754
5001	F	2097152	2966	0x0	0	25.193758
5002	F	2097152	2967	0x0	0	25.193763
5003	F	2097152	2968	0x0	0	25.193767
5004	F	2097152	2969	0x0	0	25.193771
5005	F	2097152	2970	0x0	0	25.193776
5006	F	2097152	2971	0x0	0	25.193780
5007	F	2097152	2972	0x0	0	25.193785
5008	F	2097152	2973	0x0	0	25.193789
5009	F	2097152	2974	0x0	0	25.193793
5010	F	2097152	2975	0x0	0	25.193798
5011	F	2097152	2976	0x0	0	25.193802
5012	F	2097152	2977	0x0	0	25.193808
5013	F	2097152	2978	0x0	0	25.193812
5014	F	2097152	2979	0x0	0	25.193817
5015	F	2097152	2980	0x0	0	25.193822
5016	F	2097152	2981	0x0	0	25.193827
5017	F	2097152	2982	0x0	0	25.193831
5018	F	2097152	2983	0x0	0	25.193836
5019	F	2097152	2984	0x0	0	25.193840
5020	F	2097152	2985	0x0	0	25.193844
5021	F	2097152	2986	0x0	0	25.193849
5022	F	2097152	2987	0x0	0	25.193854
5023	F	2097152	2988	0x0	0	25.193858
5024	F	2097152	2989	0x0	0	25.193862
5025	F	2097152	2990	0x0	0	25.193867
5026	F	2097152	2991	0x0	0	25.193871
5027	F	2097152	2992	0x0	0	25.193875
5028	F	2097152	2993	0x0	0	25.193879
5029	F	2097152	2994	0x0	0	25.193884
5030	F	2097152	2995	0x0	0	25.193888
5031	F	2097152	2996	0x0	0	25.193892
5032	F	2097152	2997	0x0	0	25.193896
5033	F	2097152	2998	0x0	0	25.193901
5034	F	2097152	2999	0x0	0	25.193906
5035	F	2097152	3000	0x0	0	25.193910
5036	F	2097152	3001	0x0	0	25.193915
5037	F	2097152	3002	0x0	0	25.193920
5038	F	2097152	3003	0x0	0	25.193925
5039	F	2097152	3004	0x0	0	25.193929
5040	F	2097152	3005	0x0	0	25.193933
5041	F	2097152	3006	0x0	0	25.193937
5042	F	2097152	3007	0x0	0	25.193942
5043	F	2097152	3008	0x0	0	25.193946
5044	F	2097152	3009	0x0	0	25.193951
5045	F	2097152	3010	0x0	0	25.193956
5046	F	2097152	3011	0x0	0	25.193961
5047	F	2097152	3012	0x0	0	25.193965
5048	F	2097152	3013	0x0	0	25.193970
5049	F	2097152	3014	0x0	0	25.193974
5050	F	2097152	3015	0x0	0	25.193978
5051	F	2097152	3016	0x0	0	25.193982
5052	F	2097152	3017	0x0	0	25.193987
5053	F	2097152	3018	0x0	0	25.193992
5054	F	2097152	3019	0x0	0	25.193996
5055	F	2097152	3020	0x0	0	25.194001
5056	F	2097152	3021	0x0	0	25.194005
5057	F	2097152	3022	0x0	0	25.194010
5058	F	2097152	3023	0x0	0	25.194014
5059	F	2097152	3024	0x0	0	25.194018
5060	F	2097152	3025	0x0	0	25.194023
5061	F	2097152	3026	0x0	0	25.194028
5062	F	2097152	3027	0x0	0	25.194033
5063	F	2097152	3028	0x0	0	25.194037
5064	F	2097152	3029	0x0	0	25.194042
5065	F	2097152	3030	0x0	0	25.194046
5066	F	2097152	3031	0x0	0	25.194051
5067	F	2097152	3032	0x0	0	25.194055
5068	F	2097152	3033	0x0	0	25.194060
5069	F	2097152	3034	0x0	0	25.194064
5070	F	2097152	3035	0x0	0	25.194069
5071	F	2097152	3036	0x0	0	25.194073
5072	F	2097152	3037	0x0	0	25.194078
5073	F	2097152	3038	0x0	0	25.194082
5074	F	2097152	3039	0x0	0	25.194087
5075	F	2097152	3040	0x0	0	25.194091
5076	F	2097152	3041	0x0	0	25.194098
5077	F	2097152	3042	0x0	0	25.194104
5078	F	2097152	3043	0x0	0	25.194108
5079	F	2097152	3044	0x0	0	25.194113
5080	F	2097152	3045	0x0	0	25.194117
5081	F	2097152	3046	0x0	0	25.194121
5082	F	2097152	3047	0x0	0	25.194126
5083	F	2097152	3048	0x0	0	25.194130
5084	F	2097152	3049	0x0	0	25.194135
5085	F	2097152	3050	0x0	0	25.194140
5086	F	2097152	3051	0x0	0	25.194144
5087	F	2097152	3052	0x0	0	25.194149
5088	F	2097152	3053	0x0	0	25.194154
5089	F	2097152	3054	0x0	0	25.194158
5090	F	2097152	3055	0x0	0	25.194163
5091	F	2097152	3056	0x0	0	25.194247
5092	F	2097152	3057	0x0	0	25.194358
5093	F	2097152	3058	0x0	0	25.194462
5094	F	2097152	3059	0x0	0	25.194570
5095	F	2097152	3060	0x0	0	25.194676
5096	F	2097152	3061	0x0	0	25.194787
5097	F	2097152	3062	0x0	0	25.194899
5098	F	2097152	3063	0x0	0	25.195004
5099	F	2097152	3064	0x0	0	25.195109
5100	F	2097152	3065	0x0	0	25.195235
5101	F	2097152	3066	0x0	0	25.195340
5102	F	2097152	3067	0x0	0	25.195444
5103	F	2097152	3068	0x0	0	25.195546
5104	F	2097152	3069	0x0	0	25.195650
5105	F	2097152	3070	0x0	0	25.195760
5106	F	2097152	3071	0x0	0	25.195864
5107	F	2097152	3072	0x0	0	25.195968
5108	F	2097152	3073	0x0	0	25.196072
5109	F	2097152	3074	0x0	0	25.196175
5110	F	2097152	3075	0x0	0	25.196279
5111	F	2097152	3076	0x0	0	25.196383
5112	F	2097152	3077	0x0	0	25.196487
5113	M	20971520	3078	0x0	0	25.239594
5114	M	20971520	3079	0x0	0	25.239752
5115	M	20971520	3080	0x0	0	25.239888
5116	M	23068672	3081	0x0	0	25.240794
5117	M	44040192	3082	0x0	0	25.241107
5118	M	44040192	3083	0x0	0	25.241143
5119	M	46137344	3084	0x0	0	25.241241
5120	M	46137344	3085	0x0	0	25.241753
5121	M	50331648	3086	0x0	0	25.242561
5122	M	88080384	3087	0x0	0	25.244517
5123	M	44040192	3088	0x0	0	25.244619
5124	M	44040192	3089	0x0	0	25.250243
5125	M	44040192	3090	0x0	0	25.285498
5126	M	23068672	3091	0x0	0	25.290262
5127	M	23068672	3092	0x0	0	25.292035
5128	M	23068672	3093	0x0	0	25.296699
5129	M	75497472	3094	0x0	0	25.300599
5130	M	23068672	3095	0x0	0	25.314889
5131	M	23068672	3096	0x0	0	25.322038
5132	M	23068672	3097	0x0	0	25.326736
5133	M	23068672	3098	0x0	0	25.332949
5134	M	23068672	3099	0x0	0	25.335234
5135	M	23068672	3100	0x0	0	25.338432
5136	M	2097152	3101	0x0	0	25.340550
5137	M	2097152	3102	0x0	0	25.342142
5138	M	2097152	3103	0x0	0	25.342955
5139	M	2097152	3104	0x0	0	25.344587
5140	M	2097152	3105	0x0	0	25.346164
5141	M	23068672	3106	0x0	0	25.346817
5142	M	2097152	3107	0x0	0	25.347453
5143	M	2097152	3108	0x0	0	25.348933
5144	M	2097152	3109	0x0	0	25.349639
5145	M	98566144	3110	0x0	0	25.350359
5146	M	65011712	3111	0x0	0	25.350649
5147	M	67108864	3112	0x0	0	25.350766
5148	M	2097152	3113	0x0	0	25.352463
5149	M	44040192	3114	0x0	0	25.352924
5150	M	44040192	3115	0x0	0	25.352967
5151	M	44040192	3116	0x0	0	25.356933
5152	M	2097152	3117	0x0	0	25.358369
5153	M	44040192	3118	0x0	0	25.358637
5154	M	44040192	3119	0x0	0	25.361026
5155	M	195035136	3120	0x0	0	25.362750
5156	M	130023424	3121	0x0	0	25.363015
5157	M	130023424	3122	0x0	0	25.363065
5158	M	92274688	3123	0x0	0	25.363183
5159	M	88080384	3124	0x0	0	25.372532
5160	M	69206016	3125	0x0	0	25.372629
5161	M	88080384	3126	0x0	0	25.373454
5162	M	130023424	3127	0x0	0	25.374687
5163	M	130023424	3128	0x0	0	25.375442
5164	M	146800640	3129	0x0	0	25.398091
5165	M	2097152	3130	0x0	0	25.490957
5166	M	2097152	3131	0x0	0	25.492439
5167	M	2097152	3132	0x0	0	25.493661
5168	M	2097152	3133	0x0	0	25.497625
5169	M	2097152	3134	0x0	0	25.498637
5170	M	2097152	3135	0x0	0	25.499854
5171	M	2097152	3136	0x0	0	25.501128
5172	M	2097152	3137	0x0	0	25.502968
5173	M	2097152	3138	0x0	0	25.504443
5174	M	2097152	3139	0x0	0	25.506265
5175	M	2097152	3140	0x0	0	25.507819
5176	M	2097152	3141	0x0	0	25.509124
5177	M	2097152	3142	0x0	0	25.511234
5178	M	2097152	3143	0x0	0	25.512229
5179	M	2097152	3144	0x0	0	25.513439
5180	M	2097152	3145	0x0	0	25.514725
5181	M	2097152	3146	0x0	0	25.516583
5182	M	2097152	3147	0x0	0	25.518050
5183	M	2097152	3148	0x0	0	25.519812
5184	M	2097152	3149	0x0	0	25.521265
5185	M	2097152	3150	0x0	0	25.522472
5186	M	2097152	3151	0x0	0	25.524730
5187	M	2097152	3152	0x0	0	25.525832
5188	M	2097152	3153	0x0	0	25.527125
5189	M	2097152	3154	0x0	0	25.528490
5190	M	2097152	3155	0x0	0	25.530474
5191	M	2097152	3156	0x0	0	25.532480
5192	M	2097152	3157	0x0	0	25.534476
5193	M	2097152	3158	0x0	0	25.535966
5194	M	2097152	3159	0x0	0	25.537716
5195	M	2097152	3160	0x0	0	25.539160
5196	M	2097152	3161	0x0	0	25.540472
5197	M	2097152	3162	0x0	0	25.542676
5198	M	2097152	3163	0x0	0	25.543761
5199	M	2097152	3164	0x0	0	25.544975
5200	M	2097152	3165	0x0	0	25.546264
5201	M	2097152	3166	0x0	0	25.548193
5202	M	2097152	3167	0x0	0	25.549677
5203	M	2097152	3168	0x0	0	25.551445
5204	M	2097152	3169	0x0	0	25.552892
5205	M	2097152	3170	0x0	0	25.554117
5206	M	2097152	3171	0x0	0	25.556217
5207	M	2097152	3172	0x0	0	25.557224
5208	M	2097152	3173	0x0	0	25.558438
5209	M	2097152	3174	0x0	0	25.559706
5210	M	2097152	3175	0x0	0	25.561546
5211	M	2097152	3176	0x0	0	25.563045
5212	M	2097152	3177	0x0	0	25.591499
5213	M	2097152	3178	0x0	0	25.593954
5214	M	2097152	3179	0x0	0	25.595188
5215	M	2097152	3180	0x0	0	25.597306
5216	M	2097152	3181	0x0	0	25.598315
5217	M	2097152	3182	0x0	0	25.599534
5218	M	2097152	3183	0x0	0	25.600817
5219	M	2097152	3184	0x0	0	25.602673
5220	M	2097152	3185	0x0	0	25.650158
5221	M	2097152	3186	0x0	0	25.651909
5222	M	2097152	3187	0x0	0	25.653368
5223	M	2097152	3188	0x0	0	25.654592
5224	M	2097152	3189	0x0	0	25.656689
5225	M	2097152	3190	0x0	0	25.657700
5226	M	2097152	3191	0x0	0	25.658921
5227	M	2097152	3192	0x0	0	25.660206
5228	M	2097152	3193	0x0	0	25.680660
5229	M	2097152	3194	0x0	0	25.682144
5230	M	2097152	3195	0x0	0	25.683910
5231	M	2097152	3196	0x0	0	25.685366
5232	M	2097152	3197	0x0	0	25.686588
5233	M	2097152	3198	0x0	0	25.688703
5234	M	2097152	3199	0x0	0	25.689703
5235	M	2097152	3200	0x0	0	25.690924
5236	M	2097152	3201	0x0	0	25.706289
5237	M	2097152	3202	0x0	0	25.706799
5238	M	2097152	3203	0x0	0	25.706954
5239	M	2097152	3204	0x0	0	25.707190
5240	M	2097152	3205	0x0	0	25.707967
5241	M	2097152	3206	0x0	0	25.711263
5242	M	2097152	3207	0x0	0	25.763169
5243	M	2097152	3208	0x0	0	25.764871
5244	M	2097152	3209	0x0	0	25.766869
5245	M	2097152	3210	0x0	0	25.768673
5246	M	2097152	3211	0x0	0	25.769601
5247	M	2097152	3212	0x0	0	25.771351
5248	M	2097152	3213	0x0	0	25.783185
5249	M	2097152	3214	0x0	0	25.784982
5250	M	2097152	3215	0x0	0	25.786603
5251	M	2097152	3216	0x0	0	25.788418
5252	M	2097152	3217	0x0	0	25.790103
5253	M	2097152	3218	0x0	0	25.791912
5254	M	2097152	3219	0x0	0	25.792816
5255	M	2097152	3220	0x0	0	25.794555
5256	M	2097152	3221	0x0	0	25.795884
5257	M	2097152	3222	0x0	0	25.811605
5258	M	2097152	3223	0x0	0	25.813194
5259	M	2097152	3224	0x0	0	25.814999
5260	M	2097152	3225	0x0	0	25.816694
5261	M	2097152	3226	0x0	0	25.818516
5262	M	2097152	3227	0x0	0	25.819422
5263	M	2097152	3228	0x0	0	25.821178
5264	M	2097152	3229	0x0	0	25.822528
5265	M	2097152	3230	0x0	0	25.834956
5266	M	2097152	3231	0x0	0	25.836548
5267	M	2097152	3232	0x0	0	25.838345
5268	M	2097152	3233	0x0	0	25.840014
5269	M	2097152	3234	0x0	0	25.841816
5270	M	2097152	3235	0x0	0	25.842737
5271	M	2097152	3236	0x0	0	25.844480
5272	M	2097152	3237	0x0	0	25.845826
5273	M	2097152	3238	0x0	0	25.847612
5274	M	2097152	3239	0x0	0	25.859447
5275	M	2097152	3240	0x0	0	25.859630
5276	M	2097152	3241	0x0	0	25.859826
5277	M	2097152	3242	0x0	0	25.860014
5278	M	2097152	3243	0x0	0	25.860247
5279	M	2097152	3244	0x0	0	25.860348
5280	M	2097152	3245	0x0	0	25.915023
5281	M	2097152	3246	0x0	0	25.915064
5282	M	2097152	3247	0x0	0	25.915100
5283	M	2097152	3248	0x0	0	25.915127
5284	M	2097152	3249	0x0	0	25.915146
5285	M	2097152	3250	0x0	0	25.915166
5286	M	2097152	3251	0x0	0	25.915183
5287	M	2097152	3252	0x0	0	25.915201
5288	M	2097152	3253	0x0	0	25.915221
5289	M	2097152	3254	0x0	0	25.915236
5290	M	2097152	3255	0x0	0	25.915253
5291	M	2097152	3256	0x0	0	25.915271
5292	M	2097152	3257	0x0	0	25.915289
5293	M	2097152	3258	0x0	0	25.915306
5294	M	2097152	3259	0x0	0	25.915322
5295	M	2097152	3260	0x0	0	25.915339
5296	M	2097152	3261	0x0	0	25.915371
5297	M	2097152	3262	0x0	0	25.915387
5298	M	2097152	3263	0x0	0	25.915404
5299	M	2097152	3264	0x0	0	25.915419
5300	M	2097152	3265	0x0	0	25.915435
5301	M	2097152	3266	0x0	0	25.915451
5302	M	2097152	3267	0x0	0	25.915469
5303	M	2097152	3268	0x0	0	25.915498
5304	M	2097152	3269	0x0	0	25.915515
5305	M	2097152	3270	0x0	0	25.915531
5306	M	2097152	3271	0x0	0	25.915548
5307	M	2097152	3272	0x0	0	25.915567
5308	M	2097152	3273	0x0	0	25.915585
5309	M	2097152	3274	0x0	0	25.915602
5310	M	2097152	3275	0x0	0	25.915620
5311	M	2097152	3276	0x0	0	25.915639
5312	M	2097152	3277	0x0	0	25.915658
5313	M	2097152	3278	0x0	0	25.915680
5314	M	2097152	3279	0x0	0	25.915698
5315	M	2097152	3280	0x0	0	25.915717
5316	M	2097152	3281	0x0	0	25.915733
5317	M	2097152	3282	0x0	0	25.915750
5318	M	2097152	3283	0x0	0	25.915766
5319	M	2097152	3284	0x0	0	25.915783
5320	M	2097152	3285	0x0	0	25.915814
5321	M	2097152	3286	0x0	0	25.915832
5322	M	2097152	3287	0x0	0	25.915850
5323	M	2097152	3288	0x0	0	25.915868
5324	M	2097152	3289	0x0	0	25.915884
5325	M	2097152	3290	0x0	0	25.915901
5326	M	2097152	3291	0x0	0	25.915917
5327	M	2097152	3292	0x0	0	25.915934
5328	M	2097152	3293	0x0	0	25.915951
5329	M	2097152	3294	0x0	0	25.915967
5330	M	2097152	3295	0x0	0	25.915987
5331	M	2097152	3296	0x0	0	25.916014
5332	M	2097152	3297	0x0	0	25.916034
5333	M	2097152	3298	0x0	0	25.916050
5334	M	2097152	3299	0x0	0	25.916067
5335	M	2097152	3300	0x0	0	25.916084
5336	M	2097152	3301	0x0	0	25.916114
5337	M	2097152	3302	0x0	0	25.916132
5338	M	2097152	3303	0x0	0	25.916147
5339	M	2097152	3304	0x0	0	25.916177
5340	M	2097152	3305	0x0	0	25.916192
5341	M	2097152	3306	0x0	0	25.916210
5342	M	2097152	3307	0x0	0	25.916226
5343	M	2097152	3308	0x0	0	25.916246
5344	M	2097152	3309	0x0	0	25.916264
5345	M	2097152	3310	0x0	0	25.916281
5346	M	2097152	3311	0x0	0	25.916298
5347	M	2097152	3312	0x0	0	25.916319
5348	M	2097152	3313	0x0	0	25.916335
5349	M	2097152	3314	0x0	0	25.916351
5350	M	2097152	3315	0x0	0	25.916367
5351	M	2097152	3316	0x0	0	25.916384
5352	M	2097152	3317	0x0	0	25.916402
5353	M	2097152	3318	0x0	0	25.916419
5354	M	2097152	3319	0x0	0	25.916437
5355	M	2097152	3320	0x0	0	25.916454
5356	M	2097152	3321	0x0	0	25.916472
5357	M	2097152	3322	0x0	0	25.916488
5358	M	2097152	3323	0x0	0	25.916504
5359	M	2097152	3324	0x0	0	25.916523
5360	M	2097152	3325	0x0	0	25.916540
5361	M	2097152	3326	0x0	0	25.916555
5362	M	2097152	3327	0x0	0	25.916573
5363	M	2097152	3328	0x0	0	25.916590
5364	M	2097152	3329	0x0	0	25.916610
5365	M	2097152	3330	0x0	0	25.916627
5366	M	2097152	3331	0x0	0	25.916643
5367	M	2097152	3332	0x0	0	25.916659
5368	M	2097152	3333	0x0	0	25.916676
5369	M	2097152	3334	0x0	0	25.916695
5370	M	2097152	3335	0x0	0	25.916711
5371	M	2097152	3336	0x0	0	25.916729
5372	M	2097152	3337	0x0	0	25.916747
5373	M	2097152	3338	0x0	0	25.916766
5374	M	2097152	3339	0x0	0	25.916782
5375	M	2097152	3340	0x0	0	25.916799
5376	M	2097152	3341	0x0	0	25.916817
5377	M	2097152	3342	0x0	0	25.916833
5378	M	2097152	3343	0x0	0	25.916849
5379	M	2097152	3344	0x0	0	25.916892
5380	M	2097152	3345	0x0	0	25.916941
5381	M	2097152	3346	0x0	0	25.916988
5382	M	2097152	3347	0x0	0	25.917005
5383	M	2097152	3348	0x0	0	25.917022
5384	M	2097152	3349	0x0	0	25.917041
5385	M	2097152	3350	0x0	0	25.917058
5386	M	2097152	3351	0x0	0	25.917075
5387	M	2097152	3352	0x0	0	25.917097
5388	M	2097152	3353	0x0	0	25.917114
5389	M	2097152	3354	0x0	0	25.917132
5390	M	2097152	3355	0x0	0	25.917148
5391	M	2097152	3356	0x0	0	25.917165
5392	M	2097152	3357	0x0	0	25.917183
5393	M	2097152	3358	0x0	0	25.917201
5394	M	2097152	3359	0x0	0	25.917219
5395	M	2097152	3360	0x0	0	25.917238
5396	M	2097152	3361	0x0	0	25.917255
5397	M	2097152	3362	0x0	0	25.917272
5398	M	2097152	3363	0x0	0	25.917292
5399	M	2097152	3364	0x0	0	25.917319
5400	M	2097152	3365	0x0	0	25.917337
5401	M	2097152	3366	0x0	0	25.917353
5402	M	2097152	3367	0x0	0	25.917371
5403	M	2097152	3368	0x0	0	25.917388
5404	F	20971520	3078	0x0	0	26.338462
5405	F	20971520	3079	0x0	0	26.338537
5406	F	20971520	3080	0x0	0	26.338585
5407	F	23068672	3081	0x0	0	26.338630
5408	F	23068672	3091	0x0	0	26.338677
5409	F	23068672	3092	0x0	0	26.338722
5410	F	23068672	3093	0x0	0	26.338769
5411	F	23068672	3095	0x0	0	26.338812
5412	F	23068672	3096	0x0	0	26.338854
5413	F	23068672	3097	0x0	0	26.338896
5414	F	23068672	3098	0x0	0	26.338934
5415	F	23068672	3099	0x0	0	26.338974
5416	F	23068672	3100	0x0	0	26.339013
5417	F	23068672	3106	0x0	0	26.339053
5418	F	44040192	3082	0x0	0	26.339099
5419	F	44040192	3083	0x0	0	26.339143
5420	F	44040192	3088	0x0	0	26.339183
5421	F	44040192	3089	0x0	0	26.339222
5422	F	44040192	3090	0x0	0	26.339263
5423	F	44040192	3114	0x0	0	26.339303
5424	F	44040192	3115	0x0	0	26.339345
5425	F	44040192	3116	0x0	0	26.339384
5426	F	44040192	3118	0x0	0	26.339424
5427	F	44040192	3119	0x0	0	26.339466
5428	F	46137344	3084	0x0	0	26.339511
5429	F	46137344	3085	0x0	0	26.339551
5430	F	50331648	3086	0x0	0	26.339591
5431	F	65011712	3111	0x0	0	26.339632
5432	F	67108864	3112	0x0	0	26.339670
5433	F	69206016	3125	0x0	0	26.339712
5434	F	75497472	3094	0x0	0	26.339751
5435	F	88080384	3087	0x0	0	26.339790
5436	F	88080384	3124	0x0	0	26.339829
5437	F	88080384	3126	0x0	0	26.339868
5438	F	92274688	3123	0x0	0	26.339907
5439	F	98566144	3110	0x0	0	26.339948
5440	F	130023424	3121	0x0	0	26.339990
5441	F	130023424	3122	0x0	0	26.340030
5442	F	130023424	3127	0x0	0	26.340071
5443	F	130023424	3128	0x0	0	26.340110
5444	F	146800640	3129	0x0	0	26.340151
5445	F	195035136	3120	0x0	0	26.340190
5446	F	2097152	3101	0x0	0	26.340256
5447	F	2097152	3102	0x0	0	26.340263
5448	F	2097152	3103	0x0	0	26.340270
5449	F	2097152	3104	0x0	0	26.340276
5450	F	2097152	3105	0x0	0	26.340282
5451	F	2097152	3107	0x0	0	26.340287
5452	F	2097152	3108	0x0	0	26.340292
5453	F	2097152	3109	0x0	0	26.340298
5454	F	2097152	3113	0x0	0	26.340304
5455	F	2097152	3117	0x0	0	26.340310
5456	F	2097152	3130	0x0	0	26.340316
5457	F	2097152	3131	0x0	0	26.340324
5458	F	2097152	3132	0x0	0	26.340330
5459	F	2097152	3133	0x0	0	26.340336
5460	F	2097152	3134	0x0	0	26.340343
5461	F	2097152	3135	0x0	0	26.340349
5462	F	2097152	3136	0x0	0	26.340355
5463	F	2097152	3137	0x0	0	26.340361
5464	F	2097152	3138	0x0	0	26.340366
5465	F	2097152	3139	0x0	0	26.340373
5466	F	2097152	3140	0x0	0	26.340378
5467	F	2097152	3141	0x0	0	26.340384
5468	F	2097152	3142	0x0	0	26.340390
5469	F	2097152	3143	0x0	0	26.340395
5470	F	2097152	3144	0x0	0	26.340401
5471	F	2097152	3145	0x0	0	26.340406
5472	F	2097152	3146	0x0	0	26.340411
5473	F	2097152	3147	0x0	0	26.340416
5474	F	2097152	3148	0x0	0	26.340422
5475	F	2097152	3149	0x0	0	26.340429
5476	F	2097152	3150	0x0	0	26.340434
5477	F	2097152	3151	0x0	0	26.340440
5478	F	2097152	3152	0x0	0	26.340446
5479	F	2097152	3153	0x0	0	26.340451
5480	F	2097152	3154	0x0	0	26.340456
5481	F	2097152	3155	0x0	0	26.340461
5482	F	2097152	3156	0x0	0	26.340467
5483	F	2097152	3157	0x0	0	26.340472
5484	F	2097152	3158	0x0	0	26.340477
5485	F	2097152	3159	0x0	0	26.340482
5486	F	2097152	3160	0x0	0	26.340487
5487	F	2097152	3161	0x0	0	26.340493
5488	F	2097152	3162	0x0	0	26.340498
5489	F	2097152	3163	0x0	0	26.340503
5490	F	2097152	3164	0x0	0	26.340510
5491	F	2097152	3165	0x0	0	26.340517
5492	F	2097152	3166	0x0	0	26.340524
5493	F	2097152	3167	0x0	0	26.340530
5494	F	2097152	3168	0x0	0	26.340535
5495	F	2097152	3169	0x0	0	26.340541
5496	F	2097152	3170	0x0	0	26.340546
5497	F	2097152	3171	0x0	0	26.340551
5498	F	2097152	3172	0x0	0	26.340556
5499	F	2097152	3173	0x0	0	26.340561
5500	F	2097152	3174	0x0	0	26.340566
5501	F	2097152	3175	0x0	0	26.340572
5502	F	2097152	3176	0x0	0	26.340577
5503	F	2097152	3177	0x0	0	26.340581
5504	F	2097152	3178	0x0	0	26.340586
5505	F	2097152	3179	0x0	0	26.340591
5506	F	2097152	3180	0x0	0	26.340596
5507	F	2097152	3181	0x0	0	26.340601
5508	F	2097152	3182	0x0	0	26.340607
5509	F	2097152	3183	0x0	0	26.340611
5510	F	2097152	3184	0x0	0	26.340617
5511	F	2097152	3185	0x0	0	26.340622
5512	F	2097152	3186	0x0	0	26.340626
5513	F	2097152	3187	0x0	0	26.340631
5514	F	2097152	3188	0x0	0	26.340637
5515	F	2097152	3189	0x0	0	26.340641
5516	F	2097152	3190	0x0	0	26.340646
5517	F	2097152	3191	0x0	0	26.340652
5518	F	2097152	3192	0x0	0	26.340657
5519	F	2097152	3193	0x0	0	26.340662
5520	F	2097152	3194	0x0	0	26.340666
5521	F	2097152	3195	0x0	0	26.340671
5522	F	2097152	3196	0x0	0	26.340676
5523	F	2097152	3197	0x0	0	26.340681
5524	F	2097152	3198	0x0	0	26.340686
5525	F	2097152	3199	0x0	0	26.340691
5526	F	2097152	3200	0x0	0	26.340696
5527	F	2097152	3201	0x0	0	26.340701
5528	F	2097152	3202	0x0	0	26.340706
5529	F	2097152	3203	0x0	0	26.340711
5530	F	2097152	3204	0x0	0	26.340716
5531	F	2097152	3205	0x0	0	26.340721
5532	F	2097152	3206	0x0	0	26.340726
5533	F	2097152	3207	0x0	0	26.340731
5534	F	2097152	3208	0x0	0	26.340736
5535	F	2097152	3209	0x0	0	26.340741
5536	F	2097152	3210	0x0	0	26.340746
5537	F	2097152	3211	0x0	0	26.340750
5538	F	2097152	3212	0x0	0	26.340755
5539	F	2097152	3213	0x0	0	26.340760
5540	F	2097152	3214	0x0	0	26.340765
5541	F	2097152	3215	0x0	0	26.340770
5542	F	2097152	3216	0x0	0	26.340774
5543	F	2097152	3217	0x0	0	26.340779
5544	F	2097152	3218	0x0	0	26.340784
5545	F	2097152	3219	0x0	0	26.340789
5546	F	2097152	3220	0x0	0	26.340794
5547	F	2097152	3221	0x0	0	26.340799
5548	F	2097152	3222	0x0	0	26.340803
5549	F	2097152	3223	0x0	0	26.340808
5550	F	2097152	3224	0x0	0	26.340813
5551	F	2097152	3225	0x0	0	26.340818
5552	F	2097152	3226	0x0	0	26.340822
5553	F	2097152	3227	0x0	0	26.340827
5554	F	2097152	3228	0x0	0	26.340832
5555	F	2097152	3229	0x0	0	26.340836
5556	F	2097152	3230	0x0	0	26.340842
5557	F	2097152	3231	0x0	0	26.340847
5558	F	2097152	3232	0x0	0	26.340851
5559	F	2097152	3233	0x0	0	26.340856
5560	F	2097152	3234	0x0	0	26.340860
5561	F	2097152	3235	0x0	0	26.340865
5562	F	2097152	3236	0x0	0	26.340870
5563	F	2097152	3237	0x0	0	26.340875
5564	F	2097152	3239	0x0	0	26.340880
5565	F	2097152	3240	0x0	0	26.340886
5566	F	2097152	3241	0x0	0	26.340890
5567	F	2097152	3242	0x0	0	26.340895
5568	F	2097152	3243	0x0	0	26.340900
5569	F	2097152	3244	0x0	0	26.340905
5570	F	2097152	3245	0x0	0	26.340910
5571	F	2097152	3246	0x0	0	26.340915
5572	F	2097152	3247	0x0	0	26.340920
5573	F	2097152	3248	0x0	0	26.340926
5574	F	2097152	3249	0x0	0	26.340930
5575	F	2097152	3250	0x0	0	26.340935
5576	F	2097152	3251	0x0	0	26.340939
5577	F	2097152	3252	0x0	0	26.340944
5578	F	2097152	3253	0x0	0	26.340949
5579	F	2097152	3254	0x0	0	26.340954
5580	F	2097152	3255	0x0	0	26.340958
5581	F	2097152	3256	0x0	0	26.340963
5582	F	2097152	3257	0x0	0	26.340967
5583	F	2097152	3258	0x0	0	26.340972
5584	F	2097152	3259	0x0	0	26.340977
5585	F	2097152	3260	0x0	0	26.340982
5586	F	2097152	3261	0x0	0	26.340986
5587	F	2097152	3262	0x0	0	26.340991
5588	F	2097152	3263	0x0	0	26.340995
5589	F	2097152	3264	0x0	0	26.341001
5590	F	2097152	3265	0x0	0	26.341005
5591	F	2097152	3266	0x0	0	26.341010
5592	F	2097152	3267	0x0	0	26.341014
5593	F	2097152	3268	0x0	0	26.341019
5594	F	2097152	3269	0x0	0	26.341024
5595	F	2097152	3270	0x0	0	26.341028
5596	F	2097152	3271	0x0	0	26.341032
5597	F	2097152	3272	0x0	0	26.341037
5598	F	2097152	3273	0x0	0	26.341041
5599	F	2097152	3274	0x0	0	26.341046
5600	F	2097152	3275	0x0	0	26.341050
5601	F	2097152	3276	0x0	0	26.341054
5602	F	2097152	3277	0x0	0	26.341059
5603	F	2097152	3278	0x0	0	26.341063
5604	F	2097152	3279	0x0	0	26.341067
5605	F	2097152	3280	0x0	0	26.341072
5606	F	2097152	3281	0x0	0	26.341076
5607	F	2097152	3282	0x0	0	26.341081
5608	F	2097152	3283	0x0	0	26.341085
5609	F	2097152	3284	0x0	0	26.341089
5610	F	2097152	3285	0x0	0	26.341097
5611	F	2097152	3286	0x0	0	26.341103
5612	F	2097152	3287	0x0	0	26.341246
5613	F	2097152	3288	0x0	0	26.341355
5614	F	2097152	3289	0x0	0	26.341460
5615	F	2097152	3290	0x0	0	26.341564
5616	F	2097152	3291	0x0	0	26.341679
5617	F	2097152	3292	0x0	0	26.341785
5618	F	2097152	3293	0x0	0	26.341892
5619	F	2097152	3294	0x0	0	26.341995
5620	F	2097152	3295	0x0	0	26.342103
5621	F	2097152	3296	0x0	0	26.342214
5622	F	2097152	3297	0x0	0	26.342324
5623	F	2097152	3298	0x0	0	26.342426
5624	F	2097152	3299	0x0	0	26.342530
5625	F	2097152	3300	0x0	0	26.342635
5626	F	2097152	3301	0x0	0	26.342740
5627	F	2097152	3302	0x0	0	26.342844
5628	F	2097152	3303	0x0	0	26.342946
5629	F	2097152	3304	0x0	0	26.343050
5630	F	2097152	3305	0x0	0	26.343153
5631	F	2097152	3306	0x0	0	26.343277
5632	F	2097152	3307	0x0	0	26.343380
5633	F	2097152	3308	0x0	0	26.343483
5634	F	2097152	3309	0x0	0	26.343587
5635	F	2097152	3310	0x0	0	26.343690
5636	F	2097152	3311	0x0	0	26.343793
5637	F	2097152	3312	0x0	0	26.343900
5638	F	2097152	3313	0x0	0	26.344002
5639	F	2097152	3314	0x0	0	26.344104
5640	F	2097152	3315	0x0	0	26.344208
5641	F	2097152	3316	0x0	0	26.344311
5642	F	2097152	3317	0x0	0	26.344417
5643	F	2097152	3318	0x0	0	26.344520
5644	F	2097152	3319	0x0	0	26.344622
5645	F	2097152	3320	0x0	0	26.344725
5646	F	2097152	3321	0x0	0	26.344830
5647	F	2097152	3322	0x0	0	26.344935
5648	F	2097152	3323	0x0	0	26.345042
5649	F	2097152	3324	0x0	0	26.345146
5650	F	2097152	3325	0x0	0	26.345249
5651	F	2097152	3326	0x0	0	26.345354
5652	F	2097152	3327	0x0	0	26.345456
5653	F	2097152	3328	0x0	0	26.345563
5654	F	2097152	3329	0x0	0	26.345670
5655	F	2097152	3330	0x0	0	26.345771
5656	F	2097152	3331	0x0	0	26.345873
5657	F	2097152	3332	0x0	0	26.345975
5658	F	2097152	3333	0x0	0	26.346077
5659	F	2097152	3334	0x0	0	26.346178
5660	F	2097152	3335	0x0	0	26.346279
5661	F	2097152	3336	0x0	0	26.346381
5662	F	2097152	3337	0x0	0	26.346484
5663	F	2097152	3338	0x0	0	26.346585
5664	F	2097152	3339	0x0	0	26.346688
5665	F	2097152	3340	0x0	0	26.346789
5666	F	2097152	3341	0x0	0	26.346893
5667	F	2097152	3342	0x0	0	26.346995
5668	F	2097152	3343	0x0	0	26.347098
5669	F	2097152	3344	0x0	0	26.347221
5670	F	2097152	3345	0x0	0	26.347324
5671	F	2097152	3346	0x0	0	26.347426
5672	F	2097152	3347	0x0	0	26.347530
5673	F	2097152	3348	0x0	0	26.347631
5674	F	2097152	3349	0x0	0	26.347742
5675	F	2097152	3350	0x0	0	26.347852
5676	F	2097152	3351	0x0	0	26.347959
5677	F	2097152	3352	0x0	0	26.348067
5678	F	2097152	3353	0x0	0	26.348173
5679	F	2097152	3354	0x0	0	26.348295
5680	F	2097152	3355	0x0	0	26.348398
5681	F	2097152	3356	0x0	0	26.348501
5682	F	2097152	3357	0x0	0	26.348611
5683	F	2097152	3358	0x0	0	26.348720
5684	F	2097152	3359	0x0	0	26.348823
5685	F	2097152	3360	0x0	0	26.348926
5686	F	2097152	3361	0x0	0	26.349032
5687	F	2097152	3362	0x0	0	26.349135
5688	F	2097152	3363	0x0	0	26.349256
5689	F	2097152	3364	0x0	0	26.349359
5690	F	2097152	3365	0x0	0	26.349464
5691	F	2097152	3366	0x0	0	26.349567
5692	F	2097152	3367	0x0	0	26.349670
5693	F	2097152	3368	0x0	0	26.349774
5694	M	20971520	3369	0x0	0	26.394581
5695	M	23068672	3370	0x0	0	26.395406
5696	M	44040192	3371	0x0	0	26.395708
5697	M	44040192	3372	0x0	0	26.395741
5698	M	46137344	3373	0x0	0	26.395840
5699	M	46137344	3374	0x0	0	26.396367
5700	M	50331648	3375	0x0	0	26.397170
5701	M	88080384	3376	0x0	0	26.399111
5702	M	44040192	3377	0x0	0	26.399218
5703	M	44040192	3378	0x0	0	26.404898
5704	M	44040192	3379	0x0	0	26.404947
5705	M	23068672	3380	0x0	0	26.441122
5706	M	23068672	3381	0x0	0	26.444310
5707	M	23068672	3382	0x0	0	26.452306
5708	M	23068672	3383	0x0	0	26.452375
5709	M	23068672	3384	0x0	0	26.459771
5710	M	23068672	3385	0x0	0	26.461535
5711	M	23068672	3386	0x0	0	26.463150
5712	M	23068672	3387	0x0	0	26.471062
5713	M	23068672	3388	0x0	0	26.476515
5714	M	23068672	3389	0x0	0	26.478122
5715	M	2097152	3390	0x0	0	26.482437
5716	M	2097152	3391	0x0	0	26.484042
5717	M	2097152	3392	0x0	0	26.484252
5718	M	23068672	3393	0x0	0	26.484653
5719	M	2097152	3394	0x0	0	26.485939
5720	M	23068672	3395	0x0	0	26.486345
5721	M	2097152	3396	0x0	0	26.487636
5722	M	2097152	3397	0x0	0	26.489193
5723	M	2097152	3398	0x0	0	26.490826
5724	M	2097152	3399	0x0	0	26.493137
5725	M	2097152	3400	0x0	0	26.493341
5726	M	2097152	3401	0x0	0	26.495090
5727	M	23068672	3402	0x0	0	26.495520
5728	M	2097152	3403	0x0	0	26.496905
5729	M	2097152	3404	0x0	0	26.498425
5730	M	2097152	3405	0x0	0	26.500023
5731	M	23068672	3406	0x0	0	26.500537
5732	M	2097152	3407	0x0	0	26.501686
5733	M	2097152	3408	0x0	0	26.501880
5734	M	2097152	3409	0x0	0	26.503483
5735	M	2097152	3410	0x0	0	26.505157
5736	M	2097152	3411	0x0	0	26.506649
5737	M	23068672	3412	0x0	0	26.507160
5738	M	2097152	3413	0x0	0	26.508345
5739	M	98566144	3414	0x0	0	26.509002
5740	M	65011712	3415	0x0	0	26.509298
5741	M	67108864	3416	0x0	0	26.509419
5742	M	44040192	3417	0x0	0	26.513085
5743	M	44040192	3418	0x0	0	26.513136
5744	M	44040192	3419	0x0	0	26.515480
5745	M	2097152	3420	0x0	0	26.516910
5746	M	44040192	3421	0x0	0	26.517192
5747	M	44040192	3422	0x0	0	26.519604
5748	M	195035136	3423	0x0	0	26.521366
5749	M	130023424	3424	0x0	0	26.521721
5750	M	130023424	3425	0x0	0	26.521767
5751	M	88080384	3426	0x0	0	26.530941
5752	M	69206016	3427	0x0	0	26.531036
5753	M	88080384	3428	0x0	0	26.531881
5754	M	130023424	3429	0x0	0	26.533128
5755	M	130023424	3430	0x0	0	26.533895
5756	M	146800640	3431	0x0	0	26.556989
5757	M	2097152	3432	0x0	0	26.645133
5758	M	2097152	3433	0x0	0	26.648256
5759	M	2097152	3434	0x0	0	26.648449
5760	M	2097152	3435	0x0	0	26.651541
5761	M	2097152	3436	0x0	0	26.651745
5762	M	2097152	3437	0x0	0	26.656734
5763	M	2097152	3438	0x0	0	26.656923
5764	M	2097152	3439	0x0	0	26.659998
5765	M	2097152	3440	0x0	0	26.660135
5766	M	2097152	3441	0x0	0	26.660309
5767	M	2097152	3442	0x0	0	26.663426
5768	M	2097152	3443	0x0	0	26.663609
5769	M	2097152	3444	0x0	0	26.666689
5770	M	2097152	3445	0x0	0	26.666892
5771	M	2097152	3446	0x0	0	26.669989
5772	M	2097152	3447	0x0	0	26.670185
5773	M	2097152	3448	0x0	0	26.673257
5774	M	2097152	3449	0x0	0	26.673389
5775	M	2097152	3450	0x0	0	26.673559
5776	M	2097152	3451	0x0	0	26.676682
5777	M	2097152	3452	0x0	0	26.676869
5778	M	2097152	3453	0x0	0	26.679969
5779	M	2097152	3454	0x0	0	26.680175
5780	M	2097152	3455	0x0	0	26.683254
5781	M	2097152	3456	0x0	0	26.683448
5782	M	2097152	3457	0x0	0	26.686511
5783	M	2097152	3458	0x0	0	26.686778
5784	M	2097152	3459	0x0	0	26.686966
5785	M	2097152	3460	0x0	0	26.690531
5786	M	2097152	3461	0x0	0	26.690789
5787	M	2097152	3462	0x0	0	26.693974
5788	M	2097152	3463	0x0	0	26.694187
5789	M	2097152	3464	0x0	0	26.697301
5790	M	2097152	3465	0x0	0	26.697484
5791	M	2097152	3466	0x0	0	26.700626
5792	M	2097152	3467	0x0	0	26.700758
5793	M	2097152	3468	0x0	0	26.700936
5794	M	2097152	3469	0x0	0	26.704054
5795	M	2097152	3470	0x0	0	26.704242
5796	M	2097152	3471	0x0	0	26.707372
5797	M	2097152	3472	0x0	0	26.707573
5798	M	2097152	3473	0x0	0	26.710695
5799	M	2097152	3474	0x0	0	26.710880
5800	M	2097152	3475	0x0	0	26.713952
5801	M	2097152	3476	0x0	0	26.714079
5802	M	2097152	3477	0x0	0	26.714279
5803	M	2097152	3478	0x0	0	26.717424
5804	M	2097152	3479	0x0	0	26.717609
5805	M	2097152	3480	0x0	0	26.723909
5806	M	2097152	3481	0x0	0	26.724116
5807	M	2097152	3482	0x0	0	26.728231
5808	M	2097152	3483	0x0	0	26.728417
5809	M	2097152	3484	0x0	0	26.731509
5810	M	2097152	3485	0x0	0	26.731648
5811	M	2097152	3486	0x0	0	26.731825
5812	M	2097152	3487	0x0	0	26.776361
5813	M	2097152	3488	0x0	0	26.776542
5814	M	2097152	3489	0x0	0	26.779669
5815	M	2097152	3490	0x0	0	26.779871
5816	M	2097152	3491	0x0	0	26.782997
5817	M	2097152	3492	0x0	0	26.783186
5818	M	2097152	3493	0x0	0	26.786273
5819	M	2097152	3494	0x0	0	26.786404
5820	M	2097152	3495	0x0	0	26.786583
5821	M	2097152	3496	0x0	0	26.825389
5822	M	2097152	3497	0x0	0	26.825577
5823	M	2097152	3498	0x0	0	26.828699
5824	M	2097152	3499	0x0	0	26.828905
5825	M	2097152	3500	0x0	0	26.832047
5826	M	2097152	3501	0x0	0	26.832241
5827	M	2097152	3502	0x0	0	26.846855
5828	M	2097152	3503	0x0	0	26.846986
5829	M	2097152	3504	0x0	0	26.847161
5830	M	2097152	3505	0x0	0	26.851102
5831	M	2097152	3506	0x0	0	26.851526
5832	M	2097152	3507	0x0	0	26.851772
5833	M	2097152	3508	0x0	0	26.855285
5834	M	2097152	3509	0x0	0	26.875473
5835	M	2097152	3510	0x0	0	26.898514
5836	M	2097152	3511	0x0	0	26.898788
5837	M	2097152	3512	0x0	0	26.902387
5838	M	2097152	3513	0x0	0	26.904735
5839	M	2097152	3514	0x0	0	26.906061
5840	M	2097152	3515	0x0	0	26.921039
5841	M	2097152	3516	0x0	0	26.924044
5842	M	2097152	3517	0x0	0	26.925849
5843	M	2097152	3518	0x0	0	26.928177
5844	M	2097152	3519	0x0	0	26.930009
5845	M	2097152	3520	0x0	0	26.933049
5846	M	2097152	3521	0x0	0	26.947523
5847	M	2097152	3522	0x0	0	26.949327
5848	M	2097152	3523	0x0	0	26.952335
5849	M	2097152	3524	0x0	0	26.954141
5850	M	2097152	3525	0x0	0	26.957683
5851	M	2097152	3526	0x0	0	26.959508
5852	M	2097152	3527	0x0	0	26.973188
5853	M	2097152	3528	0x0	0	26.975512
5854	M	2097152	3529	0x0	0	26.978635
5855	M	2097152	3530	0x0	0	26.980440
5856	M	2097152	3531	0x0	0	26.982261
5857	M	2097152	3532	0x0	0	26.984575
5858	M	2097152	3533	0x0	0	26.998244
5859	M	2097152	3534	0x0	0	27.000058
5860	M	2097152	3535	0x0	0	27.001865
5861	M	2097152	3536	0x0	0	27.074621
5862	M	2097152	3537	0x0	0	27.074662
5863	M	2097152	3538	0x0	0	27.074681
5864	M	2097152	3539	0x0	0	27.074701
5865	M	2097152	3540	0x0	0	27.074730
5866	M	2097152	3541	0x0	0	27.074760
5867	M	2097152	3542	0x0	0	27.074780
5868	M	2097152	3543	0x0	0	27.074796
5869	M	2097152	3544	0x0	0	27.074826
5870	M	2097152	3545	0x0	0	27.074846
5871	M	2097152	3546	0x0	0	27.074865
5872	M	2097152	3547	0x0	0	27.074885
5873	M	2097152	3548	0x0	0	27.074915
5874	M	2097152	3549	0x0	0	27.074945
5875	M	2097152	3550	0x0	0	27.074973
5876	M	2097152	3551	0x0	0	27.074992
5877	M	2097152	3552	0x0	0	27.075012
5878	M	2097152	3553	0x0	0	27.075029
5879	M	2097152	3554	0x0	0	27.075049
5880	M	2097152	3555	0x0	0	27.075067
5881	M	2097152	3556	0x0	0	27.075085
5882	M	2097152	3557	0x0	0	27.075104
5883	M	2097152	3558	0x0	0	27.075124
5884	M	2097152	3559	0x0	0	27.075141
5885	M	2097152	3560	0x0	0	27.075157
5886	M	2097152	3561	0x0	0	27.075178
5887	M	2097152	3562	0x0	0	27.075207
5888	M	2097152	3563	0x0	0	27.075226
5889	M	2097152	3564	0x0	0	27.075243
5890	M	2097152	3565	0x0	0	27.075260
5891	M	2097152	3566	0x0	0	27.075276
5892	M	2097152	3567	0x0	0	27.075296
5893	M	2097152	3568	0x0	0	27.075314
5894	M	2097152	3569	0x0	0	27.075336
5895	M	2097152	3570	0x0	0	27.075355
5896	M	2097152	3571	0x0	0	27.075371
5897	M	2097152	3572	0x0	0	27.075388
5898	M	2097152	3573	0x0	0	27.075405
5899	M	2097152	3574	0x0	0	27.075422
5900	M	2097152	3575	0x0	0	27.075441
5901	M	2097152	3576	0x0	0	27.075458
5902	M	2097152	3577	0x0	0	27.075475
5903	M	2097152	3578	0x0	0	27.075492
5904	M	2097152	3579	0x0	0	27.075509
5905	M	2097152	3580	0x0	0	27.075526
5906	M	2097152	3581	0x0	0	27.075545
5907	M	2097152	3582	0x0	0	27.075561
5908	M	2097152	3583	0x0	0	27.075579
5909	M	2097152	3584	0x0	0	27.075598
5910	M	2097152	3585	0x0	0	27.075617
5911	M	2097152	3586	0x0	0	27.075648
5912	M	2097152	3587	0x0	0	27.075666
5913	M	2097152	3588	0x0	0	27.075682
5914	M	2097152	3589	0x0	0	27.075700
5915	M	2097152	3590	0x0	0	27.075717
5916	M	2097152	3591	0x0	0	27.075735
5917	M	2097152	3592	0x0	0	27.075753
5918	M	2097152	3593	0x0	0	27.075770
5919	M	2097152	3594	0x0	0	27.075788
5920	M	2097152	3595	0x0	0	27.075805
5921	M	2097152	3596	0x0	0	27.075821
5922	M	2097152	3597	0x0	0	27.075838
5923	M	2097152	3598	0x0	0	27.075856
5924	M	2097152	3599	0x0	0	27.075875
5925	M	2097152	3600	0x0	0	27.075892
5926	M	2097152	3601	0x0	0	27.075910
5927	M	2097152	3602	0x0	0	27.075929
5928	M	2097152	3603	0x0	0	27.075949
5929	M	2097152	3604	0x0	0	27.075966
5930	M	2097152	3605	0x0	0	27.075983
5931	M	2097152	3606	0x0	0	27.076000
5932	M	2097152	3607	0x0	0	27.076018
5933	M	2097152	3608	0x0	0	27.076035
5934	M	2097152	3609	0x0	0	27.076052
5935	M	2097152	3610	0x0	0	27.076069
5936	M	2097152	3611	0x0	0	27.076088
5937	M	2097152	3612	0x0	0	27.076106
5938	M	2097152	3613	0x0	0	27.076124
5939	M	2097152	3614	0x0	0	27.076141
5940	M	2097152	3615	0x0	0	27.076160
5941	M	2097152	3616	0x0	0	27.076177
5942	M	2097152	3617	0x0	0	27.076193
5943	M	2097152	3618	0x0	0	27.076211
5944	M	2097152	3619	0x0	0	27.076229
5945	M	2097152	3620	0x0	0	27.076249
5946	M	2097152	3621	0x0	0	27.076277
5947	M	2097152	3622	0x0	0	27.076293
5948	M	2097152	3623	0x0	0	27.076310
5949	M	2097152	3624	0x0	0	27.076326
5950	M	2097152	3625	0x0	0	27.076346
5951	M	2097152	3626	0x0	0	27.076364
5952	M	2097152	3627	0x0	0	27.076381
5953	M	2097152	3628	0x0	0	27.076400
5954	M	2097152	3629	0x0	0	27.076418
5955	M	2097152	3630	0x0	0	27.076435
5956	M	2097152	3631	0x0	0	27.076452
5957	M	2097152	3632	0x0	0	27.076471
5958	M	2097152	3633	0x0	0	27.076490
5959	M	2097152	3634	0x0	0	27.076508
5960	M	2097152	3635	0x0	0	27.076526
5961	M	2097152	3636	0x0	0	27.076543
5962	M	2097152	3637	0x0	0	27.076563
5963	M	2097152	3638	0x0	0	27.076621
5964	M	2097152	3639	0x0	0	27.076673
5965	M	2097152	3640	0x0	0	27.076717
5966	M	2097152	3641	0x0	0	27.076747
5967	M	2097152	3642	0x0	0	27.076765
5968	M	2097152	3643	0x0	0	27.076783
5969	M	2097152	3644	0x0	0	27.076800
5970	M	2097152	3645	0x0	0	27.076818
5971	M	2097152	3646	0x0	0	27.076836
5972	M	2097152	3647	0x0	0	27.076853
5973	M	2097152	3648	0x0	0	27.076872
5974	M	2097152	3649	0x0	0	27.076890
5975	M	2097152	3650	0x0	0	27.076909
5976	M	2097152	3651	0x0	0	27.076926
5977	M	2097152	3652	0x0	0	27.076943
5978	M	2097152	3653	0x0	0	27.076961
5979	M	2097152	3654	0x0	0	27.076981
5980	M	2097152	3655	0x0	0	27.076999
5981	M	2097152	3656	0x0	0	27.077015
5982	M	2097152	3657	0x0	0	27.077034
5983	M	2097152	3658	0x0	0	27.077051
5984	M	2097152	3659	0x0	0	27.077068
5985	M	2097152	3660	0x0	0	27.077086
5986	F	20971520	3369	0x0	0	27.472471
5987	F	23068672	3370	0x0	0	27.472542
5988	F	23068672	3380	0x0	0	27.472586
5989	F	23068672	3381	0x0	0	27.472632
5990	F	23068672	3382	0x0	0	27.472675
5991	F	23068672	3383	0x0	0	27.472720
5992	F	23068672	3384	0x0	0	27.472765
5993	F	23068672	3385	0x0	0	27.472810
5994	F	23068672	3386	0x0	0	27.472853
5995	F	23068672	3387	0x0	0	27.472896
5996	F	23068672	3388	0x0	0	27.472936
5997	F	23068672	3389	0x0	0	27.472980
5998	F	23068672	3393	0x0	0	27.473023
5999	F	23068672	3395	0x0	0	27.473062
6000	F	23068672	3402	0x0	0	27.473102
6001	F	23068672	3406	0x0	0	27.473142
6002	F	23068672	3412	0x0	0	27.473181
6003	F	44040192	3371	0x0	0	27.473224
6004	F	44040192	3372	0x0	0	27.473270
6005	F	44040192	3377	0x0	0	27.473330
6006	F	44040192	3378	0x0	0	27.473370
6007	F	44040192	3379	0x0	0	27.473410
6008	F	44040192	3417	0x0	0	27.473452
6009	F	44040192	3418	0x0	0	27.473490
6010	F	44040192	3419	0x0	0	27.473530
6011	F	44040192	3421	0x0	0	27.473570
6012	F	44040192	3422	0x0	0	27.473609
6013	F	46137344	3373	0x0	0	27.473647
6014	F	46137344	3374	0x0	0	27.473687
6015	F	50331648	3375	0x0	0	27.473749
6016	F	65011712	3415	0x0	0	27.473791
6017	F	67108864	3416	0x0	0	27.473829
6018	F	69206016	3427	0x0	0	27.473873
6019	F	88080384	3376	0x0	0	27.473919
6020	F	88080384	3426	0x0	0	27.473958
6021	F	88080384	3428	0x0	0	27.473996
6022	F	98566144	3414	0x0	0	27.474035
6023	F	130023424	3424	0x0	0	27.474075
6024	F	130023424	3425	0x0	0	27.474127
6025	F	130023424	3429	0x0	0	27.474166
6026	F	130023424	3430	0x0	0	27.474206
6027	F	146800640	3431	0x0	0	27.474245
6028	F	195035136	3423	0x0	0	27.474285
6029	F	2097152	2906	0x0	0	27.474348
6030	F	2097152	3238	0x0	0	27.474359
6031	F	2097152	3390	0x0	0	27.474368
6032	F	2097152	3391	0x0	0	27.474376
6033	F	2097152	3392	0x0	0	27.474382
6034	F	2097152	3394	0x0	0	27.474387
6035	F	2097152	3396	0x0	0	27.474393
6036	F	2097152	3397	0x0	0	27.474401
6037	F	2097152	3398	0x0	0	27.474407
6038	F	2097152	3399	0x0	0	27.474413
6039	F	2097152	3400	0x0	0	27.474419
6040	F	2097152	3401	0x0	0	27.474425
6041	F	2097152	3403	0x0	0	27.474430
6042	F	2097152	3404	0x0	0	27.474437
6043	F	2097152	3405	0x0	0	27.474442
6044	F	2097152	3407	0x0	0	27.474450
6045	F	2097152	3408	0x0	0	27.474456
6046	F	2097152	3409	0x0	0	27.474462
6047	F	2097152	3410	0x0	0	27.474468
6048	F	2097152	3411	0x0	0	27.474474
6049	F	2097152	3413	0x0	0	27.474479
6050	F	2097152	3420	0x0	0	27.474486
6051	F	2097152	3432	0x0	0	27.474491
6052	F	2097152	3433	0x0	0	27.474496
6053	F	2097152	3434	0x0	0	27.474502
6054	F	2097152	3435	0x0	0	27.474507
6055	F	2097152	3436	0x0	0	27.474515
6056	F	2097152	3437	0x0	0	27.474520
6057	F	2097152	3438	0x0	0	27.474525
6058	F	2097152	3439	0x0	0	27.474531
6059	F	2097152	3440	0x0	0	27.474536
6060	F	2097152	3441	0x0	0	27.474542
6061	F	2097152	3442	0x0	0	27.474548
6062	F	2097152	3443	0x0	0	27.474553
6063	F	2097152	3444	0x0	0	27.474558
6064	F	2097152	3445	0x0	0	27.474563
6065	F	2097152	3446	0x0	0	27.474568
6066	F	2097152	3447	0x0	0	27.474574
6067	F	2097152	3448	0x0	0	27.474579
6068	F	2097152	3449	0x0	0	27.474586
6069	F	2097152	3450	0x0	0	27.474591
6070	F	2097152	3451	0x0	0	27.474595
6071	F	2097152	3452	0x0	0	27.474600
6072	F	2097152	3453	0x0	0	27.474607
6073	F	2097152	3454	0x0	0	27.474613
6074	F	2097152	3455	0x0	0	27.474618
6075	F	2097152	3456	0x0	0	27.474624
6076	F	2097152	3457	0x0	0	27.474630
6077	F	2097152	3458	0x0	0	27.474636
6078	F	2097152	3459	0x0	0	27.474642
6079	F	2097152	3460	0x0	0	27.474647
6080	F	2097152	3461	0x0	0	27.474653
6081	F	2097152	3462	0x0	0	27.474658
6082	F	2097152	3463	0x0	0	27.474664
6083	F	2097152	3464	0x0	0	27.474670
6084	F	2097152	3465	0x0	0	27.474675
6085	F	2097152	3466	0x0	0	27.474680
6086	F	2097152	3467	0x0	0	27.474685
6087	F	2097152	3468	0x0	0	27.474691
6088	F	2097152	3469	0x0	0	27.474696
6089	F	2097152	3470	0x0	0	27.474701
6090	F	2097152	3471	0x0	0	27.474707
6091	F	2097152	3472	0x0	0	27.474712
6092	F	2097152	3473	0x0	0	27.474717
6093	F	2097152	3474	0x0	0	27.474723
6094	F	2097152	3475	0x0	0	27.474728
6095	F	2097152	3476	0x0	0	27.474733
6096	F	2097152	3477	0x0	0	27.474739
6097	F	2097152	3478	0x0	0	27.474744
6098	F	2097152	3479	0x0	0	27.474750
6099	F	2097152	3480	0x0	0	27.474755
6100	F	2097152	3481	0x0	0	27.474761
6101	F	2097152	3482	0x0	0	27.474766
6102	F	2097152	3483	0x0	0	27.474770
6103	F	2097152	3484	0x0	0	27.474776
6104	F	2097152	3485	0x0	0	27.474782
6105	F	2097152	3486	0x0	0	27.474787
6106	F	2097152	3487	0x0	0	27.474792
6107	F	2097152	3488	0x0	0	27.474797
6108	F	2097152	3489	0x0	0	27.474803
6109	F	2097152	3490	0x0	0	27.474808
6110	F	2097152	3491	0x0	0	27.474813
6111	F	2097152	3492	0x0	0	27.474818
6112	F	2097152	3493	0x0	0	27.474823
6113	F	2097152	3494	0x0	0	27.474829
6114	F	2097152	3495	0x0	0	27.474834
6115	F	2097152	3496	0x0	0	27.474839
6116	F	2097152	3497	0x0	0	27.474847
6117	F	2097152	3498	0x0	0	27.474852
6118	F	2097152	3499	0x0	0	27.474857
6119	F	2097152	3500	0x0	0	27.474862
6120	F	2097152	3501	0x0	0	27.474867
6121	F	2097152	3502	0x0	0	27.474873
6122	F	2097152	3503	0x0	0	27.474878
6123	F	2097152	3505	0x0	0	27.474884
6124	F	2097152	3506	0x0	0	27.474889
6125	F	2097152	3507	0x0	0	27.474894
6126	F	2097152	3508	0x0	0	27.474900
6127	F	2097152	3509	0x0	0	27.474905
6128	F	2097152	3510	0x0	0	27.474910
6129	F	2097152	3511	0x0	0	27.474915
6130	F	2097152	3512	0x0	0	27.474921
6131	F	2097152	3513	0x0	0	27.474926
6132	F	2097152	3514	0x0	0	27.474931
6133	F	2097152	3515	0x0	0	27.474937
6134	F	2097152	3516	0x0	0	27.474942
6135	F	2097152	3517	0x0	0	27.474947
6136	F	2097152	3518	0x0	0	27.474953
6137	F	2097152	3519	0x0	0	27.474958
6138	F	2097152	3520	0x0	0	27.474963
6139	F	2097152	3521	0x0	0	27.474969
6140	F	2097152	3522	0x0	0	27.474974
6141	F	2097152	3523	0x0	0	27.474979
6142	F	2097152	3524	0x0	0	27.474984
6143	F	2097152	3525	0x0	0	27.474989
6144	F	2097152	3526	0x0	0	27.474995
6145	F	2097152	3527	0x0	0	27.475000
6146	F	2097152	3528	0x0	0	27.475005
6147	F	2097152	3529	0x0	0	27.475011
6148	F	2097152	3530	0x0	0	27.475016
6149	F	2097152	3531	0x0	0	27.475023
6150	F	2097152	3532	0x0	0	27.475030
6151	F	2097152	3533	0x0	0	27.475036
6152	F	2097152	3534	0x0	0	27.475041
6153	F	2097152	3535	0x0	0	27.475046
6154	F	2097152	3536	0x0	0	27.475052
6155	F	2097152	3537	0x0	0	27.475057
6156	F	2097152	3538	0x0	0	27.475062
6157	F	2097152	3539	0x0	0	27.475066
6158	F	2097152	3540	0x0	0	27.475071
6159	F	2097152	3541	0x0	0	27.475076
6160	F	2097152	3542	0x0	0	27.475081
6161	F	2097152	3543	0x0	0	27.475085
6162	F	2097152	3544	0x0	0	27.475090
6163	F	2097152	3545	0x0	0	27.475097
6164	F	2097152	3546	0x0	0	27.475103
6165	F	2097152	3547	0x0	0	27.475108
6166	F	2097152	3548	0x0	0	27.475113
6167	F	2097152	3549	0x0	0	27.475118
6168	F	2097152	3550	0x0	0	27.475128
6169	F	2097152	3551	0x0	0	27.475132
6170	F	2097152	3552	0x0	0	27.475136
6171	F	2097152	3553	0x0	0	27.475141
6172	F	2097152	3554	0x0	0	27.475145
6173	F	2097152	3555	0x0	0	27.475150
6174	F	2097152	3556	0x0	0	27.475154
6175	F	2097152	3557	0x0	0	27.475159
6176	F	2097152	3558	0x0	0	27.475163
6177	F	2097152	3559	0x0	0	27.475168
6178	F	2097152	3560	0x0	0	27.475173
6179	F	2097152	3561	0x0	0	27.475178
6180	F	2097152	3562	0x0	0	27.475182
6181	F	2097152	3563	0x0	0	27.475186
6182	F	2097152	3564	0x0	0	27.475191
6183	F	2097152	3565	0x0	0	27.475196
6184	F	2097152	3566	0x0	0	27.475200
6185	F	2097152	3567	0x0	0	27.475204
6186	F	2097152	3568	0x0	0	27.475209
6187	F	2097152	3569	0x0	0	27.475214
6188	F	2097152	3570	0x0	0	27.475218
6189	F	2097152	3571	0x0	0	27.475222
6190	F	2097152	3572	0x0	0	27.475227
6191	F	2097152	3573	0x0	0	27.475232
6192	F	2097152	3574	0x0	0	27.475236
6193	F	2097152	3575	0x0	0	27.475240
6194	F	2097152	3576	0x0	0	27.475245
6195	F	2097152	3577	0x0	0	27.475390
6196	F	2097152	3578	0x0	0	27.475495
6197	F	2097152	3579	0x0	0	27.475598
6198	F	2097152	3580	0x0	0	27.475706
6199	F	2097152	3581	0x0	0	27.475811
6200	F	2097152	3582	0x0	0	27.475913
6201	F	2097152	3583	0x0	0	27.476018
6202	F	2097152	3584	0x0	0	27.476120
6203	F	2097152	3585	0x0	0	27.476222
6204	F	2097152	3586	0x0	0	27.476324
6205	F	2097152	3587	0x0	0	27.476425
6206	F	2097152	3588	0x0	0	27.476528
6207	F	2097152	3589	0x0	0	27.476630
6208	F	2097152	3590	0x0	0	27.476731
6209	F	2097152	3591	0x0	0	27.476838
6210	F	2097152	3592	0x0	0	27.476939
6211	F	2097152	3593	0x0	0	27.477042
6212	F	2097152	3594	0x0	0	27.477146
6213	F	2097152	3595	0x0	0	27.477249
6214	F	2097152	3596	0x0	0	27.477353
6215	F	2097152	3597	0x0	0	27.477516
6216	F	2097152	3598	0x0	0	27.477622
6217	F	2097152	3599	0x0	0	27.477728
6218	F	2097152	3600	0x0	0	27.477832
6219	F	2097152	3601	0x0	0	27.477936
6220	F	2097152	3602	0x0	0	27.478040
6221	F	2097152	3603	0x0	0	27.478146
6222	F	2097152	3604	0x0	0	27.478252
6223	F	2097152	3605	0x0	0	27.478356
6224	F	2097152	3606	0x0	0	27.478459
6225	F	2097152	3607	0x0	0	27.478566
6226	F	2097152	3608	0x0	0	27.478669
6227	F	2097152	3609	0x0	0	27.478771
6228	F	2097152	3610	0x0	0	27.478874
6229	F	2097152	3611	0x0	0	27.478977
6230	F	2097152	3612	0x0	0	27.479080
6231	F	2097152	3613	0x0	0	27.479183
6232	F	2097152	3614	0x0	0	27.479285
6233	F	2097152	3615	0x0	0	27.479388
6234	F	2097152	3616	0x0	0	27.479489
6235	F	2097152	3617	0x0	0	27.479591
6236	F	2097152	3618	0x0	0	27.479692
6237	F	2097152	3619	0x0	0	27.479792
6238	F	2097152	3620	0x0	0	27.479896
6239	F	2097152	3621	0x0	0	27.479998
6240	F	2097152	3622	0x0	0	27.480100
6241	F	2097152	3623	0x0	0	27.480204
6242	F	2097152	3624	0x0	0	27.480327
6243	F	2097152	3625	0x0	0	27.480431
6244	F	2097152	3626	0x0	0	27.480533
6245	F	2097152	3627	0x0	0	27.480635
6246	F	2097152	3628	0x0	0	27.480737
6247	F	2097152	3629	0x0	0	27.480837
6248	F	2097152	3630	0x0	0	27.480940
6249	F	2097152	3631	0x0	0	27.481041
6250	F	2097152	3632	0x0	0	27.481144
6251	F	2097152	3633	0x0	0	27.481245
6252	F	2097152	3634	0x0	0	27.481348
6253	F	2097152	3635	0x0	0	27.481449
6254	F	2097152	3636	0x0	0	27.481551
6255	F	2097152	3637	0x0	0	27.481654
6256	F	2097152	3638	0x0	0	27.481754
6257	F	2097152	3639	0x0	0	27.481855
6258	F	2097152	3640	0x0	0	27.481959
6259	F	2097152	3641	0x0	0	27.482061
6260	F	2097152	3642	0x0	0	27.482167
6261	F	2097152	3643	0x0	0	27.482273
6262	F	2097152	3644	0x0	0	27.482395
6263	F	2097152	3645	0x0	0	27.482494
6264	F	2097152	3646	0x0	0	27.482596
6265	F	2097152	3647	0x0	0	27.482698
6266	F	2097152	3648	0x0	0	27.482800
6267	F	2097152	3649	0x0	0	27.482904
6268	F	2097152	3650	0x0	0	27.483009
6269	F	2097152	3651	0x0	0	27.483116
6270	F	2097152	3652	0x0	0	27.483220
6271	F	2097152	3653	0x0	0	27.483324
6272	F	2097152	3654	0x0	0	27.483427
6273	F	2097152	3655	0x0	0	27.483529
6274	F	2097152	3656	0x0	0	27.483632
6275	F	2097152	3657	0x0	0	27.483736
6276	F	2097152	3658	0x0	0	27.483839
6277	F	2097152	3659	0x0	0	27.483942
6278	F	2097152	3660	0x0	0	27.484044
6279	M	20971520	3661	0x0	0	27.525769
6280	M	39845888	3662	0x0	0	27.526809
6281	M	39845888	3663	0x0	0	27.526856
6282	M	41943040	3664	0x0	0	27.526961
6283	M	41943040	3665	0x0	0	27.527475
6284	M	20971520	3666	0x0	0	27.529180
6285	M	20971520	3667	0x0	0	27.529242
6286	M	79691776	3668	0x0	0	27.530196
6287	M	39845888	3669	0x0	0	27.530304
6288	M	39845888	3670	0x0	0	27.531983
6289	M	39845888	3671	0x0	0	27.534379
6290	M	39845888	3672	0x0	0	27.572405
6291	M	20971520	3673	0x0	0	27.574152
6292	M	20971520	3674	0x0	0	27.578943
6293	M	20971520	3675	0x0	0	27.579000
6294	M	20971520	3676	0x0	0	27.589556
6295	M	20971520	3677	0x0	0	27.589606
6296	M	20971520	3678	0x0	0	27.591372
6297	M	20971520	3679	0x0	0	27.596295
6298	M	20971520	3680	0x0	0	27.607653
6299	M	20971520	3681	0x0	0	27.609309
6300	M	2097152	3682	0x0	0	27.612038
6301	M	2097152	3683	0x0	0	27.612262
6302	M	2097152	3684	0x0	0	27.613998
6303	M	20971520	3685	0x0	0	27.614410
6304	M	2097152	3686	0x0	0	27.615604
6305	M	2097152	3687	0x0	0	27.617432
6306	M	2097152	3688	0x0	0	27.619104
6307	M	2097152	3689	0x0	0	27.620658
6308	M	2097152	3690	0x0	0	27.620988
6309	M	20971520	3691	0x0	0	27.621395
6310	M	2097152	3692	0x0	0	27.622680
6311	M	2097152	3693	0x0	0	27.624932
6312	M	20971520	3694	0x0	0	27.625441
6313	M	20971520	3695	0x0	0	27.625486
6314	M	2097152	3696	0x0	0	27.626680
6315	M	2097152	3697	0x0	0	27.628343
6316	M	2097152	3698	0x0	0	27.628544
6317	M	2097152	3699	0x0	0	27.630156
6318	M	2097152	3700	0x0	0	27.631677
6319	M	2097152	3701	0x0	0	27.633293
6320	M	20971520	3702	0x0	0	27.633818
6321	M	2097152	3703	0x0	0	27.634968
6322	M	2097152	3704	0x0	0	27.635188
6323	M	2097152	3705	0x0	0	27.636865
6324	M	2097152	3706	0x0	0	27.638400
6325	M	2097152	3707	0x0	0	27.640025
6326	M	90177536	3708	0x0	0	27.640703
6327	M	60817408	3709	0x0	0	27.640995
6328	M	62914560	3710	0x0	0	27.641118
6329	M	39845888	3711	0x0	0	27.643336
6330	M	39845888	3712	0x0	0	27.643381
6331	M	39845888	3713	0x0	0	27.647246
6332	M	2097152	3714	0x0	0	27.648679
6333	M	39845888	3715	0x0	0	27.648946
6334	M	39845888	3716	0x0	0	27.651321
6335	M	178257920	3717	0x0	0	27.653074
6336	M	119537664	3718	0x0	0	27.653340
6337	M	119537664	3719	0x0	0	27.653388
6338	M	79691776	3720	0x0	0	27.662671
6339	M	62914560	3721	0x0	0	27.662768
6340	M	79691776	3722	0x0	0	27.663628
6341	M	119537664	3723	0x0	0	27.664859
6342	M	119537664	3724	0x0	0	27.665649
6343	M	134217728	3725	0x0	0	27.688240
6344	M	2097152	3726	0x0	0	27.779976
6345	M	2097152	3727	0x0	0	27.780199
6346	M	2097152	3728	0x0	0	27.783301
6347	M	2097152	3729	0x0	0	27.783504
6348	M	2097152	3730	0x0	0	27.788467
6349	M	2097152	3731	0x0	0	27.788664
6350	M	2097152	3732	0x0	0	27.791734
6351	M	2097152	3733	0x0	0	27.791865
6352	M	2097152	3734	0x0	0	27.792032
6353	M	2097152	3735	0x0	0	27.795167
6354	M	2097152	3736	0x0	0	27.795354
6355	M	2097152	3737	0x0	0	27.798462
6356	M	2097152	3738	0x0	0	27.798666
6357	M	2097152	3739	0x0	0	27.801798
6358	M	2097152	3740	0x0	0	27.801984
6359	M	2097152	3741	0x0	0	27.805080
6360	M	2097152	3742	0x0	0	27.805212
6361	M	2097152	3743	0x0	0	27.805382
6362	M	2097152	3744	0x0	0	27.808509
6363	M	2097152	3745	0x0	0	27.808693
6364	M	2097152	3746	0x0	0	27.811809
6365	M	2097152	3747	0x0	0	27.812009
6366	M	2097152	3748	0x0	0	27.815126
6367	M	2097152	3749	0x0	0	27.815318
6368	M	2097152	3750	0x0	0	27.818393
6369	M	2097152	3751	0x0	0	27.818520
6370	M	2097152	3752	0x0	0	27.818688
6371	M	2097152	3753	0x0	0	27.822279
6372	M	2097152	3754	0x0	0	27.822460
6373	M	2097152	3755	0x0	0	27.825598
6374	M	2097152	3756	0x0	0	27.825801
6375	M	2097152	3757	0x0	0	27.828909
6376	M	2097152	3758	0x0	0	27.829115
6377	M	2097152	3759	0x0	0	27.832205
6378	M	2097152	3760	0x0	0	27.832333
6379	M	2097152	3761	0x0	0	27.832508
6380	M	2097152	3762	0x0	0	27.835654
6381	M	2097152	3763	0x0	0	27.835837
6382	M	2097152	3764	0x0	0	27.838946
6383	M	2097152	3765	0x0	0	27.839158
6384	M	2097152	3766	0x0	0	27.842280
6385	M	2097152	3767	0x0	0	27.842463
6386	M	2097152	3768	0x0	0	27.845552
6387	M	2097152	3769	0x0	0	27.845684
6388	M	2097152	3770	0x0	0	27.845853
6389	M	2097152	3771	0x0	0	27.848977
6390	M	2097152	3772	0x0	0	27.849166
6391	M	2097152	3773	0x0	0	27.852297
6392	M	2097152	3774	0x0	0	27.852500
6393	M	2097152	3775	0x0	0	27.856630
6394	M	2097152	3776	0x0	0	27.856821
6395	M	2097152	3777	0x0	0	27.859912
6396	M	2097152	3778	0x0	0	27.860040
6397	M	2097152	3779	0x0	0	27.860226
6398	M	2097152	3780	0x0	0	27.863365
6399	M	2097152	3781	0x0	0	27.863552
6400	M	2097152	3782	0x0	0	27.866848
6401	M	2097152	3783	0x0	0	27.867054
6402	M	2097152	3784	0x0	0	27.903507
6403	M	2097152	3785	0x0	0	27.903687
6404	M	2097152	3786	0x0	0	27.906772
6405	M	2097152	3787	0x0	0	27.906909
6406	M	2097152	3788	0x0	0	27.907086
6407	M	2097152	3789	0x0	0	27.910248
6408	M	2097152	3790	0x0	0	27.910432
6409	M	2097152	3791	0x0	0	27.913619
6410	M	2097152	3792	0x0	0	27.913826
6411	M	2097152	3793	0x0	0	27.926270
6412	M	2097152	3794	0x0	0	27.926456
6413	M	2097152	3795	0x0	0	27.929538
6414	M	2097152	3796	0x0	0	27.929671
6415	M	2097152	3797	0x0	0	27.929844
6416	M	2097152	3798	0x0	0	27.933805
6417	M	2097152	3799	0x0	0	27.934229
6418	M	2097152	3800	0x0	0	27.934481
6419	M	2097152	3801	0x0	0	27.949682
6420	M	2097152	3802	0x0	0	27.956612
6421	M	2097152	3803	0x0	0	27.973745
6422	M	2097152	3804	0x0	0	27.973999
6423	M	2097152	3805	0x0	0	27.974119
6424	M	2097152	3806	0x0	0	27.993923
6425	M	2097152	3807	0x0	0	27.997563
6426	M	2097152	3808	0x0	0	27.999891
6427	M	2097152	3809	0x0	0	28.002938
6428	M	2097152	3810	0x0	0	28.005272
6429	M	2097152	3811	0x0	0	28.016044
6430	M	2097152	3812	0x0	0	28.018374
6431	M	2097152	3813	0x0	0	28.020201
6432	M	2097152	3814	0x0	0	28.023325
6433	M	2097152	3815	0x0	0	28.025647
6434	M	2097152	3816	0x0	0	28.040143
6435	M	2097152	3817	0x0	0	28.041948
6436	M	2097152	3818	0x0	0	28.043755
6437	M	2097152	3819	0x0	0	28.046081
6438	M	2097152	3820	0x0	0	28.049107
6439	M	2097152	3821	0x0	0	28.050927
6440	M	2097152	3822	0x0	0	28.053329
6441	M	2097152	3823	0x0	0	28.063929
6442	M	2097152	3824	0x0	0	28.066241
6443	M	2097152	3825	0x0	0	28.068037
6444	M	2097152	3826	0x0	0	28.071059
6445	M	2097152	3827	0x0	0	28.132261
6446	M	2097152	3828	0x0	0	28.132304
6447	M	2097152	3829	0x0	0	28.132332
6448	M	2097152	3830	0x0	0	28.132351
6449	M	2097152	3831	0x0	0	28.132371
6450	M	2097152	3832	0x0	0	28.132389
6451	M	2097152	3833	0x0	0	28.132408
6452	M	2097152	3834	0x0	0	28.132427
6453	M	2097152	3835	0x0	0	28.132443
6454	M	2097152	3836	0x0	0	28.132459
6455	M	2097152	3837	0x0	0	28.132475
6456	M	2097152	3838	0x0	0	28.132494
6457	M	2097152	3839	0x0	0	28.132513
6458	M	2097152	3840	0x0	0	28.132531
6459	M	2097152	3841	0x0	0	28.132548
6460	M	2097152	3842	0x0	0	28.132564
6461	M	2097152	3843	0x0	0	28.132585
6462	M	2097152	3844	0x0	0	28.132602
6463	M	2097152	3845	0x0	0	28.132617
6464	M	2097152	3846	0x0	0	28.132635
6465	M	2097152	3847	0x0	0	28.132655
6466	M	2097152	3848	0x0	0	28.132673
6467	M	2097152	3849	0x0	0	28.132690
6468	M	2097152	3850	0x0	0	28.132706
6469	M	2097152	3851	0x0	0	28.132723
6470	M	2097152	3852	0x0	0	28.132738
6471	M	2097152	3853	0x0	0	28.132756
6472	M	2097152	3854	0x0	0	28.132776
6473	M	2097152	3855	0x0	0	28.132794
6474	M	2097152	3856	0x0	0	28.132810
6475	M	2097152	3857	0x0	0	28.132827
6476	M	2097152	3858	0x0	0	28.132843
6477	M	2097152	3859	0x0	0	28.132860
6478	M	2097152	3860	0x0	0	28.132879
6479	M	2097152	3861	0x0	0	28.132896
6480	M	2097152	3862	0x0	0	28.132913
6481	M	2097152	3863	0x0	0	28.132930
6482	M	2097152	3864	0x0	0	28.132947
6483	M	2097152	3865	0x0	0	28.132963
6484	M	2097152	3866	0x0	0	28.132981
6485	M	2097152	3867	0x0	0	28.132999
6486	M	2097152	3868	0x0	0	28.133015
6487	M	2097152	3869	0x0	0	28.133032
6488	M	2097152	3870	0x0	0	28.133050
6489	M	2097152	3871	0x0	0	28.133065
6490	M	2097152	3872	0x0	0	28.133083
6491	M	2097152	3873	0x0	0	28.133112
6492	M	2097152	3874	0x0	0	28.133131
6493	M	2097152	3875	0x0	0	28.133149
6494	M	2097152	3876	0x0	0	28.133166
6495	M	2097152	3877	0x0	0	28.133185
6496	M	2097152	3878	0x0	0	28.133203
6497	M	2097152	3879	0x0	0	28.133221
6498	M	2097152	3880	0x0	0	28.133240
6499	M	2097152	3881	0x0	0	28.133257
6500	M	2097152	3882	0x0	0	28.133273
6501	M	2097152	3883	0x0	0	28.133290
6502	M	2097152	3884	0x0	0	28.133308
6503	M	2097152	3885	0x0	0	28.133325
6504	M	2097152	3886	0x0	0	28.133344
6505	M	2097152	3887	0x0	0	28.133360
6506	M	2097152	3888	0x0	0	28.133376
6507	M	2097152	3889	0x0	0	28.133394
6508	M	2097152	3890	0x0	0	28.133410
6509	M	2097152	3891	0x0	0	28.133427
6510	M	2097152	3892	0x0	0	28.133442
6511	M	2097152	3893	0x0	0	28.133462
6512	M	2097152	3894	0x0	0	28.133482
6513	M	2097152	3895	0x0	0	28.133499
6514	M	2097152	3896	0x0	0	28.133516
6515	M	2097152	3897	0x0	0	28.133533
6516	M	2097152	3898	0x0	0	28.133551
6517	M	2097152	3899	0x0	0	28.133568
6518	M	2097152	3900	0x0	0	28.133586
6519	M	2097152	3901	0x0	0	28.133601
6520	M	2097152	3902	0x0	0	28.133620
6521	M	2097152	3903	0x0	0	28.133635
6522	M	2097152	3904	0x0	0	28.133655
6523	M	2097152	3905	0x0	0	28.133671
6524	M	2097152	3906	0x0	0	28.133688
6525	M	2097152	3907	0x0	0	28.133705
6526	M	2097152	3908	0x0	0	28.133722
6527	M	2097152	3909	0x0	0	28.133738
6528	M	2097152	3910	0x0	0	28.133756
6529	M	2097152	3911	0x0	0	28.133776
6530	M	2097152	3912	0x0	0	28.133793
6531	M	2097152	3913	0x0	0	28.133811
6532	M	2097152	3914	0x0	0	28.133829
6533	M	2097152	3915	0x0	0	28.133846
6534	M	2097152	3916	0x0	0	28.133864
6535	M	2097152	3917	0x0	0	28.133881
6536	M	2097152	3918	0x0	0	28.133899
6537	M	2097152	3919	0x0	0	28.133917
6538	M	2097152	3920	0x0	0	28.133932
6539	M	2097152	3921	0x0	0	28.133949
6540	M	2097152	3922	0x0	0	28.133965
6541	M	2097152	3923	0x0	0	28.133983
6542	M	2097152	3924	0x0	0	28.133999
6543	M	2097152	3925	0x0	0	28.134016
6544	M	2097152	3926	0x0	0	28.134033
6545	M	2097152	3927	0x0	0	28.134050
6546	M	2097152	3928	0x0	0	28.134068
6547	M	2097152	3929	0x0	0	28.134107
6548	M	2097152	3930	0x0	0	28.134170
6549	M	2097152	3931	0x0	0	28.134224
6550	M	2097152	3932	0x0	0	28.134254
6551	M	2097152	3933	0x0	0	28.134283
6552	M	2097152	3934	0x0	0	28.134302
6553	M	2097152	3935	0x0	0	28.134318
6554	M	2097152	3936	0x0	0	28.134335
6555	M	2097152	3937	0x0	0	28.134351
6556	M	2097152	3938	0x0	0	28.134370
6557	M	2097152	3939	0x0	0	28.134387
6558	M	2097152	3940	0x0	0	28.134403
6559	M	2097152	3941	0x0	0	28.134420
6560	M	2097152	3942	0x0	0	28.134439
6561	M	2097152	3943	0x0	0	28.134456
6562	M	2097152	3944	0x0	0	28.134473
6563	M	2097152	3945	0x0	0	28.134494
6564	M	2097152	3946	0x0	0	28.134510
6565	M	2097152	3947	0x0	0	28.134528
6566	M	2097152	3948	0x0	0	28.134547
6567	M	2097152	3949	0x0	0	28.134564
6568	M	2097152	3950	0x0	0	28.134581
6569	M	2097152	3951	0x0	0	28.134598
6570	M	2097152	3952	0x0	0	28.134614
6571	F	20971520	3661	0x0	0	28.517434
6572	F	20971520	3666	0x0	0	28.517503
6573	F	20971520	3667	0x0	0	28.517549
6574	F	20971520	3673	0x0	0	28.517595
6575	F	20971520	3674	0x0	0	28.517637
6576	F	20971520	3675	0x0	0	28.517680
6577	F	20971520	3676	0x0	0	28.517725
6578	F	20971520	3677	0x0	0	28.517765
6579	F	20971520	3678	0x0	0	28.517806
6580	F	20971520	3679	0x0	0	28.517857
6581	F	20971520	3680	0x0	0	28.517897
6582	F	20971520	3681	0x0	0	28.517936
6583	F	20971520	3685	0x0	0	28.517976
6584	F	20971520	3691	0x0	0	28.518017
6585	F	20971520	3694	0x0	0	28.518056
6586	F	20971520	3695	0x0	0	28.518099
6587	F	20971520	3702	0x0	0	28.518140
6588	F	39845888	3662	0x0	0	28.518184
6589	F	39845888	3663	0x0	0	28.518227
6590	F	39845888	3669	0x0	0	28.518268
6591	F	39845888	3670	0x0	0	28.518326
6592	F	39845888	3671	0x0	0	28.518366
6593	F	39845888	3672	0x0	0	28.518405
6594	F	39845888	3711	0x0	0	28.518449
6595	F	39845888	3712	0x0	0	28.518490
6596	F	39845888	3713	0x0	0	28.518530
6597	F	39845888	3715	0x0	0	28.518570
6598	F	39845888	3716	0x0	0	28.518613
6599	F	41943040	3664	0x0	0	28.518655
6600	F	41943040	3665	0x0	0	28.518694
6601	F	60817408	3709	0x0	0	28.518734
6602	F	62914560	3710	0x0	0	28.518774
6603	F	62914560	3721	0x0	0	28.518818
6604	F	79691776	3668	0x0	0	28.518858
6605	F	79691776	3720	0x0	0	28.518898
6606	F	79691776	3722	0x0	0	28.518940
6607	F	90177536	3708	0x0	0	28.518979
6608	F	119537664	3718	0x0	0	28.519020
6609	F	119537664	3719	0x0	0	28.519058
6610	F	119537664	3723	0x0	0	28.519107
6611	F	119537664	3724	0x0	0	28.519148
6612	F	134217728	3725	0x0	0	28.519188
6613	F	178257920	3717	0x0	0	28.519227
6614	F	2097152	3504	0x0	0	28.519291
6615	F	2097152	3682	0x0	0	28.519299
6616	F	2097152	3683	0x0	0	28.519305
6617	F	2097152	3684	0x0	0	28.519310
6618	F	2097152	3686	0x0	0	28.519316
6619	F	2097152	3687	0x0	0	28.519322
6620	F	2097152	3688	0x0	0	28.519327
6621	F	2097152	3689	0x0	0	28.519333
6622	F	2097152	3690	0x0	0	28.519338
6623	F	2097152	3692	0x0	0	28.519343
6624	F	2097152	3693	0x0	0	28.519348
6625	F	2097152	3696	0x0	0	28.519354
6626	F	2097152	3697	0x0	0	28.519360
6627	F	2097152	3698	0x0	0	28.519366
6628	F	2097152	3699	0x0	0	28.519372
6629	F	2097152	3700	0x0	0	28.519377
6630	F	2097152	3701	0x0	0	28.519383
6631	F	2097152	3703	0x0	0	28.519388
6632	F	2097152	3704	0x0	0	28.519394
6633	F	2097152	3705	0x0	0	28.519400
6634	F	2097152	3706	0x0	0	28.519406
6635	F	2097152	3707	0x0	0	28.519411
6636	F	2097152	3714	0x0	0	28.519417
6637	F	2097152	3726	0x0	0	28.519422
6638	F	2097152	3727	0x0	0	28.519428
6639	F	2097152	3728	0x0	0	28.519434
6640	F	2097152	3729	0x0	0	28.519439
6641	F	2097152	3730	0x0	0	28.519444
6642	F	2097152	3731	0x0	0	28.519450
6643	F	2097152	3732	0x0	0	28.519454
6644	F	2097152	3733	0x0	0	28.519460
6645	F	2097152	3734	0x0	0	28.519467
6646	F	2097152	3735	0x0	0	28.519472
6647	F	2097152	3736	0x0	0	28.519477
6648	F	2097152	3737	0x0	0	28.519482
6649	F	2097152	3738	0x0	0	28.519488
6650	F	2097152	3739	0x0	0	28.519493
6651	F	2097152	3740	0x0	0	28.519498
6652	F	2097152	3741	0x0	0	28.519502
6653	F	2097152	3742	0x0	0	28.519507
6654	F	2097152	3743	0x0	0	28.519512
6655	F	2097152	3744	0x0	0	28.519517
6656	F	2097152	3745	0x0	0	28.519521
6657	F	2097152	3746	0x0	0	28.519527
6658	F	2097152	3747	0x0	0	28.519531
6659	F	2097152	3748	0x0	0	28.519536
6660	F	2097152	3749	0x0	0	28.519541
6661	F	2097152	3750	0x0	0	28.519547
6662	F	2097152	3751	0x0	0	28.519551
6663	F	2097152	3752	0x0	0	28.519556
6664	F	2097152	3753	0x0	0	28.519561
6665	F	2097152	3754	0x0	0	28.519566
6666	F	2097152	3755	0x0	0	28.519571
6667	F	2097152	3756	0x0	0	28.519576
6668	F	2097152	3757	0x0	0	28.519580
6669	F	2097152	3758	0x0	0	28.519585
6670	F	2097152	3759	0x0	0	28.519590
6671	F	2097152	3760	0x0	0	28.519595
6672	F	2097152	3761	0x0	0	28.519600
6673	F	2097152	3762	0x0	0	28.519605
6674	F	2097152	3763	0x0	0	28.519609
6675	F	2097152	3764	0x0	0	28.519614
6676	F	2097152	3765	0x0	0	28.519619
6677	F	2097152	3766	0x0	0	28.519625
6678	F	2097152	3767	0x0	0	28.519630
6679	F	2097152	3768	0x0	0	28.519635
6680	F	2097152	3769	0x0	0	28.519640
6681	F	2097152	3770	0x0	0	28.519644
6682	F	2097152	3771	0x0	0	28.519648
6683	F	2097152	3772	0x0	0	28.519653
6684	F	2097152	3773	0x0	0	28.519658
6685	F	2097152	3774	0x0	0	28.519663
6686	F	2097152	3775	0x0	0	28.519668
6687	F	2097152	3776	0x0	0	28.519672
6688	F	2097152	3777	0x0	0	28.519677
6689	F	2097152	3778	0x0	0	28.519682
6690	F	2097152	3779	0x0	0	28.519687
6691	F	2097152	3780	0x0	0	28.519692
6692	F	2097152	3781	0x0	0	28.519697
6693	F	2097152	3782	0x0	0	28.519703
6694	F	2097152	3783	0x0	0	28.519708
6695	F	2097152	3784	0x0	0	28.519712
6696	F	2097152	3785	0x0	0	28.519717
6697	F	2097152	3786	0x0	0	28.519722
6698	F	2097152	3787	0x0	0	28.519727
6699	F	2097152	3788	0x0	0	28.519732
6700	F	2097152	3789	0x0	0	28.519737
6701	F	2097152	3790	0x0	0	28.519741
6702	F	2097152	3791	0x0	0	28.519746
6703	F	2097152	3792	0x0	0	28.519751
6704	F	2097152	3793	0x0	0	28.519756
6705	F	2097152	3794	0x0	0	28.519761
6706	F	2097152	3796	0x0	0	28.519766
6707	F	2097152	3797	0x0	0	28.519771
6708	F	2097152	3798	0x0	0	28.519776
6709	F	2097152	3799	0x0	0	28.519782
6710	F	2097152	3800	0x0	0	28.519787
6711	F	2097152	3801	0x0	0	28.519791
6712	F	2097152	3802	0x0	0	28.519796
6713	F	2097152	3803	0x0	0	28.519801
6714	F	2097152	3804	0x0	0	28.519806
6715	F	2097152	3805	0x0	0	28.519811
6716	F	2097152	3806	0x0	0	28.519816
6717	F	2097152	3807	0x0	0	28.519821
6718	F	2097152	3808	0x0	0	28.519825
6719	F	2097152	3809	0x0	0	28.519830
6720	F	2097152	3810	0x0	0	28.519835
6721	F	2097152	3811	0x0	0	28.519839
6722	F	2097152	3812	0x0	0	28.519844
6723	F	2097152	3813	0x0	0	28.519849
6724	F	2097152	3814	0x0	0	28.519855
6725	F	2097152	3815	0x0	0	28.519859
6726	F	2097152	3816	0x0	0	28.519864
6727	F	2097152	3817	0x0	0	28.519869
6728	F	2097152	3818	0x0	0	28.519873
6729	F	2097152	3819	0x0	0	28.519878
6730	F	2097152	3820	0x0	0	28.519883
6731	F	2097152	3822	0x0	0	28.519888
6732	F	2097152	3823	0x0	0	28.519893
6733	F	2097152	3824	0x0	0	28.519898
6734	F	2097152	3825	0x0	0	28.519902
6735	F	2097152	3826	0x0	0	28.519907
6736	F	2097152	3827	0x0	0	28.519912
6737	F	2097152	3828	0x0	0	28.519917
6738	F	2097152	3829	0x0	0	28.519923
6739	F	2097152	3830	0x0	0	28.519927
6740	F	2097152	3831	0x0	0	28.519933
6741	F	2097152	3832	0x0	0	28.519938
6742	F	2097152	3833	0x0	0	28.519943
6743	F	2097152	3834	0x0	0	28.519947
6744	F	2097152	3835	0x0	0	28.519952
6745	F	2097152	3836	0x0	0	28.519956
6746	F	2097152	3837	0x0	0	28.519961
6747	F	2097152	3838	0x0	0	28.519966
6748	F	2097152	3839	0x0	0	28.519971
6749	F	2097152	3840	0x0	0	28.519975
6750	F	2097152	3841	0x0	0	28.519979
6751	F	2097152	3842	0x0	0	28.519983
6752	F	2097152	3843	0x0	0	28.519988
6753	F	2097152	3844	0x0	0	28.519992
6754	F	2097152	3845	0x0	0	28.519997
6755	F	2097152	3846	0x0	0	28.520002
6756	F	2097152	3847	0x0	0	28.520006
6757	F	2097152	3848	0x0	0	28.520010
6758	F	2097152	3849	0x0	0	28.520015
6759	F	2097152	3850	0x0	0	28.520019
6760	F	2097152	3851	0x0	0	28.520023
6761	F	2097152	3852	0x0	0	28.520028
6762	F	2097152	3853	0x0	0	28.520032
6763	F	2097152	3854	0x0	0	28.520037
6764	F	2097152	3855	0x0	0	28.520041
6765	F	2097152	3856	0x0	0	28.520045
6766	F	2097152	3857	0x0	0	28.520049
6767	F	2097152	3858	0x0	0	28.520054
6768	F	2097152	3859	0x0	0	28.520058
6769	F	2097152	3860	0x0	0	28.520062
6770	F	2097152	3861	0x0	0	28.520067
6771	F	2097152	3862	0x0	0	28.520072
6772	F	2097152	3863	0x0	0	28.520076
6773	F	2097152	3864	0x0	0	28.520080
6774	F	2097152	3865	0x0	0	28.520085
6775	F	2097152	3866	0x0	0	28.520090
6776	F	2097152	3867	0x0	0	28.520096
6777	F	2097152	3868	0x0	0	28.520102
6778	F	2097152	3869	0x0	0	28.520107
6779	F	2097152	3870	0x0	0	28.520111
6780	F	2097152	3871	0x0	0	28.520254
6781	F	2097152	3872	0x0	0	28.520357
6782	F	2097152	3873	0x0	0	28.520460
6783	F	2097152	3874	0x0	0	28.520564
6784	F	2097152	3875	0x0	0	28.520665
6785	F	2097152	3876	0x0	0	28.520765
6786	F	2097152	3877	0x0	0	28.520867
6787	F	2097152	3878	0x0	0	28.520970
6788	F	2097152	3879	0x0	0	28.521071
6789	F	2097152	3880	0x0	0	28.521173
6790	F	2097152	3881	0x0	0	28.521276
6791	F	2097152	3882	0x0	0	28.521399
6792	F	2097152	3883	0x0	0	28.521500
6793	F	2097152	3884	0x0	0	28.521601
6794	F	2097152	3885	0x0	0	28.521702
6795	F	2097152	3886	0x0	0	28.521804
6796	F	2097152	3887	0x0	0	28.521905
6797	F	2097152	3888	0x0	0	28.522007
6798	F	2097152	3889	0x0	0	28.522109
6799	F	2097152	3890	0x0	0	28.522211
6800	F	2097152	3891	0x0	0	28.522315
6801	F	2097152	3892	0x0	0	28.522416
6802	F	2097152	3893	0x0	0	28.522517
6803	F	2097152	3894	0x0	0	28.522622
6804	F	2097152	3895	0x0	0	28.522725
6805	F	2097152	3896	0x0	0	28.522826
6806	F	2097152	3897	0x0	0	28.522929
6807	F	2097152	3898	0x0	0	28.523030
6808	F	2097152	3899	0x0	0	28.523134
6809	F	2097152	3900	0x0	0	28.523237
6810	F	2097152	3901	0x0	0	28.523342
6811	F	2097152	3902	0x0	0	28.523444
6812	F	2097152	3903	0x0	0	28.523544
6813	F	2097152	3904	0x0	0	28.523646
6814	F	2097152	3905	0x0	0	28.523749
6815	F	2097152	3906	0x0	0	28.523850
6816	F	2097152	3907	0x0	0	28.523951
6817	F	2097152	3908	0x0	0	28.524053
6818	F	2097152	3909	0x0	0	28.524158
6819	F	2097152	3910	0x0	0	28.524260
6820	F	2097152	3911	0x0	0	28.524380
6821	F	2097152	3912	0x0	0	28.524481
6822	F	2097152	3913	0x0	0	28.524584
6823	F	2097152	3914	0x0	0	28.524688
6824	F	2097152	3915	0x0	0	28.524790
6825	F	2097152	3916	0x0	0	28.524894
6826	F	2097152	3917	0x0	0	28.524995
6827	F	2097152	3918	0x0	0	28.525100
6828	F	2097152	3919	0x0	0	28.525202
6829	F	2097152	3920	0x0	0	28.525323
6830	F	2097152	3921	0x0	0	28.525426
6831	F	2097152	3922	0x0	0	28.525527
6832	F	2097152	3923	0x0	0	28.525628
6833	F	2097152	3924	0x0	0	28.525730
6834	F	2097152	3925	0x0	0	28.525831
6835	F	2097152	3926	0x0	0	28.525932
6836	F	2097152	3927	0x0	0	28.526034
6837	F	2097152	3928	0x0	0	28.526136
6838	F	2097152	3929	0x0	0	28.526239
6839	F	2097152	3930	0x0	0	28.526339
6840	F	2097152	3931	0x0	0	28.526445
6841	F	2097152	3932	0x0	0	28.526547
6842	F	2097152	3933	0x0	0	28.526649
6843	F	2097152	3934	0x0	0	28.526754
6844	F	2097152	3935	0x0	0	28.526855
6845	F	2097152	3936	0x0	0	28.526957
6846	F	2097152	3937	0x0	0	28.527058
6847	F	2097152	3938	0x0	0	28.527164
6848	F	2097152	3939	0x0	0	28.527267
6849	F	2097152	3940	0x0	0	28.527393
6850	F	2097152	3941	0x0	0	28.527494
6851	F	2097152	3942	0x0	0	28.527602
6852	F	2097152	3943	0x0	0	28.527710
6853	F	2097152	3944	0x0	0	28.527815
6854	F	2097152	3945	0x0	0	28.527918
6855	F	2097152	3946	0x0	0	28.528020
6856	F	2097152	3947	0x0	0	28.528126
6857	F	2097152	3948	0x0	0	28.528230
6858	F	2097152	3949	0x0	0	28.528332
6859	F	2097152	3950	0x0	0	28.528439
6860	F	2097152	3951	0x0	0	28.528543
6861	F	2097152	3952	0x0	0	28.528645
6862	M	20971520	3953	0x0	0	28.570657
6863	M	23068672	3954	0x0	0	28.571473
6864	M	44040192	3955	0x0	0	28.571780
6865	M	44040192	3956	0x0	0	28.571823
6866	M	46137344	3957	0x0	0	28.571923
6867	M	46137344	3958	0x0	0	28.572450
6868	M	50331648	3959	0x0	0	28.573254
6869	M	88080384	3960	0x0	0	28.575249
6870	M	44040192	3961	0x0	0	28.575363
6871	M	44040192	3962	0x0	0	28.581041
6872	M	44040192	3963	0x0	0	28.581088
6873	M	23068672	3964	0x0	0	28.617471
6874	M	23068672	3965	0x0	0	28.620690
6875	M	23068672	3966	0x0	0	28.628699
6876	M	23068672	3967	0x0	0	28.628786
6877	M	23068672	3968	0x0	0	28.637384
6878	M	23068672	3969	0x0	0	28.639152
6879	M	23068672	3970	0x0	0	28.640781
6880	M	23068672	3971	0x0	0	28.648855
6881	M	23068672	3972	0x0	0	28.654336
6882	M	23068672	3973	0x0	0	28.655955
6883	M	2097152	3974	0x0	0	28.658749
6884	M	2097152	3975	0x0	0	28.660320
6885	M	2097152	3976	0x0	0	28.661934
6886	M	23068672	3977	0x0	0	28.662459
6887	M	2097152	3978	0x0	0	28.663633
6888	M	2097152	3979	0x0	0	28.663832
6889	M	23068672	3980	0x0	0	28.664247
6890	M	2097152	3981	0x0	0	28.665554
6891	M	2097152	3982	0x0	0	28.667239
6892	M	2097152	3983	0x0	0	28.668749
6893	M	2097152	3984	0x0	0	28.671209
6894	M	2097152	3985	0x0	0	28.672827
6895	M	2097152	3986	0x0	0	28.673045
6896	M	23068672	3987	0x0	0	28.673461
6897	M	2097152	3988	0x0	0	28.674814
6898	M	2097152	3989	0x0	0	28.676437
6899	M	2097152	3990	0x0	0	28.677948
6900	M	23068672	3991	0x0	0	28.678496
6901	M	2097152	3992	0x0	0	28.679680
6902	M	2097152	3993	0x0	0	28.681284
6903	M	2097152	3994	0x0	0	28.681487
6904	M	2097152	3995	0x0	0	28.683171
6905	M	2097152	3996	0x0	0	28.684787
6906	M	23068672	3997	0x0	0	28.685194
6907	M	2097152	3998	0x0	0	28.686373
6908	M	98566144	3999	0x0	0	28.687028
6909	M	65011712	4000	0x0	0	28.687329
6910	M	67108864	4001	0x0	0	28.687457
6911	M	44040192	4002	0x0	0	28.691185
6912	M	44040192	4003	0x0	0	28.691233
6913	M	44040192	4004	0x0	0	28.693575
6914	M	44040192	4005	0x0	0	28.695189
6915	M	2097152	4006	0x0	0	28.697428
6916	M	44040192	4007	0x0	0	28.697717
6917	M	195035136	4008	0x0	0	28.699538
6918	M	130023424	4009	0x0	0	28.699798
6919	M	130023424	4010	0x0	0	28.699844
6920	M	88080384	4011	0x0	0	28.709082
6921	M	69206016	4012	0x0	0	28.709191
6922	M	88080384	4013	0x0	0	28.710051
6923	M	130023424	4014	0x0	0	28.711281
6924	M	130023424	4015	0x0	0	28.712046
6925	M	146800640	4016	0x0	0	28.734711
6926	M	2097152	4017	0x0	0	28.826205
6927	M	2097152	4018	0x0	0	28.826412
6928	M	2097152	4019	0x0	0	28.829499
6929	M	2097152	4020	0x0	0	28.829705
6930	M	2097152	4021	0x0	0	28.834642
6931	M	2097152	4022	0x0	0	28.834833
6932	M	2097152	4023	0x0	0	28.837893
6933	M	2097152	4024	0x0	0	28.838026
6934	M	2097152	4025	0x0	0	28.838209
6935	M	2097152	4026	0x0	0	28.841325
6936	M	2097152	4027	0x0	0	28.841506
6937	M	2097152	4028	0x0	0	28.844595
6938	M	2097152	4029	0x0	0	28.844800
6939	M	2097152	4030	0x0	0	28.847906
6940	M	2097152	4031	0x0	0	28.848100
6941	M	2097152	4032	0x0	0	28.851154
6942	M	2097152	4033	0x0	0	28.851284
6943	M	2097152	4034	0x0	0	28.851455
6944	M	2097152	4035	0x0	0	28.854570
6945	M	2097152	4036	0x0	0	28.854755
6946	M	2097152	4037	0x0	0	28.857852
6947	M	2097152	4038	0x0	0	28.858060
6948	M	2097152	4039	0x0	0	28.861177
6949	M	2097152	4040	0x0	0	28.861362
6950	M	2097152	4041	0x0	0	28.864426
6951	M	2097152	4042	0x0	0	28.864568
6952	M	2097152	4043	0x0	0	28.864755
6953	M	2097152	4044	0x0	0	28.868331
6954	M	2097152	4045	0x0	0	28.868509
6955	M	2097152	4046	0x0	0	28.871623
6956	M	2097152	4047	0x0	0	28.871834
6957	M	2097152	4048	0x0	0	28.874967
6958	M	2097152	4049	0x0	0	28.875159
6959	M	2097152	4050	0x0	0	28.878309
6960	M	2097152	4051	0x0	0	28.878494
6961	M	2097152	4052	0x0	0	28.881552
6962	M	2097152	4053	0x0	0	28.881682
6963	M	2097152	4054	0x0	0	28.881850
6964	M	2097152	4055	0x0	0	28.884960
6965	M	2097152	4056	0x0	0	28.885166
6966	M	2097152	4057	0x0	0	28.888301
6967	M	2097152	4058	0x0	0	28.888487
6968	M	2097152	4059	0x0	0	28.891557
6969	M	2097152	4060	0x0	0	28.891685
6970	M	2097152	4061	0x0	0	28.891853
6971	M	2097152	4062	0x0	0	28.894979
6972	M	2097152	4063	0x0	0	28.895168
6973	M	2097152	4064	0x0	0	28.898283
6974	M	2097152	4065	0x0	0	28.908761
6975	M	2097152	4066	0x0	0	28.912882
6976	M	2097152	4067	0x0	0	28.913067
6977	M	2097152	4068	0x0	0	28.916151
6978	M	2097152	4069	0x0	0	28.916283
6979	M	2097152	4070	0x0	0	28.916465
6980	M	2097152	4071	0x0	0	28.919615
6981	M	2097152	4072	0x0	0	28.919802
6982	M	2097152	4073	0x0	0	28.968151
6983	M	2097152	4074	0x0	0	28.968360
6984	M	2097152	4075	0x0	0	28.971491
6985	M	2097152	4076	0x0	0	28.971680
6986	M	2097152	4077	0x0	0	28.974753
6987	M	2097152	4078	0x0	0	28.974880
6988	M	2097152	4079	0x0	0	28.975054
6989	M	2097152	4080	0x0	0	28.978187
6990	M	2097152	4081	0x0	0	28.978374
6991	M	2097152	4082	0x0	0	29.008519
6992	M	2097152	4083	0x0	0	29.008726
6993	M	2097152	4084	0x0	0	29.011849
6994	M	2097152	4085	0x0	0	29.012030
6995	M	2097152	4086	0x0	0	29.015116
6996	M	2097152	4087	0x0	0	29.015253
6997	M	2097152	4088	0x0	0	29.015446
6998	M	2097152	4089	0x0	0	29.031014
6999	M	2097152	4090	0x0	0	29.031459
7000	M	2097152	4091	0x0	0	29.031712
7001	M	2097152	4092	0x0	0	29.035157
7002	M	2097152	4093	0x0	0	29.058626
7003	M	2097152	4094	0x0	0	29.080453
7004	M	2097152	4095	0x0	0	29.080734
7005	M	2097152	4096	0x0	0	29.084364
7006	M	2097152	4097	0x0	0	29.086731
7007	M	2097152	4098	0x0	0	29.088055
7008	M	2097152	4099	0x0	0	29.090388
7009	M	2097152	4100	0x0	0	29.093492
7010	M	2097152	4101	0x0	0	29.104779
7011	M	2097152	4102	0x0	0	29.107129
7012	M	2097152	4103	0x0	0	29.108951
7013	M	2097152	4104	0x0	0	29.112023
7014	M	2097152	4105	0x0	0	29.114363
7015	M	2097152	4106	0x0	0	29.116190
7016	M	2097152	4107	0x0	0	29.133149
7017	M	2097152	4108	0x0	0	29.134948
7018	M	2097152	4109	0x0	0	29.138497
7019	M	2097152	4110	0x0	0	29.140313
7020	M	2097152	4111	0x0	0	29.142117
7021	M	2097152	4112	0x0	0	29.145662
7022	M	2097152	4113	0x0	0	29.157617
7023	M	2097152	4114	0x0	0	29.159417
7024	M	2097152	4115	0x0	0	29.161710
7025	M	2097152	4116	0x0	0	29.164727
7026	M	2097152	4117	0x0	0	29.166544
7027	M	2097152	4118	0x0	0	29.168344
7028	M	2097152	4119	0x0	0	29.181789
7029	M	2097152	4120	0x0	0	29.236104
7030	M	2097152	4121	0x0	0	29.236151
7031	M	2097152	4122	0x0	0	29.236180
7032	M	2097152	4123	0x0	0	29.236199
7033	M	2097152	4124	0x0	0	29.236229
7034	M	2097152	4125	0x0	0	29.236248
7035	M	2097152	4126	0x0	0	29.236267
7036	M	2097152	4127	0x0	0	29.236284
7037	M	2097152	4128	0x0	0	29.236301
7038	M	2097152	4129	0x0	0	29.236321
7039	M	2097152	4130	0x0	0	29.236351
7040	M	2097152	4131	0x0	0	29.236368
7041	M	2097152	4132	0x0	0	29.236388
7042	M	2097152	4133	0x0	0	29.236417
7043	M	2097152	4134	0x0	0	29.236434
7044	M	2097152	4135	0x0	0	29.236454
7045	M	2097152	4136	0x0	0	29.236484
7046	M	2097152	4137	0x0	0	29.236501
7047	M	2097152	4138	0x0	0	29.236517
7048	M	2097152	4139	0x0	0	29.236536
7049	M	2097152	4140	0x0	0	29.236553
7050	M	2097152	4141	0x0	0	29.236572
7051	M	2097152	4142	0x0	0	29.236591
7052	M	2097152	4143	0x0	0	29.236608
7053	M	2097152	4144	0x0	0	29.236626
7054	M	2097152	4145	0x0	0	29.236643
7055	M	2097152	4146	0x0	0	29.236660
7056	M	2097152	4147	0x0	0	29.236678
7057	M	2097152	4148	0x0	0	29.236698
7058	M	2097152	4149	0x0	0	29.236714
7059	M	2097152	4150	0x0	0	29.236732
7060	M	2097152	4151	0x0	0	29.236751
7061	M	2097152	4152	0x0	0	29.236768
7062	M	2097152	4153	0x0	0	29.236788
7063	M	2097152	4154	0x0	0	29.236806
7064	M	2097152	4155	0x0	0	29.236822
7065	M	2097152	4156	0x0	0	29.236841
7066	M	2097152	4157	0x0	0	29.236857
7067	M	2097152	4158	0x0	0	29.236876
7068	M	2097152	4159	0x0	0	29.236895
7069	M	2097152	4160	0x0	0	29.236913
7070	M	2097152	4161	0x0	0	29.236931
7071	M	2097152	4162	0x0	0	29.236949
7072	M	2097152	4163	0x0	0	29.236967
7073	M	2097152	4164	0x0	0	29.236984
7074	M	2097152	4165	0x0	0	29.237002
7075	M	2097152	4166	0x0	0	29.237020
7076	M	2097152	4167	0x0	0	29.237037
7077	M	2097152	4168	0x0	0	29.237055
7078	M	2097152	4169	0x0	0	29.237073
7079	M	2097152	4170	0x0	0	29.237098
7080	M	2097152	4171	0x0	0	29.237122
7081	M	2097152	4172	0x0	0	29.237141
7082	M	2097152	4173	0x0	0	29.237157
7083	M	2097152	4174	0x0	0	29.237173
7084	M	2097152	4175	0x0	0	29.237192
7085	M	2097152	4176	0x0	0	29.237209
7086	M	2097152	4177	0x0	0	29.237227
7087	M	2097152	4178	0x0	0	29.237256
7088	M	2097152	4179	0x0	0	29.237272
7089	M	2097152	4180	0x0	0	29.237291
7090	M	2097152	4181	0x0	0	29.237308
7091	M	2097152	4182	0x0	0	29.237326
7092	M	2097152	4183	0x0	0	29.237342
7093	M	2097152	4184	0x0	0	29.237362
7094	M	2097152	4185	0x0	0	29.237378
7095	M	2097152	4186	0x0	0	29.237395
7096	M	2097152	4187	0x0	0	29.237415
7097	M	2097152	4188	0x0	0	29.237433
7098	M	2097152	4189	0x0	0	29.237449
7099	M	2097152	4190	0x0	0	29.237479
7100	M	2097152	4191	0x0	0	29.237498
7101	M	2097152	4192	0x0	0	29.237516
7102	M	2097152	4193	0x0	0	29.237533
7103	M	2097152	4194	0x0	0	29.237550
7104	M	2097152	4195	0x0	0	29.237568
7105	M	2097152	4196	0x0	0	29.237585
7106	M	2097152	4197	0x0	0	29.237602
7107	M	2097152	4198	0x0	0	29.237618
7108	M	2097152	4199	0x0	0	29.237636
7109	M	2097152	4200	0x0	0	29.237652
7110	M	2097152	4201	0x0	0	29.237670
7111	M	2097152	4202	0x0	0	29.237687
7112	M	2097152	4203	0x0	0	29.237704
7113	M	2097152	4204	0x0	0	29.237725
7114	M	2097152	4205	0x0	0	29.237742
7115	M	2097152	4206	0x0	0	29.237758
7116	M	2097152	4207	0x0	0	29.237774
7117	M	2097152	4208	0x0	0	29.237791
7118	M	2097152	4209	0x0	0	29.237807
7119	M	2097152	4210	0x0	0	29.237825
7120	M	2097152	4211	0x0	0	29.237843
7121	M	2097152	4212	0x0	0	29.237860
7122	M	2097152	4213	0x0	0	29.237877
7123	M	2097152	4214	0x0	0	29.237895
7124	M	2097152	4215	0x0	0	29.237912
7125	M	2097152	4216	0x0	0	29.237931
7126	M	2097152	4217	0x0	0	29.237946
7127	M	2097152	4218	0x0	0	29.237964
7128	M	2097152	4219	0x0	0	29.237981
7129	M	2097152	4220	0x0	0	29.238000
7130	M	2097152	4221	0x0	0	29.238020
7131	M	2097152	4222	0x0	0	29.238067
7132	M	2097152	4223	0x0	0	29.238145
7133	M	2097152	4224	0x0	0	29.238188
7134	M	2097152	4225	0x0	0	29.238206
7135	M	2097152	4226	0x0	0	29.238223
7136	M	2097152	4227	0x0	0	29.238239
7137	M	2097152	4228	0x0	0	29.238257
7138	M	2097152	4229	0x0	0	29.238276
7139	M	2097152	4230	0x0	0	29.238294
7140	M	2097152	4231	0x0	0	29.238311
7141	M	2097152	4232	0x0	0	29.238326
7142	M	2097152	4233	0x0	0	29.238343
7143	M	2097152	4234	0x0	0	29.238358
7144	M	2097152	4235	0x0	0	29.238377
7145	M	2097152	4236	0x0	0	29.238394
7146	M	2097152	4237	0x0	0	29.238411
7147	M	2097152	4238	0x0	0	29.238429
7148	M	2097152	4239	0x0	0	29.238446
7149	M	2097152	4240	0x0	0	29.238464
7150	M	2097152	4241	0x0	0	29.238479
7151	M	2097152	4242	0x0	0	29.238499
7152	M	2097152	4243	0x0	0	29.238515
7153	M	2097152	4244	0x0	0	29.238534
7154	M	2097152	4245	0x0	0	29.238550
7155	F	20971520	3953	0x0	0	29.650695
7156	F	23068672	3954	0x0	0	29.650781
7157	F	23068672	3964	0x0	0	29.650829
7158	F	23068672	3965	0x0	0	29.650873
7159	F	23068672	3966	0x0	0	29.650918
7160	F	23068672	3967	0x0	0	29.650967
7161	F	23068672	3968	0x0	0	29.651009
7162	F	23068672	3969	0x0	0	29.651055
7163	F	23068672	3970	0x0	0	29.651100
7164	F	23068672	3971	0x0	0	29.651142
7165	F	23068672	3972	0x0	0	29.651185
7166	F	23068672	3973	0x0	0	29.651225
7167	F	23068672	3977	0x0	0	29.651267
7168	F	23068672	3980	0x0	0	29.651308
7169	F	23068672	3987	0x0	0	29.651349
7170	F	23068672	3991	0x0	0	29.651389
7171	F	23068672	3997	0x0	0	29.651431
7172	F	44040192	3955	0x0	0	29.651471
7173	F	44040192	3956	0x0	0	29.651511
7174	F	44040192	3961	0x0	0	29.651553
7175	F	44040192	3962	0x0	0	29.651593
7176	F	44040192	3963	0x0	0	29.651636
7177	F	44040192	4002	0x0	0	29.651678
7178	F	44040192	4003	0x0	0	29.651718
7179	F	44040192	4004	0x0	0	29.651761
7180	F	44040192	4005	0x0	0	29.651800
7181	F	44040192	4007	0x0	0	29.651841
7182	F	46137344	3957	0x0	0	29.651881
7183	F	46137344	3958	0x0	0	29.651921
7184	F	50331648	3959	0x0	0	29.651960
7185	F	65011712	4000	0x0	0	29.652000
7186	F	67108864	4001	0x0	0	29.652039
7187	F	69206016	4012	0x0	0	29.652082
7188	F	88080384	3960	0x0	0	29.652126
7189	F	88080384	4011	0x0	0	29.652165
7190	F	88080384	4013	0x0	0	29.652206
7191	F	98566144	3999	0x0	0	29.652246
7192	F	130023424	4009	0x0	0	29.652286
7193	F	130023424	4010	0x0	0	29.652327
7194	F	130023424	4014	0x0	0	29.652391
7195	F	130023424	4015	0x0	0	29.652430
7196	F	146800640	4016	0x0	0	29.652469
7197	F	195035136	4008	0x0	0	29.652508
7198	F	2097152	3795	0x0	0	29.652571
7199	F	2097152	3821	0x0	0	29.652578
7200	F	2097152	3974	0x0	0	29.652586
7201	F	2097152	3975	0x0	0	29.652592
7202	F	2097152	3976	0x0	0	29.652598
7203	F	2097152	3978	0x0	0	29.652604
7204	F	2097152	3979	0x0	0	29.652609
7205	F	2097152	3981	0x0	0	29.652615
7206	F	2097152	3982	0x0	0	29.652621
7207	F	2097152	3983	0x0	0	29.652626
7208	F	2097152	3984	0x0	0	29.652632
7209	F	2097152	3985	0x0	0	29.652639
7210	F	2097152	3986	0x0	0	29.652645
7211	F	2097152	3988	0x0	0	29.652650
7212	F	2097152	3989	0x0	0	29.652656
7213	F	2097152	3990	0x0	0	29.652660
7214	F	2097152	3992	0x0	0	29.652667
7215	F	2097152	3993	0x0	0	29.652673
7216	F	2097152	3994	0x0	0	29.652679
7217	F	2097152	3995	0x0	0	29.652684
7218	F	2097152	3996	0x0	0	29.652689
7219	F	2097152	3998	0x0	0	29.652694
7220	F	2097152	4006	0x0	0	29.652699
7221	F	2097152	4017	0x0	0	29.652706
7222	F	2097152	4018	0x0	0	29.652711
7223	F	2097152	4019	0x0	0	29.652717
7224	F	2097152	4020	0x0	0	29.652722
7225	F	2097152	4021	0x0	0	29.652727
7226	F	2097152	4022	0x0	0	29.652733
7227	F	2097152	4023	0x0	0	29.652738
7228	F	2097152	4024	0x0	0	29.652743
7229	F	2097152	4025	0x0	0	29.652748
7230	F	2097152	4026	0x0	0	29.652754
7231	F	2097152	4027	0x0	0	29.652759
7232	F	2097152	4028	0x0	0	29.652764
7233	F	2097152	4029	0x0	0	29.652769
7234	F	2097152	4030	0x0	0	29.652774
7235	F	2097152	4031	0x0	0	29.652779
7236	F	2097152	4032	0x0	0	29.652785
7237	F	2097152	4033	0x0	0	29.652790
7238	F	2097152	4034	0x0	0	29.652795
7239	F	2097152	4035	0x0	0	29.652800
7240	F	2097152	4036	0x0	0	29.652805
7241	F	2097152	4037	0x0	0	29.652810
7242	F	2097152	4038	0x0	0	29.652816
7243	F	2097152	4039	0x0	0	29.652821
7244	F	2097152	4040	0x0	0	29.652826
7245	F	2097152	4041	0x0	0	29.652831
7246	F	2097152	4042	0x0	0	29.652836
7247	F	2097152	4043	0x0	0	29.652841
7248	F	2097152	4044	0x0	0	29.652846
7249	F	2097152	4045	0x0	0	29.652852
7250	F	2097152	4046	0x0	0	29.652856
7251	F	2097152	4047	0x0	0	29.652861
7252	F	2097152	4048	0x0	0	29.652866
7253	F	2097152	4049	0x0	0	29.652873
7254	F	2097152	4050	0x0	0	29.652878
7255	F	2097152	4051	0x0	0	29.652883
7256	F	2097152	4052	0x0	0	29.652888
7257	F	2097152	4053	0x0	0	29.652893
7258	F	2097152	4054	0x0	0	29.652899
7259	F	2097152	4055	0x0	0	29.652903
7260	F	2097152	4056	0x0	0	29.652909
7261	F	2097152	4057	0x0	0	29.652914
7262	F	2097152	4058	0x0	0	29.652919
7263	F	2097152	4059	0x0	0	29.652924
7264	F	2097152	4060	0x0	0	29.652928
7265	F	2097152	4061	0x0	0	29.652933
7266	F	2097152	4062	0x0	0	29.652938
7267	F	2097152	4063	0x0	0	29.652942
7268	F	2097152	4064	0x0	0	29.652947
7269	F	2097152	4065	0x0	0	29.652952
7270	F	2097152	4066	0x0	0	29.652956
7271	F	2097152	4067	0x0	0	29.652961
7272	F	2097152	4068	0x0	0	29.652966
7273	F	2097152	4069	0x0	0	29.652971
7274	F	2097152	4070	0x0	0	29.652976
7275	F	2097152	4071	0x0	0	29.652980
7276	F	2097152	4072	0x0	0	29.652985
7277	F	2097152	4073	0x0	0	29.652990
7278	F	2097152	4074	0x0	0	29.652995
7279	F	2097152	4075	0x0	0	29.653000
7280	F	2097152	4076	0x0	0	29.653005
7281	F	2097152	4077	0x0	0	29.653010
7282	F	2097152	4078	0x0	0	29.653014
7283	F	2097152	4079	0x0	0	29.653019
7284	F	2097152	4080	0x0	0	29.653024
7285	F	2097152	4081	0x0	0	29.653030
7286	F	2097152	4082	0x0	0	29.653035
7287	F	2097152	4083	0x0	0	29.653040
7288	F	2097152	4084	0x0	0	29.653045
7289	F	2097152	4085	0x0	0	29.653050
7290	F	2097152	4086	0x0	0	29.653055
7291	F	2097152	4087	0x0	0	29.653060
7292	F	2097152	4089	0x0	0	29.653065
7293	F	2097152	4090	0x0	0	29.653070
7294	F	2097152	4091	0x0	0	29.653075
7295	F	2097152	4092	0x0	0	29.653081
7296	F	2097152	4093	0x0	0	29.653086
7297	F	2097152	4094	0x0	0	29.653091
7298	F	2097152	4095	0x0	0	29.653099
7299	F	2097152	4096	0x0	0	29.653105
7300	F	2097152	4097	0x0	0	29.653110
7301	F	2097152	4098	0x0	0	29.653116
7302	F	2097152	4099	0x0	0	29.653121
7303	F	2097152	4100	0x0	0	29.653126
7304	F	2097152	4101	0x0	0	29.653131
7305	F	2097152	4102	0x0	0	29.653135
7306	F	2097152	4103	0x0	0	29.653140
7307	F	2097152	4104	0x0	0	29.653145
7308	F	2097152	4105	0x0	0	29.653149
7309	F	2097152	4106	0x0	0	29.653155
7310	F	2097152	4107	0x0	0	29.653160
7311	F	2097152	4108	0x0	0	29.653165
7312	F	2097152	4109	0x0	0	29.653169
7313	F	2097152	4110	0x0	0	29.653173
7314	F	2097152	4111	0x0	0	29.653178
7315	F	2097152	4112	0x0	0	29.653182
7316	F	2097152	4113	0x0	0	29.653187
7317	F	2097152	4114	0x0	0	29.653193
7318	F	2097152	4115	0x0	0	29.653197
7319	F	2097152	4116	0x0	0	29.653202
7320	F	2097152	4117	0x0	0	29.653206
7321	F	2097152	4118	0x0	0	29.653211
7322	F	2097152	4119	0x0	0	29.653216
7323	F	2097152	4120	0x0	0	29.653220
7324	F	2097152	4121	0x0	0	29.653225
7325	F	2097152	4122	0x0	0	29.653230
7326	F	2097152	4123	0x0	0	29.653236
7327	F	2097152	4124	0x0	0	29.653241
7328	F	2097152	4125	0x0	0	29.653246
7329	F	2097152	4126	0x0	0	29.653250
7330	F	2097152	4127	0x0	0	29.653255
7331	F	2097152	4128	0x0	0	29.653259
7332	F	2097152	4129	0x0	0	29.653263
7333	F	2097152	4130	0x0	0	29.653268
7334	F	2097152	4131	0x0	0	29.653273
7335	F	2097152	4132	0x0	0	29.653278
7336	F	2097152	4133	0x0	0	29.653282
7337	F	2097152	4134	0x0	0	29.653287
7338	F	2097152	4135	0x0	0	29.653292
7339	F	2097152	4136	0x0	0	29.653296
7340	F	2097152	4137	0x0	0	29.653301
7341	F	2097152	4138	0x0	0	29.653305
7342	F	2097152	4139	0x0	0	29.653310
7343	F	2097152	4140	0x0	0	29.653314
7344	F	2097152	4141	0x0	0	29.653318
7345	F	2097152	4142	0x0	0	29.653322
7346	F	2097152	4143	0x0	0	29.653326
7347	F	2097152	4144	0x0	0	29.653331
7348	F	2097152	4145	0x0	0	29.653335
7349	F	2097152	4146	0x0	0	29.653340
7350	F	2097152	4147	0x0	0	29.653345
7351	F	2097152	4148	0x0	0	29.653350
7352	F	2097152	4149	0x0	0	29.653354
7353	F	2097152	4150	0x0	0	29.653358
7354	F	2097152	4151	0x0	0	29.653363
7355	F	2097152	4152	0x0	0	29.653367
7356	F	2097152	4153	0x0	0	29.653371
7357	F	2097152	4154	0x0	0	29.653376
7358	F	2097152	4155	0x0	0	29.653381
7359	F	2097152	4156	0x0	0	29.653386
7360	F	2097152	4157	0x0	0	29.653390
7361	F	2097152	4158	0x0	0	29.653394
7362	F	2097152	4159	0x0	0	29.653398
7363	F	2097152	4160	0x0	0	29.653403
7364	F	2097152	4161	0x0	0	29.653481
7365	F	2097152	4162	0x0	0	29.653582
7366	F	2097152	4163	0x0	0	29.653684
7367	F	2097152	4164	0x0	0	29.653788
7368	F	2097152	4165	0x0	0	29.653891
7369	F	2097152	4166	0x0	0	29.653992
7370	F	2097152	4167	0x0	0	29.654095
7371	F	2097152	4168	0x0	0	29.654198
7372	F	2097152	4169	0x0	0	29.654299
7373	F	2097152	4170	0x0	0	29.654403
7374	F	2097152	4171	0x0	0	29.654505
7375	F	2097152	4172	0x0	0	29.654609
7376	F	2097152	4173	0x0	0	29.654709
7377	F	2097152	4174	0x0	0	29.654811
7378	F	2097152	4175	0x0	0	29.654915
7379	F	2097152	4176	0x0	0	29.655021
7380	F	2097152	4177	0x0	0	29.655124
7381	F	2097152	4178	0x0	0	29.655226
7382	F	2097152	4179	0x0	0	29.655328
7383	F	2097152	4180	0x0	0	29.655449
7384	F	2097152	4181	0x0	0	29.655549
7385	F	2097152	4182	0x0	0	29.655652
7386	F	2097152	4183	0x0	0	29.655754
7387	F	2097152	4184	0x0	0	29.655857
7388	F	2097152	4185	0x0	0	29.655959
7389	F	2097152	4186	0x0	0	29.656063
7390	F	2097152	4187	0x0	0	29.656164
7391	F	2097152	4188	0x0	0	29.656266
7392	F	2097152	4189	0x0	0	29.656370
7393	F	2097152	4190	0x0	0	29.656473
7394	F	2097152	4191	0x0	0	29.656572
7395	F	2097152	4192	0x0	0	29.656673
7396	F	2097152	4193	0x0	0	29.656775
7397	F	2097152	4194	0x0	0	29.656878
7398	F	2097152	4195	0x0	0	29.656978
7399	F	2097152	4196	0x0	0	29.657082
7400	F	2097152	4197	0x0	0	29.657183
7401	F	2097152	4198	0x0	0	29.657285
7402	F	2097152	4199	0x0	0	29.657386
7403	F	2097152	4200	0x0	0	29.657485
7404	F	2097152	4201	0x0	0	29.657589
7405	F	2097152	4202	0x0	0	29.657690
7406	F	2097152	4203	0x0	0	29.657791
7407	F	2097152	4204	0x0	0	29.657892
7408	F	2097152	4205	0x0	0	29.657992
7409	F	2097152	4206	0x0	0	29.658092
7410	F	2097152	4207	0x0	0	29.658197
7411	F	2097152	4208	0x0	0	29.658297
7412	F	2097152	4209	0x0	0	29.658399
7413	F	2097152	4210	0x0	0	29.658499
7414	F	2097152	4211	0x0	0	29.658600
7415	F	2097152	4212	0x0	0	29.658702
7416	F	2097152	4213	0x0	0	29.658803
7417	F	2097152	4214	0x0	0	29.658908
7418	F	2097152	4215	0x0	0	29.659009
7419	F	2097152	4216	0x0	0	29.659112
7420	F	2097152	4217	0x0	0	29.659214
7421	F	2097152	4218	0x0	0	29.659314
7422	F	2097152	4219	0x0	0	29.659431
7423	F	2097152	4220	0x0	0	29.659533
7424	F	2097152	4221	0x0	0	29.659634
7425	F	2097152	4222	0x0	0	29.659736
7426	F	2097152	4223	0x0	0	29.659839
7427	F	2097152	4224	0x0	0	29.659939
7428	F	2097152	4225	0x0	0	29.660041
7429	F	2097152	4226	0x0	0	29.660144
7430	F	2097152	4227	0x0	0	29.660245
7431	F	2097152	4228	0x0	0	29.660348
7432	F	2097152	4229	0x0	0	29.660450
7433	F	2097152	4230	0x0	0	29.660550
7434	F	2097152	4231	0x0	0	29.660651
7435	F	2097152	4232	0x0	0	29.660754
7436	F	2097152	4233	0x0	0	29.660855
7437	F	2097152	4234	0x0	0	29.660968
7438	F	2097152	4235	0x0	0	29.661074
7439	F	2097152	4236	0x0	0	29.661180
7440	F	2097152	4237	0x0	0	29.661287
7441	F	2097152	4238	0x0	0	29.661414
7442	F	2097152	4239	0x0	0	29.661517
7443	F	2097152	4240	0x0	0	29.661619
7444	F	2097152	4241	0x0	0	29.661722
7445	F	2097152	4242	0x0	0	29.661824
7446	F	2097152	4243	0x0	0	29.661930
7447	F	2097152	4244	0x0	0	29.662035
7448	F	2097152	4245	0x0	0	29.662141
7449	M	23068672	4246	0x0	0	29.704753
7450	M	46137344	4247	0x0	0	29.705244
7451	M	46137344	4248	0x0	0	29.705283
7452	M	48234496	4249	0x0	0	29.705570
7453	F	48234496	4249	0x0	0	29.708548
7454	M	48234496	4250	0x0	0	29.708619
7455	M	48234496	4251	0x0	0	29.709220
7456	F	46137344	4248	0x0	0	29.714504
7457	F	48234496	4251	0x0	0	29.714555
7458	M	31457280	4252	0x0	0	29.714617
7459	F	31457280	4252	0x0	0	29.715092
7460	M	25165824	4253	0x0	0	29.715154
7461	M	31457280	4254	0x0	0	29.715611
7462	F	25165824	4253	0x0	0	29.718325
7463	F	31457280	4254	0x0	0	29.718398
7464	M	31457280	4255	0x0	0	29.718463
7465	F	31457280	4255	0x0	0	29.719294
7466	M	23068672	4256	0x0	0	29.719547
7467	M	23068672	4257	0x0	0	29.719892
7468	M	23068672	4258	0x0	0	29.720141
7469	M	23068672	4259	0x0	0	29.720543
7470	M	23068672	4260	0x0	0	29.720841
7471	M	12582912	4261	0x0	0	29.720895
7472	M	90177536	4262	0x0	0	29.721942
7473	M	46137344	4263	0x0	0	29.722057
7474	M	46137344	4264	0x0	0	29.722102
7475	M	46137344	4265	0x0	0	29.726224
7476	F	23068672	4258	0x0	0	29.742570
7477	F	23068672	4260	0x0	0	29.742630
7478	F	46137344	4263	0x0	0	29.742674
7479	F	46137344	4264	0x0	0	29.742710
7480	F	46137344	4265	0x0	0	29.742747
7481	F	90177536	4262	0x0	0	29.742782
7482	M	23068672	4266	0x0	0	29.742842
7483	M	25165824	4267	0x0	0	29.743289
7484	F	23068672	4266	0x0	0	29.745952
7485	F	25165824	4267	0x0	0	29.745996
7486	M	25165824	4268	0x0	0	29.746050
7487	F	25165824	4268	0x0	0	29.746681
7488	M	25165824	4269	0x0	0	29.746735
7489	F	25165824	4269	0x0	0	29.747572
7490	M	12582912	4270	0x0	0	29.747778
7491	M	12582912	4271	0x0	0	29.748085
7492	M	12582912	4272	0x0	0	29.748301
7493	M	12582912	4273	0x0	0	29.748691
7494	M	12582912	4274	0x0	0	29.748986
7495	M	20971520	4275	0x0	0	29.749037
7496	M	46137344	4276	0x0	0	29.750035
7497	M	23068672	4277	0x0	0	29.750147
7498	M	23068672	4278	0x0	0	29.750188
7499	M	23068672	4279	0x0	0	29.759995
7500	M	23068672	4280	0x0	0	29.767154
7501	M	23068672	4281	0x0	0	29.768925
7502	M	23068672	4282	0x0	0	29.772567
7503	M	12582912	4283	0x0	0	29.785262
7504	M	46137344	4284	0x0	0	29.786176
7505	M	23068672	4285	0x0	0	29.786277
7506	M	23068672	4286	0x0	0	29.787930
7507	M	23068672	4287	0x0	0	29.795738
7508	M	50331648	4288	0x0	0	29.801382
7509	F	50331648	4288	0x0	0	29.829292
7510	M	50331648	4289	0x0	0	29.829372
7511	F	46137344	4284	0x0	0	29.831918
7512	F	50331648	4289	0x0	0	29.831965
7513	M	12582912	4290	0x0	0	29.832979
7514	M	12582912	4291	0x0	0	29.833034
7515	M	46137344	4292	0x0	0	29.833979
7516	M	23068672	4293	0x0	0	29.834061
7517	M	23068672	4294	0x0	0	29.834107
7518	M	23068672	4295	0x0	0	29.840355
7519	M	23068672	4296	0x0	0	29.846570
7520	M	50331648	4297	0x0	0	29.848479
7521	M	23068672	4298	0x0	0	29.861355
7522	M	23068672	4299	0x0	0	29.864558
7523	F	46137344	4292	0x0	0	29.886098
7524	F	50331648	4297	0x0	0	29.886148
7525	M	37748736	4300	0x0	0	29.886218
7526	F	23068672	4299	0x0	0	29.888282
7527	F	37748736	4300	0x0	0	29.888325
7528	M	12582912	4301	0x0	0	29.888746
7529	M	12582912	4302	0x0	0	29.889085
7530	M	12582912	4303	0x0	0	29.889463
7531	M	12582912	4304	0x0	0	29.889511
7532	M	46137344	4305	0x0	0	29.890428
7533	M	23068672	4306	0x0	0	29.890511
7534	M	23068672	4307	0x0	0	29.890547
7535	M	2097152	4308	0x0	0	29.893197
7536	M	2097152	4309	0x0	0	29.894856
7537	M	2097152	4310	0x0	0	29.895202
7538	M	2097152	4311	0x0	0	29.896829
7539	M	23068672	4312	0x0	0	29.897253
7540	M	2097152	4313	0x0	0	29.898449
7541	M	2097152	4314	0x0	0	29.900007
7542	M	2097152	4315	0x0	0	29.901667
7543	M	23068672	4316	0x0	0	29.902256
7544	M	2097152	4317	0x0	0	29.903367
7545	M	2097152	4318	0x0	0	29.904984
7546	M	100663296	4319	0x0	0	29.905760
7547	F	23068672	4316	0x0	0	29.914485
7548	F	100663296	4319	0x0	0	29.914529
7549	M	100663296	4320	0x0	0	29.914590
7550	M	67108864	4321	0x0	0	29.914919
7551	F	67108864	4321	0x0	0	29.918050
7552	M	67108864	4322	0x0	0	29.918121
7553	F	67108864	4322	0x0	0	29.921317
7554	F	100663296	4320	0x0	0	29.921380
7555	M	12582912	4323	0x0	0	29.921527
7556	M	12582912	4324	0x0	0	29.921566
7557	M	23068672	4325	0x0	0	29.921640
7558	M	23068672	4326	0x0	0	29.921668
7559	M	23068672	4327	0x0	0	29.921938
7560	M	2097152	4328	0x0	0	29.922159
7561	M	23068672	4329	0x0	0	29.922338
7562	M	23068672	4330	0x0	0	29.922709
7563	M	23068672	4331	0x0	0	29.922751
7564	M	90177536	4332	0x0	0	29.923691
7565	M	46137344	4333	0x0	0	29.923788
7566	M	46137344	4334	0x0	0	29.923826
7567	F	12582912	4323	0x0	0	29.933301
7568	F	12582912	4324	0x0	0	29.933352
7569	F	23068672	4330	0x0	0	29.933392
7570	F	23068672	4331	0x0	0	29.933430
7571	F	46137344	4334	0x0	0	29.933469
7572	F	90177536	4332	0x0	0	29.933511
7573	F	2097152	4328	0x0	0	29.933537
7574	M	48234496	4335	0x0	0	29.933570
7575	F	23068672	4327	0x0	0	29.936031
7576	F	46137344	4333	0x0	0	29.936074
7577	F	48234496	4335	0x0	0	29.936111
7578	M	12582912	4336	0x0	0	29.936241
7579	M	12582912	4337	0x0	0	29.936279
7580	M	23068672	4338	0x0	0	29.936350
7581	M	23068672	4339	0x0	0	29.936379
7582	M	23068672	4340	0x0	0	29.936645
7583	M	2097152	4341	0x0	0	29.936859
7584	M	23068672	4342	0x0	0	29.937027
7585	M	23068672	4343	0x0	0	29.937389
7586	M	23068672	4344	0x0	0	29.937431
7587	M	90177536	4345	0x0	0	29.938342
7588	M	46137344	4346	0x0	0	29.938426
7589	M	46137344	4347	0x0	0	29.938463
7590	F	12582912	4337	0x0	0	29.947647
7591	F	23068672	4342	0x0	0	29.947697
7592	F	23068672	4343	0x0	0	29.947735
7593	F	23068672	4344	0x0	0	29.947771
7594	F	46137344	4347	0x0	0	29.948200
7595	F	90177536	4345	0x0	0	29.948240
7596	M	39845888	4348	0x0	0	29.948299
7597	F	23068672	4340	0x0	0	29.950475
7598	F	46137344	4346	0x0	0	29.950521
7599	M	23068672	4349	0x0	0	29.950721
7600	M	12582912	4350	0x0	0	29.950818
7601	M	23068672	4351	0x0	0	29.951023
7602	M	23068672	4352	0x0	0	29.951201
7603	M	23068672	4353	0x0	0	29.951520
7604	M	23068672	4354	0x0	0	29.951772
7605	M	12582912	4355	0x0	0	29.951820
7606	M	90177536	4356	0x0	0	29.952786
7607	M	46137344	4357	0x0	0	29.952870
7608	M	46137344	4358	0x0	0	29.952907
7609	M	2097152	4359	0x0	0	29.954505
7610	M	201326592	4360	0x0	0	29.954961
7611	F	23068672	4349	0x0	0	29.961993
7612	F	23068672	4351	0x0	0	29.962040
7613	F	23068672	4352	0x0	0	29.962080
7614	F	23068672	4353	0x0	0	29.962118
7615	F	23068672	4354	0x0	0	29.962157
7616	F	201326592	4360	0x0	0	29.962193
7617	F	2097152	4359	0x0	0	29.962218
7618	M	201326592	4361	0x0	0	29.962246
7619	M	134217728	4362	0x0	0	29.962537
7620	M	134217728	4363	0x0	0	29.962580
7621	M	134217728	4364	0x0	0	29.962640
7622	M	67108864	4365	0x0	0	29.962672
7623	M	96468992	4366	0x0	0	29.962834
7624	F	96468992	4366	0x0	0	29.967239
7625	F	134217728	4362	0x0	0	29.967285
7626	F	134217728	4363	0x0	0	29.967324
7627	F	201326592	4361	0x0	0	29.967379
7628	M	96468992	4367	0x0	0	29.967430
7629	F	67108864	4365	0x0	0	29.971244
7630	F	96468992	4367	0x0	0	29.971295
7631	F	134217728	4364	0x0	0	29.971332
7632	M	23068672	4368	0x0	0	29.971461
7633	M	23068672	4369	0x0	0	29.971499
7634	M	46137344	4370	0x0	0	29.971540
7635	M	90177536	4371	0x0	0	29.971674
7636	M	90177536	4372	0x0	0	29.971710
7637	M	71303168	4373	0x0	0	29.971914
7638	F	23068672	4368	0x0	0	29.974536
7639	F	23068672	4369	0x0	0	29.974582
7640	F	71303168	4373	0x0	0	29.974619
7641	M	71303168	4374	0x0	0	29.974669
7642	F	71303168	4374	0x0	0	29.977695
7643	F	90177536	4371	0x0	0	29.977740
7644	F	90177536	4372	0x0	0	29.977776
7645	M	23068672	4375	0x0	0	29.977906
7646	M	23068672	4376	0x0	0	29.977957
7647	M	46137344	4377	0x0	0	29.978008
7648	M	90177536	4378	0x0	0	29.978172
7649	M	90177536	4379	0x0	0	29.978212
7650	M	71303168	4380	0x0	0	29.978314
7651	F	23068672	4375	0x0	0	29.983496
7652	F	23068672	4376	0x0	0	29.983543
7653	F	90177536	4379	0x0	0	29.983580
7654	F	90177536	4378	0x0	0	30.001480
7655	F	2097152	4308	0x0	0	30.001530
7656	F	2097152	4309	0x0	0	30.001542
7657	F	2097152	4310	0x0	0	30.001548
7658	F	2097152	4311	0x0	0	30.001552
7659	F	2097152	4313	0x0	0	30.001558
7660	F	2097152	4314	0x0	0	30.001563
7661	F	2097152	4315	0x0	0	30.001675
7662	F	2097152	4317	0x0	0	30.001786
7663	F	2097152	4318	0x0	0	30.001895
7664	F	2097152	4341	0x0	0	30.001999
7665	M	46137344	4381	0x0	0	30.002136
7666	M	46137344	4382	0x0	0	30.002183
7667	M	90177536	4383	0x0	0	30.002466
7668	M	90177536	4384	0x0	0	30.002519
7669	M	90177536	4385	0x0	0	30.002588
7670	F	46137344	4381	0x0	0	30.005638
7671	F	46137344	4382	0x0	0	30.005688
7672	F	71303168	4380	0x0	0	30.005733
7673	M	71303168	4386	0x0	0	30.005791
7674	M	48234496	4387	0x0	0	30.006283
7675	F	48234496	4387	0x0	0	30.008918
7676	M	48234496	4388	0x0	0	30.008975
7677	F	23068672	4312	0x0	0	30.010047
7678	F	48234496	4388	0x0	0	30.010097
7679	M	23068672	4389	0x0	0	30.010254
7680	M	48234496	4390	0x0	0	30.014738
7681	F	48234496	4390	0x0	0	30.020725
7682	M	48234496	4391	0x0	0	30.020783
7683	M	46137344	4392	0x0	0	30.020907
7684	F	46137344	4392	0x0	0	30.031588
7685	F	48234496	4391	0x0	0	30.031636
7686	F	71303168	4386	0x0	0	30.031679
7687	M	71303168	4393	0x0	0	30.031728
7688	M	90177536	4394	0x0	0	30.031818
7689	M	90177536	4395	0x0	0	30.031866
7690	M	134217728	4396	0x0	0	30.033145
7691	M	134217728	4397	0x0	0	30.033200
7692	M	134217728	4398	0x0	0	30.033259
7693	M	96468992	4399	0x0	0	30.033449
7694	F	46137344	4358	0x0	0	30.048316
7695	F	46137344	4370	0x0	0	30.048372
7696	F	46137344	4377	0x0	0	30.048422
7697	F	90177536	4383	0x0	0	30.048466
7698	F	90177536	4384	0x0	0	30.048506
7699	F	90177536	4394	0x0	0	30.048543
7700	F	90177536	4395	0x0	0	30.048581
7701	F	96468992	4399	0x0	0	30.048620
7702	M	96468992	4400	0x0	0	30.048668
7703	M	23068672	4401	0x0	0	30.048982
7704	M	48234496	4402	0x0	0	30.049022
7705	M	67108864	4403	0x0	0	30.049225
7706	F	23068672	4401	0x0	0	30.052808
7707	F	48234496	4402	0x0	0	30.052895
7708	F	134217728	4398	0x0	0	30.052936
7709	M	48234496	4404	0x0	0	30.053110
7710	M	96468992	4405	0x0	0	30.057857
7711	F	48234496	4404	0x0	0	30.063874
7712	F	96468992	4405	0x0	0	30.063922
7713	M	96468992	4406	0x0	0	30.063971
7714	M	134217728	4407	0x0	0	30.064060
7715	M	134217728	4408	0x0	0	30.064113
7716	M	134217728	4409	0x0	0	30.064163
7717	M	98566144	4410	0x0	0	30.068741
7718	F	23068672	4389	0x0	0	30.074750
7719	F	90177536	4356	0x0	0	30.074800
7720	F	96468992	4400	0x0	0	30.074839
7721	F	96468992	4406	0x0	0	30.074877
7722	F	98566144	4410	0x0	0	30.074916
7723	F	134217728	4396	0x0	0	30.074953
7724	F	134217728	4397	0x0	0	30.074990
7725	F	134217728	4407	0x0	0	30.075026
7726	F	134217728	4408	0x0	0	30.075062
7727	F	134217728	4409	0x0	0	30.075100
7728	M	98566144	4411	0x0	0	30.075148
7729	M	23068672	4412	0x0	0	30.076894
7730	M	12582912	4413	0x0	0	30.076948
7731	M	23068672	4414	0x0	0	30.077142
7732	M	90177536	4415	0x0	0	30.077209
7733	M	46137344	4416	0x0	0	30.077287
7734	M	46137344	4417	0x0	0	30.077321
7735	M	46137344	4418	0x0	0	30.077630
7736	M	46137344	4419	0x0	0	30.077661
7737	F	12582912	4355	0x0	0	30.113043
7738	F	12582912	4413	0x0	0	30.113100
7739	F	23068672	4414	0x0	0	30.113141
7740	F	46137344	4416	0x0	0	30.113175
7741	F	46137344	4417	0x0	0	30.113211
7742	F	46137344	4418	0x0	0	30.113249
7743	F	46137344	4419	0x0	0	30.113282
7744	F	71303168	4393	0x0	0	30.113316
7745	F	90177536	4415	0x0	0	30.113352
7746	F	98566144	4411	0x0	0	30.113406
7747	M	39845888	4420	0x0	0	30.113466
7748	M	31457280	4421	0x0	0	30.113902
7749	F	31457280	4421	0x0	0	30.116551
7750	M	31457280	4422	0x0	0	30.116611
7751	F	31457280	4422	0x0	0	30.117443
7752	M	50331648	4423	0x0	0	30.117640
7753	F	50331648	4423	0x0	0	30.117755
7754	M	50331648	4424	0x0	0	30.117793
7755	M	75497472	4425	0x0	0	30.118151
7756	F	12582912	4350	0x0	0	30.119069
7757	F	46137344	4357	0x0	0	30.119111
7758	F	50331648	4424	0x0	0	30.119147
7759	F	75497472	4425	0x0	0	30.119181
7760	M	75497472	4426	0x0	0	30.119220
7761	M	23068672	4427	0x0	0	30.120481
7762	M	23068672	4428	0x0	0	30.120965
7763	M	23068672	4429	0x0	0	30.121009
7764	M	90177536	4430	0x0	0	30.121231
7765	M	46137344	4431	0x0	0	30.121312
7766	M	46137344	4432	0x0	0	30.121346
7767	M	46137344	4433	0x0	0	30.121617
7768	M	46137344	4434	0x0	0	30.121646
7769	F	23068672	4338	0x0	0	30.152349
7770	F	23068672	4339	0x0	0	30.152417
7771	F	23068672	4412	0x0	0	30.152454
7772	F	23068672	4427	0x0	0	30.152488
7773	F	23068672	4428	0x0	0	30.152522
7774	F	23068672	4429	0x0	0	30.152556
7775	F	39845888	4348	0x0	0	30.152595
7776	F	46137344	4433	0x0	0	30.152631
7777	F	46137344	4434	0x0	0	30.152671
7778	F	75497472	4426	0x0	0	30.152705
7779	F	90177536	4430	0x0	0	30.152739
7780	M	48234496	4435	0x0	0	30.152792
7781	M	31457280	4436	0x0	0	30.153124
7782	F	48234496	4435	0x0	0	30.155245
7783	M	50331648	4437	0x0	0	30.155406
7784	M	100663296	4438	0x0	0	30.155711
7785	F	12582912	4336	0x0	0	30.156629
7786	F	50331648	4437	0x0	0	30.156669
7787	F	100663296	4438	0x0	0	30.156707
7788	M	100663296	4439	0x0	0	30.156750
7789	M	90177536	4440	0x0	0	30.158565
7790	M	46137344	4441	0x0	0	30.158648
7791	M	46137344	4442	0x0	0	30.158687
7792	M	46137344	4443	0x0	0	30.158954
7793	M	46137344	4444	0x0	0	30.158987
7794	M	67108864	4445	0x0	0	30.163985
7795	M	67108864	4446	0x0	0	30.164190
7796	F	23068672	4325	0x0	0	30.191241
7797	F	23068672	4326	0x0	0	30.191292
7798	F	23068672	4329	0x0	0	30.191334
7799	F	46137344	4431	0x0	0	30.191392
7800	F	46137344	4432	0x0	0	30.191428
7801	F	46137344	4441	0x0	0	30.191464
7802	F	46137344	4442	0x0	0	30.191498
7803	F	46137344	4443	0x0	0	30.191535
7804	F	46137344	4444	0x0	0	30.191571
7805	F	67108864	4446	0x0	0	30.191605
7806	M	67108864	4447	0x0	0	30.191657
7807	F	67108864	4447	0x0	0	30.194763
7808	M	50331648	4448	0x0	0	30.194942
7809	M	150994944	4449	0x0	0	30.195247
7810	F	50331648	4448	0x0	0	30.196273
7811	F	150994944	4449	0x0	0	30.196311
7812	M	150994944	4450	0x0	0	30.196351
7813	M	67108864	4451	0x0	0	30.196476
7814	M	67108864	4452	0x0	0	30.196526
7815	F	46137344	4305	0x0	0	30.200446
7816	F	67108864	4451	0x0	0	30.200488
7817	F	67108864	4452	0x0	0	30.200523
7818	F	90177536	4440	0x0	0	30.200559
7819	F	100663296	4439	0x0	0	30.200593
7820	F	150994944	4450	0x0	0	30.200627
7821	M	100663296	4453	0x0	0	30.200669
7822	M	23068672	4454	0x0	0	30.202708
7823	F	12582912	4301	0x0	0	30.270831
7824	F	12582912	4302	0x0	0	30.270905
7825	F	12582912	4303	0x0	0	30.270943
7826	F	12582912	4304	0x0	0	30.270983
7827	F	23068672	4454	0x0	0	30.271022
7828	F	100663296	4453	0x0	0	30.271060
7829	M	23068672	4455	0x0	0	30.274081
7830	M	23068672	4456	0x0	0	30.274135
7831	M	23068672	4457	0x0	0	30.274414
7832	M	50331648	4458	0x0	0	30.304871
7833	F	23068672	4306	0x0	0	30.342987
7834	F	23068672	4307	0x0	0	30.343034
7835	F	23068672	4455	0x0	0	30.343075
7836	F	23068672	4456	0x0	0	30.343115
7837	F	23068672	4457	0x0	0	30.343153
7838	F	50331648	4458	0x0	0	30.343194
7839	M	50331648	4459	0x0	0	30.343247
7840	F	50331648	4459	0x0	0	30.345761
7841	M	50331648	4460	0x0	0	30.346183
7842	F	50331648	4460	0x0	0	30.347031
7843	M	50331648	4461	0x0	0	30.347075
7844	M	2097152	4462	0x0	0	30.349402
7845	M	2097152	4463	0x0	0	30.351680
7846	M	2097152	4464	0x0	0	30.351900
7847	M	23068672	4465	0x0	0	30.352519
7848	M	2097152	4466	0x0	0	30.355022
7849	M	2097152	4467	0x0	0	30.355186
7850	M	2097152	4468	0x0	0	30.356307
7851	M	2097152	4469	0x0	0	30.358497
7852	M	2097152	4470	0x0	0	30.358697
7853	M	2097152	4471	0x0	0	30.361761
7854	M	2097152	4472	0x0	0	30.361962
7855	M	2097152	4473	0x0	0	30.363974
7856	M	2097152	4474	0x0	0	30.365231
7857	M	2097152	4475	0x0	0	30.366240
7858	M	2097152	4476	0x0	0	30.368502
7859	M	2097152	4477	0x0	0	30.368726
7860	M	2097152	4478	0x0	0	30.371755
7861	M	2097152	4479	0x0	0	30.371914
7862	M	2097152	4480	0x0	0	30.373024
7863	M	2097152	4481	0x0	0	30.375233
7864	M	2097152	4482	0x0	0	30.375434
7865	M	2097152	4483	0x0	0	30.378563
7866	M	2097152	4484	0x0	0	30.378766
7867	M	2097152	4485	0x0	0	30.380770
7868	M	2097152	4486	0x0	0	30.383982
7869	M	2097152	4487	0x0	0	30.384983
7870	M	2097152	4488	0x0	0	30.387269
7871	M	2097152	4489	0x0	0	30.387494
7872	M	2097152	4490	0x0	0	30.390552
7873	M	2097152	4491	0x0	0	30.390716
7874	M	2097152	4492	0x0	0	30.391834
7875	M	2097152	4493	0x0	0	30.394053
7876	M	2097152	4494	0x0	0	30.394263
7877	M	2097152	4495	0x0	0	30.397341
7878	M	2097152	4496	0x0	0	30.397538
7879	M	2097152	4497	0x0	0	30.399563
7880	M	2097152	4498	0x0	0	30.400807
7881	M	2097152	4499	0x0	0	30.401819
7882	M	2097152	4500	0x0	0	30.404126
7883	M	2097152	4501	0x0	0	30.404355
7884	M	2097152	4502	0x0	0	30.407506
7885	M	2097152	4503	0x0	0	30.407701
7886	M	2097152	4504	0x0	0	30.408821
7887	M	2097152	4505	0x0	0	30.411020
7888	M	2097152	4506	0x0	0	30.411241
7889	M	2097152	4507	0x0	0	30.414320
7890	M	2097152	4508	0x0	0	30.414522
7891	M	2097152	4509	0x0	0	30.416542
7892	M	2097152	4510	0x0	0	30.418247
7893	M	2097152	4511	0x0	0	30.419257
7894	M	2097152	4512	0x0	0	30.421553
7895	M	2097152	4513	0x0	0	30.421796
7896	M	2097152	4514	0x0	0	30.424893
7897	M	2097152	4515	0x0	0	30.425057
7898	M	2097152	4516	0x0	0	30.426192
7899	M	2097152	4517	0x0	0	30.428431
7900	M	2097152	4518	0x0	0	30.428633
7901	M	2097152	4519	0x0	0	30.431741
7902	M	2097152	4520	0x0	0	30.431937
7903	M	2097152	4521	0x0	0	30.433977
7904	M	2097152	4522	0x0	0	30.435241
7905	M	2097152	4523	0x0	0	30.436253
7906	M	2097152	4524	0x0	0	30.438557
7907	M	2097152	4525	0x0	0	30.438785
7908	M	2097152	4526	0x0	0	30.441875
7909	M	2097152	4527	0x0	0	30.442033
7910	M	2097152	4528	0x0	0	30.443254
7911	M	2097152	4529	0x0	0	30.445465
7912	M	2097152	4530	0x0	0	30.445664
7913	M	2097152	4531	0x0	0	30.448725
7914	M	2097152	4532	0x0	0	30.448927
7915	M	2097152	4533	0x0	0	30.450950
7916	M	2097152	4534	0x0	0	30.453239
7917	M	2097152	4535	0x0	0	30.454249
7918	M	2097152	4536	0x0	0	30.456538
7919	M	2097152	4537	0x0	0	30.456761
7920	M	2097152	4538	0x0	0	30.459848
7921	M	2097152	4539	0x0	0	30.460011
7922	M	2097152	4540	0x0	0	30.461131
7923	M	2097152	4541	0x0	0	30.463361
7924	M	2097152	4542	0x0	0	30.463559
7925	M	2097152	4543	0x0	0	30.466677
7926	M	2097152	4544	0x0	0	30.466878
7927	M	2097152	4545	0x0	0	30.468929
7928	M	2097152	4546	0x0	0	30.470193
7929	M	2097152	4547	0x0	0	30.471214
7930	M	2097152	4548	0x0	0	30.473589
7931	M	2097152	4549	0x0	0	30.473825
7932	M	2097152	4550	0x0	0	30.476909
7933	M	2097152	4551	0x0	0	30.477076
7934	M	2097152	4552	0x0	0	30.478197
7935	M	2097152	4553	0x0	0	30.480420
7936	M	2097152	4554	0x0	0	30.480618
7937	M	2097152	4555	0x0	0	30.483729
7938	M	2097152	4556	0x0	0	30.483937
7939	M	2097152	4557	0x0	0	30.485996
7940	F	12582912	4270	0x0	0	30.629629
7941	F	12582912	4271	0x0	0	30.629685
7942	F	12582912	4272	0x0	0	30.629728
7943	F	12582912	4273	0x0	0	30.629765
7944	F	12582912	4274	0x0	0	30.629805
7945	F	12582912	4283	0x0	0	30.629842
7946	F	12582912	4290	0x0	0	30.629897
7947	F	12582912	4291	0x0	0	30.629935
7948	F	20971520	4275	0x0	0	30.629972
7949	F	23068672	4277	0x0	0	30.630010
7950	F	23068672	4278	0x0	0	30.630046
7951	F	23068672	4279	0x0	0	30.630083
7952	F	23068672	4280	0x0	0	30.630122
7953	F	23068672	4281	0x0	0	30.630158
7954	F	23068672	4282	0x0	0	30.630194
7955	F	23068672	4285	0x0	0	30.630235
7956	F	23068672	4286	0x0	0	30.630271
7957	F	23068672	4287	0x0	0	30.630307
7958	F	23068672	4293	0x0	0	30.630345
7959	F	23068672	4294	0x0	0	30.630383
7960	F	23068672	4295	0x0	0	30.630418
7961	F	23068672	4296	0x0	0	30.630455
7962	F	23068672	4298	0x0	0	30.630493
7963	F	23068672	4465	0x0	0	30.630530
7964	F	46137344	4276	0x0	0	30.630567
7965	F	50331648	4461	0x0	0	30.630606
7966	M	2097152	4558	0x0	0	30.646132
7967	M	23068672	4559	0x0	0	30.646380
7968	M	23068672	4560	0x0	0	30.646426
7969	M	12582912	4561	0x0	0	30.646472
7970	M	23068672	4562	0x0	0	30.646654
7971	M	23068672	4563	0x0	0	30.646813
7972	M	2097152	4564	0x0	0	30.646877
7973	M	2097152	4565	0x0	0	30.647178
7974	M	23068672	4566	0x0	0	30.647403
7975	M	23068672	4567	0x0	0	30.647445
7976	M	12582912	4568	0x0	0	30.647489
7977	M	90177536	4569	0x0	0	30.647701
7978	M	46137344	4570	0x0	0	30.647779
7979	M	46137344	4571	0x0	0	30.647817
7980	M	46137344	4572	0x0	0	30.648106
7981	M	46137344	4573	0x0	0	30.648141
7982	M	2097152	4574	0x0	0	30.648339
7983	M	2097152	4575	0x0	0	30.655963
7984	F	23068672	4256	0x0	0	30.714127
7985	F	23068672	4257	0x0	0	30.714184
7986	F	23068672	4259	0x0	0	30.714228
7987	F	23068672	4559	0x0	0	30.714268
7988	F	23068672	4560	0x0	0	30.714309
7989	F	23068672	4562	0x0	0	30.714347
7990	F	23068672	4563	0x0	0	30.714383
7991	F	23068672	4566	0x0	0	30.714437
7992	F	23068672	4567	0x0	0	30.714472
7993	F	31457280	4436	0x0	0	30.714512
7994	F	46137344	4570	0x0	0	30.714548
7995	F	46137344	4571	0x0	0	30.714585
7996	F	46137344	4572	0x0	0	30.714620
7997	F	46137344	4573	0x0	0	30.714656
7998	F	67108864	4445	0x0	0	30.714696
7999	F	90177536	4569	0x0	0	30.714732
8000	F	2097152	4575	0x0	0	30.714767
8001	M	31457280	4576	0x0	0	30.715127
8002	F	31457280	4576	0x0	0	30.716288
8003	M	50331648	4577	0x0	0	30.716478
8004	F	12582912	4561	0x0	0	30.717729
8005	F	39845888	4420	0x0	0	30.717778
8006	F	50331648	4577	0x0	0	30.717817
8007	F	12582912	4261	0x0	0	30.731615
8008	F	12582912	4568	0x0	0	30.731666
8009	M	48234496	4578	0x0	0	30.732032
8010	M	46137344	4579	0x0	0	30.732233
8011	M	48234496	4580	0x0	0	30.732449
8012	M	2097152	4581	0x0	0	30.734450
8013	M	2097152	4582	0x0	0	30.738183
8014	M	2097152	4583	0x0	0	30.740003
8015	M	2097152	4584	0x0	0	30.741827
8016	M	2097152	4585	0x0	0	30.743644
8017	M	2097152	4586	0x0	0	30.745496
8018	M	2097152	4587	0x0	0	30.747335
8019	M	2097152	4588	0x0	0	30.749158
8020	M	2097152	4589	0x0	0	30.751071
8021	M	2097152	4590	0x0	0	30.752897
8022	M	2097152	4591	0x0	0	30.754717
8023	M	2097152	4592	0x0	0	30.756538
8024	M	2097152	4593	0x0	0	30.758363
8025	M	2097152	4594	0x0	0	30.761845
8026	M	2097152	4595	0x0	0	30.763707
8027	M	2097152	4596	0x0	0	30.765546
8028	M	2097152	4597	0x0	0	30.767353
8029	M	2097152	4598	0x0	0	30.769156
8030	M	2097152	4599	0x0	0	30.770993
8031	M	2097152	4600	0x0	0	30.772803
8032	M	2097152	4601	0x0	0	30.774627
8033	M	2097152	4602	0x0	0	30.776439
8034	M	2097152	4603	0x0	0	30.778241
8035	M	2097152	4604	0x0	0	30.780113
8036	M	2097152	4605	0x0	0	30.781920
8037	M	2097152	4606	0x0	0	30.783744
8038	M	2097152	4607	0x0	0	30.785538
8039	M	2097152	4608	0x0	0	30.787355
8040	M	2097152	4609	0x0	0	30.789163
8041	M	2097152	4610	0x0	0	30.790965
8042	M	2097152	4611	0x0	0	30.793183
8043	M	2097152	4612	0x0	0	30.818801
8044	M	2097152	4613	0x0	0	30.818840
8045	M	2097152	4614	0x0	0	30.818874
8046	M	2097152	4615	0x0	0	30.818894
8047	M	2097152	4616	0x0	0	30.818914
8048	M	2097152	4617	0x0	0	30.818933
8049	M	2097152	4618	0x0	0	30.818953
8050	M	2097152	4619	0x0	0	30.818982
8051	M	2097152	4620	0x0	0	30.819000
8052	M	2097152	4621	0x0	0	30.819017
8053	M	2097152	4622	0x0	0	30.819036
8054	M	2097152	4623	0x0	0	30.819054
8055	M	2097152	4624	0x0	0	30.819074
8056	M	2097152	4625	0x0	0	30.819090
8057	M	2097152	4626	0x0	0	30.819120
8058	M	2097152	4627	0x0	0	30.819139
8059	M	2097152	4628	0x0	0	30.819160
8060	M	2097152	4629	0x0	0	30.819187
8061	M	2097152	4630	0x0	0	30.819204
8062	M	2097152	4631	0x0	0	30.819223
8063	M	2097152	4632	0x0	0	30.819239
8064	M	2097152	4633	0x0	0	30.819256
8065	M	2097152	4634	0x0	0	30.819275
8066	M	2097152	4635	0x0	0	30.819293
8067	M	2097152	4636	0x0	0	30.819309
8068	M	2097152	4637	0x0	0	30.819326
8069	M	2097152	4638	0x0	0	30.819344
8070	M	2097152	4639	0x0	0	30.819359
8071	M	2097152	4640	0x0	0	30.819376
8072	M	2097152	4641	0x0	0	30.819396
8073	M	2097152	4642	0x0	0	30.819412
8074	M	2097152	4643	0x0	0	30.819441
8075	M	2097152	4644	0x0	0	30.819459
8076	M	2097152	4645	0x0	0	30.819479
8077	M	2097152	4646	0x0	0	30.819496
8078	M	2097152	4647	0x0	0	30.819512
8079	M	2097152	4648	0x0	0	30.819530
8080	M	2097152	4649	0x0	0	30.819548
8081	M	2097152	4650	0x0	0	30.819567
8082	M	2097152	4651	0x0	0	30.819588
8083	M	2097152	4652	0x0	0	30.819606
8084	M	2097152	4653	0x0	0	30.819625
8085	M	2097152	4654	0x0	0	30.819641
8086	M	2097152	4655	0x0	0	30.819658
8087	M	2097152	4656	0x0	0	30.819675
8088	M	2097152	4657	0x0	0	30.819694
8089	M	2097152	4658	0x0	0	30.819710
8090	M	2097152	4659	0x0	0	30.819728
8091	M	2097152	4660	0x0	0	30.819744
8092	M	2097152	4661	0x0	0	30.819764
8093	M	2097152	4662	0x0	0	30.819785
8094	M	2097152	4663	0x0	0	30.819802
8095	M	2097152	4664	0x0	0	30.819819
8096	M	2097152	4665	0x0	0	30.819839
8097	M	2097152	4666	0x0	0	30.819858
8098	M	2097152	4667	0x0	0	30.819877
8099	M	2097152	4668	0x0	0	30.819894
8100	M	2097152	4669	0x0	0	30.819912
8101	M	2097152	4670	0x0	0	30.819928
8102	M	2097152	4671	0x0	0	30.819947
8103	M	2097152	4672	0x0	0	30.819966
8104	M	2097152	4673	0x0	0	30.819983
8105	M	2097152	4674	0x0	0	30.820003
8106	M	2097152	4675	0x0	0	30.820021
8107	M	2097152	4676	0x0	0	30.820038
8108	M	2097152	4677	0x0	0	30.820054
8109	M	2097152	4678	0x0	0	30.820071
8110	M	2097152	4679	0x0	0	30.820096
8111	M	2097152	4680	0x0	0	30.820121
8112	M	2097152	4681	0x0	0	30.820138
8113	M	2097152	4682	0x0	0	30.820156
8114	M	2097152	4683	0x0	0	30.820174
8115	M	2097152	4684	0x0	0	30.820191
8116	M	2097152	4685	0x0	0	30.820208
8117	M	2097152	4686	0x0	0	30.820236
8118	M	2097152	4687	0x0	0	30.820256
8119	M	2097152	4688	0x0	0	30.820272
8120	M	2097152	4689	0x0	0	30.820292
8121	M	2097152	4690	0x0	0	30.820309
8122	M	2097152	4691	0x0	0	30.820328
8123	M	2097152	4692	0x0	0	30.820344
8124	M	2097152	4693	0x0	0	30.820360
8125	M	2097152	4694	0x0	0	30.820377
8126	M	2097152	4695	0x0	0	30.820396
8127	M	2097152	4696	0x0	0	30.820427
8128	M	2097152	4697	0x0	0	30.820444
8129	M	2097152	4698	0x0	0	30.820462
8130	M	2097152	4699	0x0	0	30.820479
8131	M	2097152	4700	0x0	0	30.820496
8132	M	2097152	4701	0x0	0	30.820514
8133	M	2097152	4702	0x0	0	30.820532
8134	M	2097152	4703	0x0	0	30.820550
8135	M	2097152	4704	0x0	0	30.820566
8136	M	2097152	4705	0x0	0	30.820584
8137	M	2097152	4706	0x0	0	30.820602
8138	M	2097152	4707	0x0	0	30.820620
8139	M	2097152	4708	0x0	0	30.820639
8140	M	2097152	4709	0x0	0	30.820656
8141	M	2097152	4710	0x0	0	30.820675
8142	M	2097152	4711	0x0	0	30.820691
8143	M	2097152	4712	0x0	0	30.820709
8144	M	2097152	4713	0x0	0	30.820729
8145	M	2097152	4714	0x0	0	30.820747
8146	M	2097152	4715	0x0	0	30.820767
8147	M	2097152	4716	0x0	0	30.820802
8148	M	2097152	4717	0x0	0	30.820861
8149	M	2097152	4718	0x0	0	30.820920
8150	M	2097152	4719	0x0	0	30.820942
8151	M	2097152	4720	0x0	0	30.820959
8152	M	2097152	4721	0x0	0	30.820977
8153	M	2097152	4722	0x0	0	30.820994
8154	M	2097152	4723	0x0	0	30.821011
8155	M	2097152	4724	0x0	0	30.821028
8156	M	2097152	4725	0x0	0	30.821046
8157	M	2097152	4726	0x0	0	30.821063
8158	M	2097152	4727	0x0	0	30.821080
8159	M	2097152	4728	0x0	0	30.821100
8160	M	2097152	4729	0x0	0	30.821119
8161	M	2097152	4730	0x0	0	30.821141
8162	M	2097152	4731	0x0	0	30.821158
8163	M	2097152	4732	0x0	0	30.821176
8164	M	2097152	4733	0x0	0	30.821193
8165	M	2097152	4734	0x0	0	30.821211
8166	M	2097152	4735	0x0	0	30.821229
8167	M	2097152	4736	0x0	0	30.821259
8168	M	2097152	4737	0x0	0	30.821277
8169	M	2097152	4738	0x0	0	30.821295
8170	M	2097152	4739	0x0	0	30.821315
8171	F	23068672	4246	0x0	0	30.939169
8172	F	46137344	4247	0x0	0	30.939244
8173	F	46137344	4579	0x0	0	30.939291
8174	F	48234496	4250	0x0	0	30.939335
8175	F	48234496	4578	0x0	0	30.939377
8176	F	48234496	4580	0x0	0	30.939443
8177	F	67108864	4403	0x0	0	30.939491
8178	F	90177536	4385	0x0	0	30.939532
8179	F	2097152	4088	0x0	0	30.939595
8180	F	2097152	4462	0x0	0	30.939604
8181	F	2097152	4463	0x0	0	30.939612
8182	F	2097152	4464	0x0	0	30.939618
8183	F	2097152	4466	0x0	0	30.939624
8184	F	2097152	4467	0x0	0	30.939632
8185	F	2097152	4468	0x0	0	30.939638
8186	F	2097152	4469	0x0	0	30.939644
8187	F	2097152	4470	0x0	0	30.939651
8188	F	2097152	4471	0x0	0	30.939657
8189	F	2097152	4472	0x0	0	30.939662
8190	F	2097152	4473	0x0	0	30.939667
8191	F	2097152	4474	0x0	0	30.939672
8192	F	2097152	4475	0x0	0	30.939684
8193	F	2097152	4476	0x0	0	30.939690
8194	F	2097152	4477	0x0	0	30.939695
8195	F	2097152	4478	0x0	0	30.939700
8196	F	2097152	4479	0x0	0	30.939705
8197	F	2097152	4480	0x0	0	30.939711
8198	F	2097152	4481	0x0	0	30.939716
8199	F	2097152	4482	0x0	0	30.939721
8200	F	2097152	4483	0x0	0	30.939726
8201	F	2097152	4484	0x0	0	30.939731
8202	F	2097152	4485	0x0	0	30.939738
8203	F	2097152	4486	0x0	0	30.939744
8204	F	2097152	4487	0x0	0	30.939749
8205	F	2097152	4488	0x0	0	30.939754
8206	F	2097152	4489	0x0	0	30.939760
8207	F	2097152	4490	0x0	0	30.939765
8208	F	2097152	4491	0x0	0	30.939770
8209	F	2097152	4492	0x0	0	30.939775
8210	F	2097152	4493	0x0	0	30.939781
8211	F	2097152	4494	0x0	0	30.939786
8212	F	2097152	4495	0x0	0	30.939791
8213	F	2097152	4496	0x0	0	30.939796
8214	F	2097152	4497	0x0	0	30.939802
8215	F	2097152	4498	0x0	0	30.939807
8216	F	2097152	4499	0x0	0	30.939812
8217	F	2097152	4500	0x0	0	30.939817
8218	F	2097152	4501	0x0	0	30.939821
8219	F	2097152	4502	0x0	0	30.939826
8220	F	2097152	4503	0x0	0	30.939831
8221	F	2097152	4504	0x0	0	30.939836
8222	F	2097152	4505	0x0	0	30.939841
8223	F	2097152	4506	0x0	0	30.939846
8224	F	2097152	4507	0x0	0	30.939852
8225	F	2097152	4508	0x0	0	30.939857
8226	F	2097152	4509	0x0	0	30.939863
8227	F	2097152	4510	0x0	0	30.939868
8228	F	2097152	4511	0x0	0	30.939873
8229	F	2097152	4512	0x0	0	30.939878
8230	F	2097152	4513	0x0	0	30.939883
8231	F	2097152	4514	0x0	0	30.939888
8232	F	2097152	4515	0x0	0	30.939893
8233	F	2097152	4516	0x0	0	30.939898
8234	F	2097152	4517	0x0	0	30.939903
8235	F	2097152	4518	0x0	0	30.939908
8236	F	2097152	4519	0x0	0	30.939913
8237	F	2097152	4520	0x0	0	30.939919
8238	F	2097152	4521	0x0	0	30.939924
8239	F	2097152	4522	0x0	0	30.939929
8240	F	2097152	4523	0x0	0	30.939933
8241	F	2097152	4524	0x0	0	30.939938
8242	F	2097152	4525	0x0	0	30.939944
8243	F	2097152	4526	0x0	0	30.939948
8244	F	2097152	4527	0x0	0	30.939953
8245	F	2097152	4528	0x0	0	30.939958
8246	F	2097152	4529	0x0	0	30.939964
8247	F	2097152	4530	0x0	0	30.939969
8248	F	2097152	4531	0x0	0	30.939973
8249	F	2097152	4532	0x0	0	30.939978
8250	F	2097152	4533	0x0	0	30.939983
8251	F	2097152	4534	0x0	0	30.939988
8252	F	2097152	4535	0x0	0	30.939993
8253	F	2097152	4536	0x0	0	30.939997
8254	F	2097152	4537	0x0	0	30.940002
8255	F	2097152	4538	0x0	0	30.940007
8256	F	2097152	4539	0x0	0	30.940013
8257	F	2097152	4540	0x0	0	30.940018
8258	F	2097152	4541	0x0	0	30.940023
8259	F	2097152	4542	0x0	0	30.940028
8260	F	2097152	4543	0x0	0	30.940033
8261	F	2097152	4544	0x0	0	30.940038
8262	F	2097152	4545	0x0	0	30.940042
8263	F	2097152	4546	0x0	0	30.940048
8264	F	2097152	4547	0x0	0	30.940052
8265	F	2097152	4548	0x0	0	30.940057
8266	F	2097152	4549	0x0	0	30.940062
8267	F	2097152	4550	0x0	0	30.940067
8268	F	2097152	4551	0x0	0	30.940071
8269	F	2097152	4552	0x0	0	30.940076
8270	F	2097152	4553	0x0	0	30.940081
8271	F	2097152	4554	0x0	0	30.940086
8272	F	2097152	4555	0x0	0	30.940091
8273	F	2097152	4556	0x0	0	30.940098
8274	F	2097152	4557	0x0	0	30.940105
8275	F	2097152	4558	0x0	0	30.940113
8276	F	2097152	4564	0x0	0	30.940118
8277	F	2097152	4565	0x0	0	30.940123
8278	F	2097152	4581	0x0	0	30.940130
8279	F	2097152	4582	0x0	0	30.940136
8280	F	2097152	4583	0x0	0	30.940141
8281	F	2097152	4584	0x0	0	30.940148
8282	F	2097152	4585	0x0	0	30.940153
8283	F	2097152	4586	0x0	0	30.940158
8284	F	2097152	4587	0x0	0	30.940163
8285	F	2097152	4588	0x0	0	30.940167
8286	F	2097152	4589	0x0	0	30.940172
8287	F	2097152	4590	0x0	0	30.940179
8288	F	2097152	4591	0x0	0	30.940184
8289	F	2097152	4592	0x0	0	30.940190
8290	F	2097152	4593	0x0	0	30.940195
8291	F	2097152	4594	0x0	0	30.940199
8292	F	2097152	4595	0x0	0	30.940204
8293	F	2097152	4596	0x0	0	30.940212
8294	F	2097152	4597	0x0	0	30.940218
8295	F	2097152	4598	0x0	0	30.940223
8296	F	2097152	4599	0x0	0	30.940228
8297	F	2097152	4600	0x0	0	30.940233
8298	F	2097152	4601	0x0	0	30.940238
8299	F	2097152	4602	0x0	0	30.940243
8300	F	2097152	4603	0x0	0	30.940248
8301	F	2097152	4604	0x0	0	30.940252
8302	F	2097152	4605	0x0	0	30.940257
8303	F	2097152	4606	0x0	0	30.940263
8304	F	2097152	4607	0x0	0	30.940268
8305	F	2097152	4608	0x0	0	30.940273
8306	F	2097152	4609	0x0	0	30.940277
8307	F	2097152	4610	0x0	0	30.940282
8308	F	2097152	4611	0x0	0	30.940286
8309	F	2097152	4612	0x0	0	30.940291
8310	F	2097152	4613	0x0	0	30.940296
8311	F	2097152	4614	0x0	0	30.940302
8312	F	2097152	4615	0x0	0	30.940306
8313	F	2097152	4616	0x0	0	30.940312
8314	F	2097152	4617	0x0	0	30.940317
8315	F	2097152	4618	0x0	0	30.940322
8316	F	2097152	4619	0x0	0	30.940326
8317	F	2097152	4620	0x0	0	30.940331
8318	F	2097152	4621	0x0	0	30.940335
8319	F	2097152	4622	0x0	0	30.940340
8320	F	2097152	4623	0x0	0	30.940344
8321	F	2097152	4624	0x0	0	30.940349
8322	F	2097152	4625	0x0	0	30.940354
8323	F	2097152	4626	0x0	0	30.940360
8324	F	2097152	4627	0x0	0	30.940364
8325	F	2097152	4628	0x0	0	30.940368
8326	F	2097152	4629	0x0	0	30.940373
8327	F	2097152	4630	0x0	0	30.940377
8328	F	2097152	4631	0x0	0	30.940382
8329	F	2097152	4632	0x0	0	30.940386
8330	F	2097152	4633	0x0	0	30.940390
8331	F	2097152	4634	0x0	0	30.940395
8332	F	2097152	4635	0x0	0	30.940399
8333	F	2097152	4636	0x0	0	30.940403
8334	F	2097152	4637	0x0	0	30.940408
8335	F	2097152	4638	0x0	0	30.940412
8336	F	2097152	4639	0x0	0	30.940417
8337	F	2097152	4640	0x0	0	30.940421
8338	F	2097152	4641	0x0	0	30.940426
8339	F	2097152	4642	0x0	0	30.940431
8340	F	2097152	4643	0x0	0	30.940435
8341	F	2097152	4644	0x0	0	30.940439
8342	F	2097152	4645	0x0	0	30.940444
8343	F	2097152	4646	0x0	0	30.940448
8344	F	2097152	4647	0x0	0	30.940453
8345	F	2097152	4648	0x0	0	30.940458
8346	F	2097152	4649	0x0	0	30.940463
8347	F	2097152	4650	0x0	0	30.940467
8348	F	2097152	4651	0x0	0	30.940471
8349	F	2097152	4652	0x0	0	30.940475
8350	F	2097152	4653	0x0	0	30.940552
8351	F	2097152	4654	0x0	0	30.940660
8352	F	2097152	4655	0x0	0	30.940764
8353	F	2097152	4656	0x0	0	30.940870
8354	F	2097152	4657	0x0	0	30.940974
8355	F	2097152	4658	0x0	0	30.941079
8356	F	2097152	4659	0x0	0	30.941184
8357	F	2097152	4660	0x0	0	30.941289
8358	F	2097152	4661	0x0	0	30.941392
8359	F	2097152	4662	0x0	0	30.941512
8360	F	2097152	4663	0x0	0	30.941615
8361	F	2097152	4664	0x0	0	30.941720
8362	F	2097152	4665	0x0	0	30.941829
8363	F	2097152	4666	0x0	0	30.941931
8364	F	2097152	4667	0x0	0	30.942033
8365	F	2097152	4668	0x0	0	30.942134
8366	F	2097152	4669	0x0	0	30.942234
8367	F	2097152	4670	0x0	0	30.942334
8368	F	2097152	4671	0x0	0	30.942434
8369	F	2097152	4672	0x0	0	30.942536
8370	F	2097152	4673	0x0	0	30.942641
8371	F	2097152	4674	0x0	0	30.942743
8372	F	2097152	4675	0x0	0	30.942845
8373	F	2097152	4676	0x0	0	30.942946
8374	F	2097152	4677	0x0	0	30.943048
8375	F	2097152	4678	0x0	0	30.943154
8376	F	2097152	4679	0x0	0	30.943258
8377	F	2097152	4680	0x0	0	30.943364
8378	F	2097152	4681	0x0	0	30.943469
8379	F	2097152	4682	0x0	0	30.943573
8380	F	2097152	4683	0x0	0	30.943678
8381	F	2097152	4684	0x0	0	30.943781
8382	F	2097152	4685	0x0	0	30.943887
8383	F	2097152	4686	0x0	0	30.943988
8384	F	2097152	4687	0x0	0	30.944096
8385	F	2097152	4688	0x0	0	30.944201
8386	F	2097152	4689	0x0	0	30.944304
8387	F	2097152	4690	0x0	0	30.944403
8388	F	2097152	4691	0x0	0	30.944505
8389	F	2097152	4692	0x0	0	30.944609
8390	F	2097152	4693	0x0	0	30.944711
8391	F	2097152	4694	0x0	0	30.944814
8392	F	2097152	4695	0x0	0	30.944917
8393	F	2097152	4696	0x0	0	30.945018
8394	F	2097152	4697	0x0	0	30.945122
8395	F	2097152	4698	0x0	0	30.945226
8396	F	2097152	4699	0x0	0	30.945329
8397	F	2097152	4700	0x0	0	30.945431
8398	F	2097152	4701	0x0	0	30.945534
8399	F	2097152	4702	0x0	0	30.945638
8400	F	2097152	4703	0x0	0	30.945739
8401	F	2097152	4704	0x0	0	30.945841
8402	F	2097152	4705	0x0	0	30.945943
8403	F	2097152	4706	0x0	0	30.946045
8404	F	2097152	4707	0x0	0	30.946150
8405	F	2097152	4708	0x0	0	30.946257
8406	F	2097152	4709	0x0	0	30.946358
8407	F	2097152	4710	0x0	0	30.946461
8408	F	2097152	4711	0x0	0	30.946562
8409	F	2097152	4712	0x0	0	30.946665
8410	F	2097152	4713	0x0	0	30.946767
8411	F	2097152	4714	0x0	0	30.946870
8412	F	2097152	4715	0x0	0	30.946971
8413	F	2097152	4716	0x0	0	30.947075
8414	F	2097152	4717	0x0	0	30.947177
8415	F	2097152	4718	0x0	0	30.947282
8416	F	2097152	4719	0x0	0	30.947385
8417	F	2097152	4720	0x0	0	30.947506
8418	F	2097152	4721	0x0	0	30.947609
8419	F	2097152	4722	0x0	0	30.947712
8420	F	2097152	4723	0x0	0	30.947814
8421	F	2097152	4724	0x0	0	30.947915
8422	F	2097152	4725	0x0	0	30.948017
8423	F	2097152	4726	0x0	0	30.948122
8424	F	2097152	4727	0x0	0	30.948223
8425	F	2097152	4728	0x0	0	30.948328
8426	F	2097152	4729	0x0	0	30.948429
8427	F	2097152	4730	0x0	0	30.948535
8428	F	2097152	4731	0x0	0	30.948641
8429	F	2097152	4732	0x0	0	30.948746
8430	F	2097152	4733	0x0	0	30.948851
8431	F	2097152	4734	0x0	0	30.948956
8432	F	2097152	4735	0x0	0	30.949064
8433	F	2097152	4736	0x0	0	30.949168
8434	F	2097152	4737	0x0	0	30.949274
8435	F	2097152	4738	0x0	0	30.949379
8436	F	2097152	4739	0x0	0	30.949498
8437	M	20971520	4740	0x0	0	30.991561
8438	M	23068672	4741	0x0	0	30.992382
8439	M	44040192	4742	0x0	0	30.992686
8440	M	44040192	4743	0x0	0	30.992730
8441	M	46137344	4744	0x0	0	30.992828
8442	M	46137344	4745	0x0	0	30.993350
8443	M	50331648	4746	0x0	0	30.994125
8444	M	88080384	4747	0x0	0	30.996074
8445	M	44040192	4748	0x0	0	30.996182
8446	M	44040192	4749	0x0	0	31.001851
8447	M	44040192	4750	0x0	0	31.001898
8448	M	23068672	4751	0x0	0	31.038862
8449	M	23068672	4752	0x0	0	31.043290
8450	M	23068672	4753	0x0	0	31.051137
8451	M	23068672	4754	0x0	0	31.051184
8452	M	23068672	4755	0x0	0	31.057120
8453	M	23068672	4756	0x0	0	31.058867
8454	M	23068672	4757	0x0	0	31.060499
8455	M	23068672	4758	0x0	0	31.068405
8456	M	23068672	4759	0x0	0	31.073894
8457	M	23068672	4760	0x0	0	31.075531
8458	M	2097152	4761	0x0	0	31.078350
8459	M	2097152	4762	0x0	0	31.080029
8460	M	2097152	4763	0x0	0	31.081645
8461	M	23068672	4764	0x0	0	31.082065
8462	M	2097152	4765	0x0	0	31.083254
8463	M	23068672	4766	0x0	0	31.083768
8464	M	2097152	4767	0x0	0	31.084959
8465	M	2097152	4768	0x0	0	31.086633
8466	M	2097152	4769	0x0	0	31.086851
8467	M	2097152	4770	0x0	0	31.088467
8468	M	2097152	4771	0x0	0	31.090775
8469	M	2097152	4772	0x0	0	31.092450
8470	M	23068672	4773	0x0	0	31.092972
8471	M	2097152	4774	0x0	0	31.094254
8472	M	2097152	4775	0x0	0	31.095891
8473	M	2097152	4776	0x0	0	31.096086
8474	M	2097152	4777	0x0	0	31.097706
8475	M	23068672	4778	0x0	0	31.098117
8476	M	2097152	4779	0x0	0	31.099393
8477	M	2097152	4780	0x0	0	31.100882
8478	M	2097152	4781	0x0	0	31.102569
8479	M	2097152	4782	0x0	0	31.104142
8480	M	2097152	4783	0x0	0	31.104338
8481	M	23068672	4784	0x0	0	31.104709
8482	M	2097152	4785	0x0	0	31.105991
8483	M	98566144	4786	0x0	0	31.106568
8484	M	65011712	4787	0x0	0	31.106856
8485	M	67108864	4788	0x0	0	31.106974
8486	M	44040192	4789	0x0	0	31.110682
8487	M	44040192	4790	0x0	0	31.110726
8488	M	44040192	4791	0x0	0	31.113039
8489	M	44040192	4792	0x0	0	31.114660
8490	M	44040192	4793	0x0	0	31.117051
8491	M	195035136	4794	0x0	0	31.118774
8492	M	130023424	4795	0x0	0	31.119048
8493	M	130023424	4796	0x0	0	31.119108
8494	M	88080384	4797	0x0	0	31.128205
8495	M	69206016	4798	0x0	0	31.128303
8496	M	88080384	4799	0x0	0	31.129156
8497	M	130023424	4800	0x0	0	31.130379
8498	M	130023424	4801	0x0	0	31.131136
8499	M	146800640	4802	0x0	0	31.153756
8500	M	2097152	4803	0x0	0	31.242215
8501	M	2097152	4804	0x0	0	31.242409
8502	M	2097152	4805	0x0	0	31.245514
8503	M	2097152	4806	0x0	0	31.245720
8504	M	2097152	4807	0x0	0	31.248825
8505	M	2097152	4808	0x0	0	31.249013
8506	M	2097152	4809	0x0	0	31.253957
8507	M	2097152	4810	0x0	0	31.254088
8508	M	2097152	4811	0x0	0	31.254271
8509	M	2097152	4812	0x0	0	31.257413
8510	M	2097152	4813	0x0	0	31.257595
8511	M	2097152	4814	0x0	0	31.260717
8512	M	2097152	4815	0x0	0	31.260916
8513	M	2097152	4816	0x0	0	31.264047
8514	M	2097152	4817	0x0	0	31.264242
8515	M	2097152	4818	0x0	0	31.267314
8516	M	2097152	4819	0x0	0	31.267445
8517	M	2097152	4820	0x0	0	31.267617
8518	M	2097152	4821	0x0	0	31.270751
8519	M	2097152	4822	0x0	0	31.270937
8520	M	2097152	4823	0x0	0	31.274049
8521	M	2097152	4824	0x0	0	31.274263
8522	M	2097152	4825	0x0	0	31.277388
8523	M	2097152	4826	0x0	0	31.277592
8524	M	2097152	4827	0x0	0	31.280661
8525	M	2097152	4828	0x0	0	31.280788
8526	M	2097152	4829	0x0	0	31.280953
8527	M	2097152	4830	0x0	0	31.284103
8528	M	2097152	4831	0x0	0	31.284291
8529	M	2097152	4832	0x0	0	31.287867
8530	M	2097152	4833	0x0	0	31.288068
8531	M	2097152	4834	0x0	0	31.291201
8532	M	2097152	4835	0x0	0	31.291382
8533	M	2097152	4836	0x0	0	31.294462
8534	M	2097152	4837	0x0	0	31.294590
8535	M	2097152	4838	0x0	0	31.294772
8536	M	2097152	4839	0x0	0	31.297940
8537	M	2097152	4840	0x0	0	31.298133
8538	M	2097152	4841	0x0	0	31.301246
8539	M	2097152	4842	0x0	0	31.301442
8540	M	2097152	4843	0x0	0	31.304553
8541	M	2097152	4844	0x0	0	31.304751
8542	M	2097152	4845	0x0	0	31.307852
8543	M	2097152	4846	0x0	0	31.307979
8544	M	2097152	4847	0x0	0	31.308153
8545	M	2097152	4848	0x0	0	31.311283
8546	M	2097152	4849	0x0	0	31.311468
8547	M	2097152	4850	0x0	0	31.314599
8548	M	2097152	4851	0x0	0	31.314801
8549	M	2097152	4852	0x0	0	31.317928
8550	M	2097152	4853	0x0	0	31.318115
8551	M	2097152	4854	0x0	0	31.343068
8552	M	2097152	4855	0x0	0	31.343204
8553	M	2097152	4856	0x0	0	31.343377
8554	M	2097152	4857	0x0	0	31.346532
8555	M	2097152	4858	0x0	0	31.346716
8556	M	2097152	4859	0x0	0	31.349837
8557	M	2097152	4860	0x0	0	31.350039
8558	M	2097152	4861	0x0	0	31.399047
8559	M	2097152	4862	0x0	0	31.399236
8560	M	2097152	4863	0x0	0	31.402351
8561	M	2097152	4864	0x0	0	31.402482
8562	M	2097152	4865	0x0	0	31.402652
8563	M	2097152	4866	0x0	0	31.405803
8564	M	2097152	4867	0x0	0	31.405985
8565	M	2097152	4868	0x0	0	31.409131
8566	M	2097152	4869	0x0	0	31.409344
8567	M	2097152	4870	0x0	0	31.430806
8568	M	2097152	4871	0x0	0	31.431006
8569	M	2097152	4872	0x0	0	31.434211
8570	M	2097152	4873	0x0	0	31.434344
8571	M	2097152	4874	0x0	0	31.434517
8572	M	2097152	4875	0x0	0	31.437725
8573	M	2097152	4876	0x0	0	31.437913
8574	M	2097152	4877	0x0	0	31.454572
8575	M	2097152	4878	0x0	0	31.455081
8576	M	2097152	4879	0x0	0	31.455426
8577	M	2097152	4880	0x0	0	31.458929
8578	M	2097152	4881	0x0	0	31.480848
8579	M	2097152	4882	0x0	0	31.486295
8580	M	2097152	4883	0x0	0	31.486565
8581	M	2097152	4884	0x0	0	31.486683
8582	M	2097152	4885	0x0	0	31.509373
8583	M	2097152	4886	0x0	0	31.511207
8584	M	2097152	4887	0x0	0	31.513647
8585	M	2097152	4888	0x0	0	31.516698
8586	M	2097152	4889	0x0	0	31.518534
8587	M	2097152	4890	0x0	0	31.530951
8588	M	2097152	4891	0x0	0	31.534516
8589	M	2097152	4892	0x0	0	31.536356
8590	M	2097152	4893	0x0	0	31.538163
8591	M	2097152	4894	0x0	0	31.541200
8592	M	2097152	4895	0x0	0	31.556878
8593	M	2097152	4896	0x0	0	31.559224
8594	M	2097152	4897	0x0	0	31.562255
8595	M	2097152	4898	0x0	0	31.564056
8596	M	2097152	4899	0x0	0	31.565885
8597	M	2097152	4900	0x0	0	31.569401
8598	M	2097152	4901	0x0	0	31.581510
8599	M	2097152	4902	0x0	0	31.583814
8600	M	2097152	4903	0x0	0	31.587363
8601	M	2097152	4904	0x0	0	31.589186
8602	M	2097152	4905	0x0	0	31.592222
8603	M	2097152	4906	0x0	0	31.594023
8604	M	2097152	4907	0x0	0	31.606066
8605	M	2097152	4908	0x0	0	31.660139
8606	M	2097152	4909	0x0	0	31.660181
8607	M	2097152	4910	0x0	0	31.660199
8608	M	2097152	4911	0x0	0	31.660229
8609	M	2097152	4912	0x0	0	31.660247
8610	M	2097152	4913	0x0	0	31.660267
8611	M	2097152	4914	0x0	0	31.660285
8612	M	2097152	4915	0x0	0	31.660302
8613	M	2097152	4916	0x0	0	31.660319
8614	M	2097152	4917	0x0	0	31.660336
8615	M	2097152	4918	0x0	0	31.660352
8616	M	2097152	4919	0x0	0	31.660382
8617	M	2097152	4920	0x0	0	31.660399
8618	M	2097152	4921	0x0	0	31.660417
8619	M	2097152	4922	0x0	0	31.660434
8620	M	2097152	4923	0x0	0	31.660450
8621	M	2097152	4924	0x0	0	31.660481
8622	M	2097152	4925	0x0	0	31.660497
8623	M	2097152	4926	0x0	0	31.660514
8624	M	2097152	4927	0x0	0	31.660532
8625	M	2097152	4928	0x0	0	31.660550
8626	M	2097152	4929	0x0	0	31.660568
8627	M	2097152	4930	0x0	0	31.660586
8628	M	2097152	4931	0x0	0	31.660602
8629	M	2097152	4932	0x0	0	31.660621
8630	M	2097152	4933	0x0	0	31.660637
8631	M	2097152	4934	0x0	0	31.660653
8632	M	2097152	4935	0x0	0	31.660673
8633	M	2097152	4936	0x0	0	31.660690
8634	M	2097152	4937	0x0	0	31.660708
8635	M	2097152	4938	0x0	0	31.660725
8636	M	2097152	4939	0x0	0	31.660742
8637	M	2097152	4940	0x0	0	31.660759
8638	M	2097152	4941	0x0	0	31.660780
8639	M	2097152	4942	0x0	0	31.660796
8640	M	2097152	4943	0x0	0	31.660814
8641	M	2097152	4944	0x0	0	31.660831
8642	M	2097152	4945	0x0	0	31.660848
8643	M	2097152	4946	0x0	0	31.660866
8644	M	2097152	4947	0x0	0	31.660884
8645	M	2097152	4948	0x0	0	31.660899
8646	M	2097152	4949	0x0	0	31.660917
8647	M	2097152	4950	0x0	0	31.660934
8648	M	2097152	4951	0x0	0	31.660951
8649	M	2097152	4952	0x0	0	31.660981
8650	M	2097152	4953	0x0	0	31.660999
8651	M	2097152	4954	0x0	0	31.661016
8652	M	2097152	4955	0x0	0	31.661033
8653	M	2097152	4956	0x0	0	31.661051
8654	M	2097152	4957	0x0	0	31.661067
8655	M	2097152	4958	0x0	0	31.661087
8656	M	2097152	4959	0x0	0	31.661115
8657	M	2097152	4960	0x0	0	31.661133
8658	M	2097152	4961	0x0	0	31.661150
8659	M	2097152	4962	0x0	0	31.661166
8660	M	2097152	4963	0x0	0	31.661184
8661	M	2097152	4964	0x0	0	31.661202
8662	M	2097152	4965	0x0	0	31.661221
8663	M	2097152	4966	0x0	0	31.661237
8664	M	2097152	4967	0x0	0	31.661255
8665	M	2097152	4968	0x0	0	31.661271
8666	M	2097152	4969	0x0	0	31.661289
8667	M	2097152	4970	0x0	0	31.661308
8668	M	2097152	4971	0x0	0	31.661326
8669	M	2097152	4972	0x0	0	31.661344
8670	M	2097152	4973	0x0	0	31.661361
8671	M	2097152	4974	0x0	0	31.661376
8672	M	2097152	4975	0x0	0	31.661398
8673	M	2097152	4976	0x0	0	31.661413
8674	M	2097152	4977	0x0	0	31.661431
8675	M	2097152	4978	0x0	0	31.661446
8676	M	2097152	4979	0x0	0	31.661465
8677	M	2097152	4980	0x0	0	31.661485
8678	M	2097152	4981	0x0	0	31.661502
8679	M	2097152	4982	0x0	0	31.661519
8680	M	2097152	4983	0x0	0	31.661537
8681	M	2097152	4984	0x0	0	31.661554
8682	M	2097152	4985	0x0	0	31.661570
8683	M	2097152	4986	0x0	0	31.661587
8684	M	2097152	4987	0x0	0	31.661605
8685	M	2097152	4988	0x0	0	31.661621
8686	M	2097152	4989	0x0	0	31.661638
8687	M	2097152	4990	0x0	0	31.661654
8688	M	2097152	4991	0x0	0	31.661673
8689	M	2097152	4992	0x0	0	31.661693
8690	M	2097152	4993	0x0	0	31.661709
8691	M	2097152	4994	0x0	0	31.661726
8692	M	2097152	4995	0x0	0	31.661745
8693	M	2097152	4996	0x0	0	31.661762
8694	M	2097152	4997	0x0	0	31.661778
8695	M	2097152	4998	0x0	0	31.661794
8696	M	2097152	4999	0x0	0	31.661812
8697	M	2097152	5000	0x0	0	31.661828
8698	M	2097152	5001	0x0	0	31.661848
8699	M	2097152	5002	0x0	0	31.661864
8700	M	2097152	5003	0x0	0	31.661882
8701	M	2097152	5004	0x0	0	31.661898
8702	M	2097152	5005	0x0	0	31.661915
8703	M	2097152	5006	0x0	0	31.661930
8704	M	2097152	5007	0x0	0	31.661947
8705	M	2097152	5008	0x0	0	31.661964
8706	M	2097152	5009	0x0	0	31.662001
8707	M	2097152	5010	0x0	0	31.662065
8708	M	2097152	5011	0x0	0	31.662125
8709	M	2097152	5012	0x0	0	31.662156
8710	M	2097152	5013	0x0	0	31.662174
8711	M	2097152	5014	0x0	0	31.662192
8712	M	2097152	5015	0x0	0	31.662211
8713	M	2097152	5016	0x0	0	31.662228
8714	M	2097152	5017	0x0	0	31.662244
8715	M	2097152	5018	0x0	0	31.662262
8716	M	2097152	5019	0x0	0	31.662280
8717	M	2097152	5020	0x0	0	31.662297
8718	M	2097152	5021	0x0	0	31.662315
8719	M	2097152	5022	0x0	0	31.662333
8720	M	2097152	5023	0x0	0	31.662352
8721	M	2097152	5024	0x0	0	31.662368
8722	M	2097152	5025	0x0	0	31.662386
8723	M	2097152	5026	0x0	0	31.662407
8724	M	2097152	5027	0x0	0	31.662424
8725	M	2097152	5028	0x0	0	31.662441
8726	M	2097152	5029	0x0	0	31.662457
8727	M	2097152	5030	0x0	0	31.662474
8728	M	2097152	5031	0x0	0	31.662503
8729	M	2097152	5032	0x0	0	31.662524
